# File generated by ImageToStl.com - Free Image and 3D model conversion tools

mtllib broken_car.mtl

o obj1
v -189.91307298 37.730401 -43.09632221
v -191.92982276 37.730401 -43.0949454
v -191.92982276 31.04207894 -43.09494461
v -189.91307298 31.04207894 -43.09632142
v -181.44160495 35.05600717 391.18125007
v -182.44945415 35.93859598 373.73382449
v -184.46274938 35.93870239 373.85425304
v -183.45490019 35.0486569 391.30126087
v -181.66713877 32.9074859 405.0534737
v -183.68042149 32.90002924 405.17379742
v -178.86700973 28.42501721 422.03933858
v -180.80239009 28.39005258 422.60578908
v -181.03296805 21.81460056 421.40842291
v -179.09757516 21.84956518 420.84207253
v -180.92461318 30.6662516 413.94092918
v -182.89894472 30.64504252 414.28426154
v -190.62619744 31.04204596 -322.11294213
v -192.64294722 31.04204596 -322.11159035
v -192.64294722 37.73036802 -322.11159114
v -190.62619744 37.73036802 -322.11294292
v -184.43827973 29.26329422 374.26846211
v -191.64832791 37.73043013 203.33758857
v -191.64832791 31.04210807 203.33748922
v -189.63251686 37.73043013 203.33612414
v -189.6635952 37.72958887 180.80303075
v -191.67940624 37.72958887 180.80439504
v -181.47268328 28.43383128 390.24395373
v -181.7020972 26.29465353 404.05171141
v -183.71527979 26.28730326 404.17193186
v -183.48597852 28.42648102 390.36417418
v -189.63251686 31.04210807 203.33612493
v -182.42499701 29.26319094 374.148032
v -181.05742518 24.0721094 412.84141658
v -183.03176924 24.05090033 413.18474893
v -189.91233451 31.04207898 -42.79119552
v -189.88114353 31.04208084 -27.03481846
v -191.88446316 31.04208084 -27.03346668
v -191.92908429 31.04207898 -42.78994388
v -190.13050867 31.04229822 11.89931151
v -189.66402075 31.04284074 180.76544466
v -191.68077053 31.04284074 180.7666963
v -192.1338283 31.04229822 11.90066328
v -189.6635952 31.04284077 180.94729609
v -191.67940624 31.04284077 180.94854773
v -191.92908429 37.73040104 -42.78994467
v -189.91233451 37.73040104 -42.79119631
v -189.66402075 37.72958884 180.62127945
v -191.68077053 37.72958884 180.62254361
v -192.13372817 37.73019785 11.87810786
v -191.88456329 37.73029964 -27.05604714
v -190.13040853 37.73019785 11.87673105
v -189.88125618 37.73029964 -27.05739891
v -188.40532948 -63.6915244 -42.46705846
v -190.42209177 -63.6915244 -42.46570668
v -190.42209177 -70.37983707 -42.46570589
v -188.40532948 -70.37983707 -42.46705767
v -189.11846646 -70.37984173 -81.85265581
v -191.13521624 -70.37984173 -81.85130403
v -191.13521624 -63.69152906 -81.85130482
v -189.11846646 -63.69152906 -81.8526566
v -189.76795732 -70.37983698 -41.62394992
v -191.7982624 -70.37983698 -41.62542686
v -191.7982624 -63.6915243 -41.62530249
v -189.76795732 -63.6915243 -41.62395071
v -190.485813 -63.69149882 173.92877324
v -192.51621821 -63.69149882 173.92740895
v -192.51621821 -70.3798115 173.92740974
v -190.485813 -70.3798115 173.92877403
v -188.40532948 -47.82554083 -42.46706033
v -190.42209177 -47.82554083 -42.46570856
v -190.42209177 -54.51386602 -42.46570777
v -188.40532948 -54.51386602 -42.46705954
v -189.11846646 -54.51387138 -87.87081485
v -191.13521624 -54.51387138 -87.86946307
v -191.13521624 -47.82554619 -87.86946386
v -189.11846646 -47.82554619 -87.87081564
v -189.76795732 -54.51386592 -41.6239518
v -191.7982624 -54.51386592 -41.62542874
v -191.7982624 -47.82554073 -41.62530436
v -189.76795732 -47.82554073 -41.62395259
v -190.485813 -47.82551493 176.66432807
v -192.51621821 -47.82551493 176.66295126
v -192.51621821 -54.51384012 176.66295205
v -190.485813 -54.51384011 176.66432886
v -188.39188682 -64.50352282 219.74704827
v -188.42054948 -64.50352546 197.40609483
v -190.43678608 -64.50352546 197.40818508
v -190.39573214 -64.50352282 219.74913852
v -188.42054948 -71.19185065 197.40609562
v -188.39188682 -71.19174788 219.7820075
v -190.39573214 -71.19174787 219.78399761
v -190.43678608 -71.19185065 197.40818587
v -190.33010842 -65.4587778 220.7090123
v -190.33000829 -70.23649267 220.73389555
v -188.48092881 -70.23649267 220.73315708
v -188.48102894 -65.4587778 220.70838647
v -188.39168655 -48.74694482 225.45890113
v -188.4208749 -48.74694827 196.28389353
v -190.43719912 -48.74694827 196.28662212
v -190.39541923 -48.74694482 225.46162972
v -188.4208749 -55.43527346 196.28389432
v -188.39168655 -55.43516987 225.50352305
v -190.39530658 -55.43516987 225.50626415
v -190.43719912 -55.43527346 196.28652278
v -190.33010842 -49.7021998 226.42276765
v -190.33000829 -54.47991466 226.45457251
v -188.48092881 -54.47991466 226.4537339
v -188.48102894 -49.7021998 226.4218164
v -188.48155463 -70.23649554 196.42553216
v -188.48155463 -65.45878067 196.4255316
v -190.62315595 -70.23649554 196.42627064
v -190.62315595 -65.45878067 196.42616994
v -188.48155463 -54.47991835 195.30355616
v -188.48155463 -49.70220348 195.30355559
v -190.62315595 -54.47991835 195.30449489
v -190.62315595 -49.70220348 195.30449433
v 219.22615134 31.04207894 -43.09494461
v 219.22615134 37.730401 -43.0949454
v 217.20938905 37.730401 -43.09632221
v 217.20938905 31.04207894 -43.09632142
v 211.51096447 35.93870239 373.85425304
v 209.49768175 35.93859598 373.73382449
v 208.48982004 35.05600717 391.18125007
v 210.50311527 35.0486569 391.30126087
v 208.71535386 32.9074859 405.0534737
v 210.72853645 32.90002924 405.17379742
v 205.91522481 28.42501721 422.03933858
v 206.14580277 21.84956518 420.84207253
v 208.08118313 21.81460056 421.40842291
v 207.85050505 28.39005258 422.60578908
v 209.94715981 30.64504252 414.28426154
v 207.97282827 30.6662516 413.94092918
v 219.93917567 31.04204596 -322.11159035
v 217.92241338 31.04204596 -322.11294213
v 217.92241338 37.73036802 -322.11294292
v 219.93917567 37.73036802 -322.11159114
v 218.69654299 31.04210807 203.33748922
v 218.69654299 37.73043013 203.33758857
v 211.48650734 29.26329422 374.26846211
v 218.72762133 37.72958887 180.80439504
v 216.7118228 37.72958887 180.80303075
v 216.68074447 37.73043013 203.33612414
v 210.7635074 26.28730326 404.17193186
v 208.75021216 26.29465353 404.05171141
v 208.52089837 28.43383128 390.24395373
v 210.53419361 28.42648102 390.36417418
v 209.47311197 29.26319094 374.148032
v 216.68074447 31.04210807 203.33612493
v 210.07987168 24.05090033 413.18474893
v 208.10554014 24.0721094 412.84141658
v 219.18079174 31.04208084 -27.03346668
v 217.17747211 31.04208084 -27.03481846
v 217.20855044 31.04207898 -42.79119552
v 219.22530022 31.04207898 -42.78994388
v 218.72888549 31.04284074 180.7666963
v 216.71213571 31.04284074 180.76544466
v 217.17862362 31.04229816 11.36551015
v 219.18194325 31.04229816 11.36698709
v 216.7118228 31.04284077 180.94729609
v 218.72762133 31.04284077 180.94854773
v 217.20855044 37.73040104 -42.79119631
v 219.22530022 37.73040104 -42.78994467
v 218.72888549 37.72958884 180.62254361
v 216.71213571 37.72958884 180.62127945
v 219.18194325 37.73019779 11.34440664
v 219.18079174 37.73029964 -27.05604714
v 217.17862362 37.73019779 11.34302983
v 217.17747211 37.73029964 -27.05739891
v 217.55220196 -70.37983707 -42.46570589
v 217.55220196 -63.6915244 -42.46570668
v 215.53555232 -63.6915244 -42.46705846
v 215.53555232 -70.37983707 -42.46705767
v 218.26532643 -70.37984173 -81.85130403
v 216.24857665 -70.37984173 -81.85265581
v 216.24857665 -63.69152906 -81.8526566
v 218.26532643 -63.69152906 -81.85130482
v 218.92994966 -63.6915243 -41.62530249
v 218.92994966 -70.37983698 -41.62542686
v 216.89965709 -70.37983698 -41.62394992
v 216.89965709 -63.6915243 -41.62395071
v 219.64780534 -63.69149882 173.92740895
v 217.61751277 -63.69149882 173.92877324
v 217.61751277 -70.3798115 173.92877403
v 219.64780534 -70.3798115 173.92740974
v 217.55220196 -54.51386602 -42.46570777
v 217.55220196 -47.82554083 -42.46570856
v 215.53555232 -47.82554083 -42.46706033
v 215.53555232 -54.51386602 -42.46705954
v 218.26532643 -54.51387138 -87.86946307
v 216.24857665 -54.51387138 -87.87081485
v 216.24857665 -47.82554619 -87.87081564
v 218.26532643 -47.82554619 -87.86946386
v 218.92994966 -47.82554073 -41.62530436
v 218.92994966 -54.51386592 -41.62542874
v 216.89965709 -54.51386592 -41.6239518
v 216.89965709 -47.82554073 -41.62395259
v 219.64780534 -47.82551493 176.66295126
v 217.61751277 -47.82551493 176.66432807
v 217.61751277 -54.51384011 176.66432886
v 219.64780534 -54.51384012 176.66295205
v 217.56700892 -64.50352546 197.40818508
v 215.55077231 -64.50352546 197.40609483
v 215.52210966 -64.50352282 219.74704827
v 217.52595498 -64.50352282 219.74913852
v 217.52584233 -71.19174787 219.78399761
v 215.52200952 -71.19174788 219.7820075
v 215.55077231 -71.19185065 197.40609562
v 217.56700892 -71.19185065 197.40818587
v 215.48851552 -70.23649267 220.73315708
v 217.32781965 -70.23649267 220.73389555
v 217.32803243 -65.4587778 220.7090123
v 215.48861565 -65.4587778 220.70838647
v 217.56732183 -48.74694827 196.28662212
v 215.55098509 -48.74694827 196.28389353
v 215.52179674 -48.74694482 225.45890113
v 217.52552942 -48.74694482 225.46162972
v 217.52552942 -55.43516987 225.50626415
v 215.52179674 -55.43516987 225.50352305
v 215.55098509 -55.43527346 196.28389432
v 217.56732183 -55.43527346 196.28652278
v 215.48851552 -54.47991466 226.4537339
v 217.32781965 -54.47991466 226.45457251
v 217.32803243 -49.7021998 226.42276765
v 215.48861565 -49.7021998 226.4218164
v 215.57650613 -65.45878067 196.4517911
v 215.57650613 -70.23649554 196.45179167
v 217.45917974 -70.23649554 196.45251762
v 217.45917974 -65.45878067 196.45251706
v 215.57650613 -49.70220348 195.32990271
v 215.57650613 -54.47991834 195.32980314
v 217.45917974 -54.47991834 195.33074188
v 217.45917974 -49.70220347 195.33074131
v 201.57135497 -61.44885241 490.16634773
v 211.72537118 -61.44885419 475.13066758
v 213.64867318 -61.44885405 476.34158358
v 203.495821 -61.44885227 491.37798969
v 212.5587161 -53.22382449 457.83369663
v 214.47614788 -53.22382435 459.04083267
v 214.4759351 -61.58283212 459.04072726
v 212.5587161 -61.58283227 457.83369762
v 149.83563019 -61.47415773 515.0343339
v 180.48237147 -61.44885087 503.24942489
v 182.40189351 -61.44885073 504.45781257
v 151.66801273 -61.47415757 516.36578327
v 213.64888595 -53.22403508 476.34168274
v 203.49592113 -53.22403331 491.37798871
v 201.57135497 -53.22403345 490.16634676
v 180.48237147 -53.2240319 503.24942391
v 182.40200615 -53.22403176 504.45791173
v 211.72537118 -53.22403523 475.1306666
v 149.83563019 -53.19872226 515.03433292
v 151.66812537 -53.1987221 516.36588243
v -191.77957535 -46.17725142 476.34158178
v -189.85626084 -46.17725157 475.13066577
v -179.70224463 -46.17724979 490.16634592
v -181.62671065 -46.17724964 491.37798788
v -192.60703754 -37.95222242 453.1701049
v -190.68961827 -37.95222256 451.96286873
v -190.68961827 -46.31123033 451.96286972
v -192.60683728 -46.31123019 453.17000576
v -160.53279568 -46.1772481 504.45781076
v -158.61326113 -46.17724824 503.24942308
v -127.96653236 -46.2025551 515.0343321
v -129.7989149 -46.20255494 516.36578147
v -191.77967548 -37.95231981 476.34168094
v -181.6268233 -37.95231803 491.37798691
v -160.53289581 -37.95231649 504.45790992
v -158.61326113 -37.95231663 503.24942211
v -179.70224463 -37.95231818 490.16634495
v -189.85626084 -37.95231995 475.1306648
v -127.96653236 -37.92711963 515.03433112
v -129.7989149 -37.92711947 516.36588062
v -191.77957535 -61.44885405 476.34158358
v -189.85626084 -61.44885419 475.13066758
v -179.70224463 -61.44885241 490.16634773
v -181.62671065 -61.44885227 491.37798969
v -192.60703754 -53.22382435 459.04083267
v -190.68961827 -53.22382449 457.83369663
v -190.68961827 -61.58283227 457.83369762
v -192.60683728 -61.58283212 459.04072726
v -160.53279568 -61.44885073 504.45781257
v -158.61326113 -61.44885087 503.24942489
v -127.96653236 -61.47415773 515.0343339
v -129.7989149 -61.47415757 516.36578327
v -191.77967548 -53.22403508 476.34168274
v -181.6268233 -53.22403331 491.37798871
v -160.53289581 -53.22403176 504.45791173
v -158.61326113 -53.2240319 503.24942391
v -179.70224463 -53.22403345 490.16634676
v -189.85626084 -53.22403523 475.1306666
v -127.96653236 -53.19872226 515.03433292
v -129.7989149 -53.1987221 516.36588243
v 201.57135497 -46.17724979 490.16634592
v 211.72537118 -46.17725157 475.13066577
v 213.64867318 -46.17725142 476.34158178
v 203.495821 -46.17724964 491.37798788
v 212.5587161 -37.95222256 451.96286873
v 214.47614788 -37.95222242 453.1701049
v 214.4759351 -46.31123019 453.17000576
v 212.5587161 -46.31123033 451.96286972
v 149.83563019 -46.2025551 515.0343321
v 180.48237147 -46.17724824 503.24942308
v 182.40189351 -46.1772481 504.45781076
v 151.66801273 -46.20255494 516.36578147
v 213.64888595 -37.95231981 476.34168094
v 203.49592113 -37.95231803 491.37798691
v 201.57135497 -37.95231818 490.16634495
v 180.48237147 -37.95231663 503.24942211
v 182.40200615 -37.95231649 504.45790992
v 211.72537118 -37.95231995 475.1306648
v 149.83563019 -37.92711963 515.03433112
v 151.66812537 -37.92711947 516.36588062
v -73.40286073 -45.68934308 516.86157032
v -31.28998551 -45.68934308 516.86157032
v -31.28998551 -45.68934274 519.7423303
v -73.40286073 -45.68934274 519.7423303
v -27.45156101 -34.98735691 516.86166918
v -31.28998551 -33.67595888 516.8615689
v -31.28998551 -33.67595854 519.74232888
v -27.45156101 -34.98735657 519.74232904
v -77.2411851 -44.37783241 516.86167029
v -77.2411851 -44.37783207 519.74233015
v -77.2411851 -34.98735691 516.86166918
v -77.2411851 -34.98735657 519.74232904
v -27.45156101 -44.37783241 516.86167029
v -27.45156101 -44.37783207 519.74233015
v -73.40286073 -33.67595854 519.74232888
v -73.40286073 -33.67595888 516.8615689
v -73.40286073 -60.73897907 516.8615721
v -31.28998551 -60.73897907 516.8615721
v -31.28998551 -60.73897873 519.74233208
v -73.40286073 -60.73897873 519.74233208
v -27.45156101 -50.03709303 516.86167096
v -31.28998551 -48.72559487 516.86157068
v -31.28998551 -48.72559453 519.74233066
v -27.45156101 -50.03709269 519.74233082
v -77.2411851 -59.42758105 516.86167207
v -77.2411851 -59.42758071 519.74233193
v -77.2411851 -50.03709303 516.86167096
v -77.2411851 -50.03709269 519.74233082
v -27.45156101 -59.42758105 516.86167207
v -27.45156101 -59.42758071 519.74233193
v -73.40286073 -48.72559453 519.74233066
v -73.40286073 -48.72559487 516.86157068
v 55.99932446 -45.68934308 516.86157032
v 98.11220281 -45.68934308 516.86157032
v 98.11220281 -45.68934274 519.7423303
v 55.99932446 -45.68934274 519.7423303
v 101.95052092 -34.98735691 516.86166918
v 98.11220281 -33.67595888 516.8615689
v 98.11220281 -33.67595854 519.74232888
v 101.95052092 -34.98735657 519.74232904
v 52.16089684 -44.37783241 516.86167029
v 52.16089684 -44.37783207 519.74233015
v 52.16089684 -34.98735691 516.86166918
v 52.16089684 -34.98735657 519.74232904
v 101.95052092 -44.37783241 516.86167029
v 101.95052092 -44.37783207 519.74233015
v 55.99932446 -33.67595854 519.74232888
v 55.99932446 -33.67595888 516.8615689
v 55.99932446 -60.73897907 516.8615721
v 98.11220281 -60.73897907 516.8615721
v 98.11220281 -60.73897873 519.74233208
v 55.99932446 -60.73897873 519.74233208
v 101.95052092 -50.03709303 516.86167096
v 98.11220281 -48.72559487 516.86157068
v 98.11220281 -48.72559453 519.74233066
v 101.95052092 -50.03709269 519.74233082
v 52.16089684 -59.42758105 516.86167207
v 52.16089684 -59.42758071 519.74233193
v 52.16089684 -50.03709303 516.86167096
v 52.16089684 -50.03709269 519.74233082
v 101.95052092 -59.42758105 516.86167207
v 101.95052092 -59.42758071 519.74233193
v 55.99932446 -48.72559453 519.74233066
v 55.99932446 -48.72559487 516.86157068
v -146.43871518 -51.01229149 -369.76338964
v -146.36983718 -26.02461681 -369.76339259
v -134.3733627 -15.13437078 -369.76339388
v -134.3733627 -51.04611092 -369.76338964
v 13.43895817 -48.2767473 -369.76338996
v -34.207184 -48.2767473 -369.76338996
v -34.207184 -15.13437078 -369.76339388
v 13.43895817 -15.13437078 -369.76339388
v -42.98197869 -51.22196698 -369.76338961
v -42.98197869 -15.13437078 -369.76339388
v -133.56510073 -15.13437046 -367.09348593
v -132.75695142 -15.13437078 -369.76339388
v -132.75695142 -51.04611092 -369.76338964
v -133.56510073 -51.04611061 -367.09348168
v -146.36983718 17.77931777 -369.76339777
v -146.36983718 -26.02461681 -369.76339259
v -152.46273004 -21.12384058 -372.5307792
v -152.46273004 15.80193814 -372.53078356
v -183.32071138 -26.02461544 -358.21546995
v -184.19364581 -21.12383932 -361.84063358
v -170.04853577 -21.12384058 -372.5307792
v -168.04071022 -26.02461681 -369.76339259
v -152.46273004 26.46328968 -372.53078482
v -146.36983718 29.59541463 -369.76339917
v -183.32071138 40.22180284 -358.21547778
v -184.19364581 35.03082269 -361.84064022
v -187.31096661 30.46183872 -358.45393994
v -188.49909017 32.68196891 -352.58958512
v -184.19364581 14.67018991 -361.84063781
v -170.04853577 15.79710679 -372.53078356
v -187.31096661 21.25152493 -358.45393885
v -188.49909017 22.03038021 -352.53165775
v -187.31096661 -21.12383892 -358.45393385
v -187.31096661 11.7578263 -358.45393773
v -188.49909017 -26.20415689 -352.2648515
v -146.36983718 42.10668425 -369.76340065
v -152.46273004 36.80640121 -372.53078605
v -170.04853577 36.79884128 -372.53078605
v -168.04071022 42.10668425 -369.76340065
v -188.49909017 11.05099832 -352.47177778
v -170.04853577 26.45709717 -372.53078482
v -184.19364581 25.00479965 -361.84063903
v 194.91862655 42.10668425 -369.76340065
v 210.19862771 40.22180284 -358.21547778
v 211.07156215 35.03082269 -361.84064022
v 196.92656475 36.79884128 -372.53078605
v 161.25127903 -15.13437078 -369.76339388
v 173.24775352 -26.02461681 -369.76339259
v 173.31663152 -51.01229149 -369.76338964
v 161.25127903 -51.04611092 -369.76338964
v 61.08510034 -15.13437078 -369.76339388
v 61.08510034 -48.2767473 -369.76338996
v 69.85989503 -15.13437078 -369.76339388
v 69.85989503 -51.22196698 -369.76338961
v 159.63486776 -51.04611092 -369.76338964
v 159.63486776 -15.13437078 -369.76339388
v 160.44312972 -15.13437046 -367.09348593
v 160.44312972 -51.04611061 -367.09348168
v 173.24775352 17.77931777 -369.76339777
v 179.34064638 15.80193814 -372.53078356
v 179.34064638 -21.12384058 -372.5307792
v 173.24775352 -26.02461681 -369.76339259
v 194.91862655 -26.02461681 -369.76339259
v 196.92656475 -21.12384058 -372.5307792
v 211.07156215 -21.12383932 -361.84063358
v 210.19862771 -26.02461544 -358.21546995
v 173.24775352 29.59541463 -369.76339917
v 179.34064638 26.46328968 -372.53078482
v 214.18888295 30.46183872 -358.45393994
v 215.37700651 32.68196891 -352.58958512
v 196.92656475 15.79710679 -372.53078356
v 211.07156215 14.67018991 -361.84063781
v 215.37700651 22.03038021 -352.53165775
v 214.18888295 21.25152493 -358.45393885
v 214.18888295 11.7578263 -358.45393773
v 214.18888295 -21.12383892 -358.45393385
v 215.37700651 -26.20415689 -352.2648515
v 179.34064638 36.80640121 -372.53078605
v 173.24775352 42.10668425 -369.76340065
v 215.37700651 11.05099832 -352.47177778
v 196.92656475 26.45709717 -372.53078482
v 211.07156215 25.00479965 -361.84063903
v -92.90788183 2.44251143 483.4199512
v -103.07964636 2.44502685 480.16362276
v -100.52856954 -1.26834607 478.18791484
v -89.94197247 -1.26834568 481.53895522
v -189.27805114 -112.29039017 -42.10682942
v -189.29096811 -37.13184049 -42.10683831
v -189.64270525 -37.26436181 -124.30038114
v -189.62978828 -112.42290732 -88.99858978
v -189.06679857 -112.29036374 181.53875262
v -118.271344 -112.29036375 181.47145169
v -119.28035723 -112.35387893 230.33176102
v -190.07591193 -112.35387892 230.39906194
v -118.83423357 -112.42290733 -89.06607845
v -118.48249643 -112.29039018 -42.17411783
v -118.4954134 -37.1318405 -42.17412672
v -118.84713803 -37.26436182 -124.36766955
v -189.06679857 -37.13181406 181.53874373
v -190.07591193 -37.19543812 262.2844155
v -119.28035723 -37.19543813 262.21711458
v -118.271344 -37.13181407 181.47144281
v -190.07591193 -37.19543812 262.2844155
v -190.07591193 -112.35387892 230.39906194
v -119.28035723 -112.35387893 230.33176102
v -119.28035723 -37.19543813 262.21711458
v -189.62978828 -112.42290732 -88.99858978
v -189.64270525 -37.26436181 -124.30038114
v -118.84713803 -37.26436182 -124.36766955
v -118.83423357 -112.42290733 -89.06607845
v 216.52062158 -37.26436181 -124.30038114
v 216.16888444 -37.13184049 -42.10683831
v 216.15596747 -112.29039017 -42.10682942
v 216.50770461 -112.42290732 -88.99858978
v 146.15827356 -112.35387893 230.33176102
v 145.14926034 -112.29036375 181.47145169
v 215.94482756 -112.29036374 181.53875262
v 216.95382827 -112.35387892 230.39906194
v 145.71214991 -112.42290733 -89.06607845
v 145.36041277 -112.29039018 -42.17411783
v 145.37342987 -37.1318405 -42.17412672
v 145.72505436 -37.26436182 -124.36766955
v 146.15827356 -37.19543813 262.21711458
v 216.95382827 -37.19543812 262.2844155
v 215.94482756 -37.13181406 181.53874373
v 145.14926034 -37.13181407 181.47144281
v 146.15827356 -112.35387893 230.33176102
v 216.95382827 -112.35387892 230.39906194
v 216.95382827 -37.19543812 262.2844155
v 146.15827356 -37.19543813 262.21711458
v 145.72505436 -37.26436182 -124.36766955
v 216.52062158 -37.26436181 -124.30038114
v 216.50770461 -112.42290732 -88.99858978
v 145.71214991 -112.42290733 -89.06607845
v -190.43867606 -92.32861195 175.96191043
v -190.43867606 -37.13181472 175.96190391
v -190.48203303 -37.13182073 125.1144462
v -190.48203303 -92.32861796 125.11445273
v -190.48203303 -112.29027028 125.11445509
v -190.48203303 -95.81153161 125.11445314
v -190.65959132 -95.81155138 -42.10683137
v -190.65959132 -112.29039017 -42.10682942
v -190.43867606 -112.2903644 175.96191279
v -190.43867606 -95.8115256 175.96191084
v -187.23641867 -93.04426441 178.75037424
v -190.43626039 -94.78571497 178.75037444
v -190.43394485 -90.56846116 181.53875005
v -187.23400299 -88.82701059 181.53874984
v -190.43626039 -91.30280133 178.75037403
v -190.43394485 -87.08554751 181.53874964
v -187.45973708 -94.07008829 -42.10683158
v -187.28219131 -94.07006853 125.11445293
v -190.65959132 -92.32863773 -42.10683178
v -190.65959132 -37.13184049 -42.10683831
v -187.23883434 -94.07006252 175.96191064
v -190.43626039 -112.29036407 178.75037651
v -190.43626039 -37.13181439 178.75036763
v -190.43394485 -37.13181406 181.53874373
v -190.43394485 -112.29036374 181.53875262
v 217.3597491 -37.13182073 125.1144462
v 217.31637962 -37.13181472 175.96190391
v 217.31637962 -92.32861195 175.96191043
v 217.3597491 -92.32861796 125.11445273
v 217.53729488 -95.81155138 -42.10683137
v 217.3597491 -95.81153161 125.11445314
v 217.3597491 -112.29027028 125.11445509
v 217.53729488 -112.29039017 -42.10682942
v 217.31637962 -95.8115256 175.96191084
v 217.31637962 -112.2903644 175.96191279
v 217.31166092 -90.56846116 181.53875005
v 217.31407659 -94.78571497 178.75037444
v 214.11412222 -93.04426441 178.75037424
v 214.11180668 -88.82701059 181.53874984
v 217.31407659 -91.30280133 178.75037403
v 217.31166092 -87.08554751 181.53874964
v 214.33745315 -94.07008829 -42.10683158
v 214.15989486 -94.07006853 125.11445293
v 217.53729488 -92.32863773 -42.10683178
v 217.53729488 -37.13184049 -42.10683831
v 214.1165379 -94.07006252 175.96191064
v 217.31407659 -112.29036407 178.75037651
v 217.31407659 -37.13181439 178.75036763
v 217.31166092 -37.13181406 181.53874373
v 217.31166092 -112.29036374 181.53875262
v -76.95065963 -9.38743396 -329.42874948
v -76.95065963 -9.38743179 -311.12149586
v 102.63456968 -9.38743179 -311.12149586
v 102.63456968 -9.38743396 -329.42874948
v 102.63456968 -116.58064642 -311.88073075
v -76.95065963 -116.58064642 -311.88073075
v -76.95065963 -102.34230345 -329.42873849
v 102.63456968 -102.34230345 -329.42873849
v 102.63456968 -9.38743396 -329.42874948
v 102.63456968 -9.38743179 -311.12149586
v 102.63456968 -116.58064642 -311.88073075
v 102.63456968 -102.34230345 -329.42873849
v -90.95748799 -116.58062343 -117.38979206
v -90.95748799 -9.38740772 -107.42531253
v -125.51782754 -9.38740772 -107.42531253
v -125.51782754 -116.58062343 -117.38979206
v -76.95065963 -9.38743396 -329.42874948
v -76.95065963 -102.34230345 -329.42873849
v -90.95748799 -29.29954207 446.5667278
v -90.95748799 -9.38734007 464.89516316
v -125.51782754 -9.38734007 464.89516316
v -125.51782754 -29.29954207 446.5667278
v -90.95748799 -9.38742876 -285.44601123
v -85.1193173 -9.38742997 -295.66373614
v -85.1193173 -116.58064468 -297.18226867
v -90.95748799 -116.58064351 -287.27004515
v 113.24899081 -116.58062343 -117.38979206
v 114.55744747 -116.58064351 -287.27004515
v 149.11673564 -116.61172181 -287.01020374
v 147.80837911 -116.61170173 -117.12980046
v -90.95748799 -116.58064351 -287.27004515
v -82.46817776 -131.20075165 -278.78083958
v -82.46817776 -131.20073357 -125.87899417
v -90.95748799 -116.58062343 -117.38979206
v -90.95748799 -9.38742876 -285.44601123
v -90.95748799 -9.38740772 -107.42531253
v 113.24899081 -9.38740772 -107.42531253
v 114.55744747 -9.38742876 -285.44601123
v -76.95065963 -9.38743179 -311.12149586
v -76.95065963 -116.58064642 -311.88073075
v 111.18309521 -9.3874299 -295.09383736
v 114.55744747 -9.38742876 -285.44601123
v 114.55744747 -116.58064351 -287.27004515
v 111.18309521 -116.58064462 -296.61236988
v -85.1193173 -116.58064468 -297.18226867
v 111.18309521 -116.58064462 -296.61236988
v -85.1193173 -9.38742997 -295.66373614
v 111.18309521 -9.3874299 -295.09383736
v -90.95748799 -9.38736279 272.65555746
v 110.4554767 -9.38736279 272.65555746
v 110.4554767 -116.58058056 245.31094243
v -90.95748799 -116.58058056 245.31094243
v 113.24899081 -9.38740772 -107.42531253
v 110.4554767 -9.38736279 272.65555746
v 110.4554767 -116.58058056 245.31094243
v 113.24899081 -116.58062343 -117.38979206
v -125.51782754 -116.58062343 -117.38979206
v -125.51782754 -116.58064351 -287.27004515
v -90.95748799 -9.38734007 464.89516316
v -90.95748799 -9.38734688 407.24168813
v -125.51782754 -9.38734688 407.24168813
v -125.51782754 -9.38734007 464.89516316
v -125.51782754 -9.38742876 -285.44601123
v -125.51782754 -9.38740772 -107.42531253
v -125.51782754 -9.38734688 407.24168813
v -125.51782754 -29.29954207 446.5667278
v -125.51782754 -9.38734007 464.89516316
v -125.51782754 -9.38742876 -285.44601123
v -125.51782754 -116.58064351 -287.27004515
v 149.11673564 -116.61172181 -287.01020374
v 149.11673564 -9.41850706 -285.18611976
v 147.80837911 -9.41848602 -107.16532093
v 147.80837911 -116.61170173 -117.12980046
v 147.80837911 -9.41848602 -107.16532093
v 149.11673564 -9.41850706 -285.18611976
v 110.33326613 -102.96685348 268.26958709
v 110.33326613 -9.38736082 289.28412423
v 144.89223513 -9.55661442 289.54398442
v 144.89223513 -103.13611334 268.52955994
v 109.04255153 -9.38734007 464.89516316
v 109.04255153 -29.29954207 446.5667278
v -90.95748799 -9.38736082 289.28401784
v -90.95748799 -9.38735598 330.24908184
v 109.91979162 -9.38735598 330.24908184
v 110.33326613 -9.38736082 289.28412423
v -90.95748799 -9.38736082 289.28401784
v -90.95748799 -9.38736279 272.65555746
v -90.95748799 -116.58058056 245.31094243
v -90.95748799 -102.96685348 268.26958709
v -125.51782754 -102.96685348 268.26958709
v -125.51782754 -9.38736082 289.28401784
v 109.2747003 -105.24177708 398.6298595
v 109.47555169 -108.32833575 370.73915844
v 144.0345207 -108.49706995 370.75270282
v 143.83356917 -105.41113707 398.88982921
v 149.11673564 -9.41850706 -285.18611976
v 149.11673564 -116.61172181 -287.01020374
v 143.60152679 -29.4688958 446.82669439
v 143.60152679 -9.55659367 465.15514226
v 144.47876688 -9.55660961 330.24908186
v 144.89223513 -9.55661442 289.54398442
v 144.47876688 -9.55660961 330.24908186
v 144.38742187 -108.98813255 329.27221323
v 109.8284466 -107.02440232 330.24909338
v -90.95748799 -107.02440232 330.24909338
v -90.95748799 -102.96685348 268.26958709
v 110.33326613 -102.96685348 268.26958709
v -90.95748799 -98.12287053 425.15057883
v 109.11059092 -98.12287053 425.15057883
v -90.95748799 -105.24177708 398.6298595
v 143.66945354 -98.29223051 425.41055167
v -125.51782754 -105.24177708 398.6298595
v -125.51782754 -98.12287053 425.15057883
v -125.51782754 -108.81941087 329.25867041
v -125.51782754 -102.96685348 268.26958709
v 109.46631455 -9.38734688 407.24168813
v 109.04255153 -9.38734007 464.89516316
v 143.60152679 -9.55659367 465.15514226
v 144.02528356 -9.55660048 407.50165785
v -90.95748799 -9.38735109 371.63538837
v -125.51782754 -9.38735109 371.63538837
v -125.51782754 -98.12287053 425.15057883
v -125.51782754 -105.24177708 398.6298595
v -125.51782754 -9.38735109 371.63538837
v -125.51782754 -108.32833575 370.73915844
v 144.02528356 -9.55660048 407.50165785
v 143.66945354 -98.29223051 425.41055167
v 143.83356917 -105.41113707 398.88982921
v 143.60152679 -29.4688958 446.82669439
v 143.60152679 -9.55659367 465.15514226
v 106.00251352 -131.20075165 -278.78083958
v -19.56670748 -131.20073613 -147.50155372
v -19.56670748 -131.20074909 -257.15828003
v 104.82487874 -131.20073357 -125.87899417
v -125.51782754 -9.38735598 330.24908184
v -125.51782754 -108.81941087 329.25867041
v -125.51782754 -9.38736082 289.28401784
v -125.51782754 -9.38735598 330.24908184
v -90.95748799 -108.32833575 370.73915844
v -125.51782754 -108.32833575 370.73915844
v 109.48563369 -130.12709047 360.88280778
v -90.9922399 -130.12709047 360.88280778
v -90.9922399 -129.71477625 339.61994891
v 109.74886079 -129.71477625 339.61994891
v 144.18981223 -9.55660472 371.63538839
v 144.0345207 -108.49706995 370.75270282
v 109.63084323 -9.38735109 371.63538837
v 144.18981223 -9.55660472 371.63538839
v 144.89223513 -103.13611334 268.52955994
v 144.38742187 -108.98813255 329.27221323
v -125.5525732 -129.71477625 339.61994891
v -125.5525732 -130.12709047 360.88280778
v 144.04460895 -130.29582467 360.89635216
v 144.30782979 -129.88361058 339.63359811
v 184.44237446 -109.04713502 329.70574222
v 184.08948581 -108.55607242 371.1863335
v 184.09957406 -130.35482714 361.3298788
v 184.3627949 -129.94251291 340.06712397
v -155.84421042 -130.06189231 360.88322785
v -125.5525732 -130.12709047 360.88280778
v -155.80946477 -108.26302494 370.73957773
v 144.04460895 -130.29582467 360.89635216
v 184.09957406 -130.35482714 361.3298788
v 42.31767022 -143.16172649 -147.50155231
v 42.31767022 -131.20073613 -147.50155372
v -19.56670748 -143.16172649 -147.50155231
v 42.7067846 -131.20074909 -257.15828003
v -19.56670748 -143.16173946 -257.15827861
v 42.7067846 -143.16173946 -257.15827861
v 36.93433777 -78.06660155 -380.94572875
v -10.16624698 -78.06660155 -380.94572875
v -10.16624698 -59.72619187 -380.95339098
v -9.69933194 -58.59906095 -380.95394184
v 36.46742273 -58.59906095 -380.95394184
v 36.93433777 -59.72619187 -380.95339098
v 34.32992368 -123.74235211 39.3582827
v 28.55695272 -122.72390149 39.35828258
v 28.55695272 -116.5806049 39.35828186
v 34.32992368 -115.56215428 39.35828174
v -6.26524182 -122.72390149 39.35838272
v -6.26534664 -122.72392002 -117.38979133
v 28.5568479 -122.72392002 -117.38979133
v 28.5568479 -116.58062343 -117.38979206
v -6.26534664 -116.58062343 -117.38979206
v -6.26524182 -116.5806049 39.35838199
v -6.26534664 -122.72392002 -117.38979133
v -6.26524182 -122.72390149 39.35838272
v -12.03810795 -115.56214851 88.12232708
v -12.03810795 -115.56215428 39.35838187
v -12.03810795 -123.74235211 39.35838284
v -12.03810795 -123.74234635 88.12232804
v -12.03810795 -123.74235211 39.35838284
v 25.3356891 -122.15564911 88.12232786
v 34.32992368 -123.74234635 88.12232804
v 34.32992368 -115.56214851 88.12232708
v 25.3356891 -117.14894588 88.12232726
v -12.03810795 -123.74234635 88.12232804
v -3.04387337 -122.15564911 88.12232786
v -6.4258857 -122.75222766 132.93272863
v -6.4258857 -116.55224409 132.9327279
v -3.04387337 -117.14894588 88.12232726
v -3.04387337 -122.15564911 88.12232786
v 28.71780625 -122.75222766 132.93272863
v -6.4258857 -122.75222766 132.93272863
v 25.33579393 -122.15561876 344.90059399
v 25.33579393 -122.155636 199.08015116
v 25.33579393 -117.14893277 199.08015057
v 25.33579393 -117.14891553 344.9005934
v -3.04387337 -117.14893277 199.08015057
v -3.04376855 -117.14891553 344.90069822
v -6.4258857 -116.55223979 169.32419209
v -6.4258857 -116.55223646 197.49250201
v 28.71780625 -116.55223646 197.49250201
v 28.71780625 -116.55223979 169.32419209
v 28.71780625 -116.55224409 132.9327279
v -3.04387337 -122.155636 199.08015116
v -3.04376855 -122.15561876 344.90069881
v 28.71780625 -122.75222003 197.49250274
v -3.04387337 -122.155636 199.08015116
v -6.4258857 -122.75222003 197.49250274
v -3.04376855 -122.15561876 344.90069881
v -11.59880576 -115.63961572 169.23578833
v -11.59880576 -115.63961639 163.56361074
v -11.59880576 -123.66484812 163.56361169
v -11.59880576 -123.66484745 169.23578928
v 28.71780625 -116.55224303 141.9552074
v 28.71780625 -122.75222659 141.95520813
v -6.4258857 -116.55224234 147.80430494
v -6.4258857 -116.55224048 163.4752072
v 28.71780625 -116.55224048 163.4752072
v 28.71780625 -116.55224234 147.80430494
v -6.4258857 -122.75222003 197.49250274
v 28.71780625 -122.75222336 169.32419283
v -6.4258857 -116.55224303 141.9552074
v 28.71780625 -122.75222405 163.47520793
v 28.71780625 -122.7522259 147.80430567
v -6.4258857 -122.75222659 141.95520813
v -6.4258857 -122.75222336 169.32419283
v -6.4258857 -122.75222405 163.47520793
v -6.4258857 -122.7522259 147.80430567
v -6.4258857 -122.75222336 169.32419283
v -6.4258857 -122.7522259 147.80430567
v -6.4258857 -122.75222405 163.47520793
v 33.89072631 -123.66484999 147.715802
v -11.59880576 -123.66484999 147.71590213
v 33.89072631 -115.63961639 163.56361074
v -11.59880576 -115.63961894 142.04372359
v -6.4258857 -122.75222659 141.95520813
v -11.59880576 -123.66485067 142.04372454
v 33.89072631 -115.63961826 147.71580105
v -11.59880576 -123.66485067 142.04372454
v 33.89072631 -123.66485067 142.04362441
v 33.89072631 -123.66484745 169.23578928
v -11.59880576 -123.66484745 169.23578928
v 33.89072631 -115.63961894 142.04362346
v -11.59880576 -115.63961826 147.71580105
v -11.59880576 -123.66484999 147.71590213
v -11.59880576 -123.66484812 163.56361169
v 33.89072631 -123.66484812 163.56361169
v 33.89072631 -115.63961572 169.23578833
v 184.3627949 -129.94251291 340.06712397
v 144.30782979 -129.88361058 339.63359811
v -168.00836772 35.74572978 450.66595604
v -160.22756965 36.08885632 456.67674098
v -157.44686612 38.15894773 453.88680007
v -165.16981319 37.79923378 447.89701147
v -131.63959584 35.75707161 466.98982247
v -128.66527543 37.85026213 464.31306777
v 127.40648587 -1.26834607 478.18791484
v 129.95756269 2.44502685 480.16362276
v 119.78591082 2.44251143 483.4199512
v 116.8198888 -1.26834568 481.53895522
v -175.67482807 9.17723719 448.33557858
v -177.27916098 22.82927998 442.59568541
v -175.07614146 22.41087356 438.9176905
v -172.89266012 5.19601236 446.53050113
v -133.96535162 2.12468622 471.72459739
v -131.39348498 -1.60296796 469.8673326
v -88.96509521 17.1775841 483.26360654
v -89.41573731 24.40411324 482.75386094
v -94.33456883 25.91279546 482.61410214
v -93.80497301 17.20099617 483.77903375
v -172.89266012 36.91065308 441.90732933
v -173.67686547 31.7732214 438.28656016
v -176.18322104 31.6032329 442.23344593
v -175.67482807 34.85736185 444.59206951
v -101.83765202 18.7146158 480.83202404
v -101.11591624 28.16788932 479.86490224
v -132.09894938 29.11484175 470.25770437
v -132.78173398 19.24022405 471.64784452
v -160.21045967 3.50222632 462.64122522
v -168.63887113 5.14939599 456.06546023
v -165.92200148 1.29469365 454.33912373
v -157.42671465 -0.28192081 460.92286794
v -168.31988952 20.63141253 455.66605237
v -168.13152954 29.76812317 454.05363902
v -175.67482807 30.02347041 447.62948589
v -175.67482807 22.08559735 448.78663845
v -86.6335631 23.71733876 480.46852085
v -87.06341538 30.61271092 479.98218104
v -89.65774903 28.28558802 482.48002569
v -160.22421524 29.66543898 460.18517016
v -160.21917111 20.04406656 461.94626016
v -100.64206866 34.37490991 476.89720229
v -97.6451811 36.50117515 474.32407124
v -86.18292101 16.49070635 480.97827896
v -94.65480208 31.1817867 479.5766857
v -92.0576272 33.53851723 476.88439806
v -88.23611241 5.48569741 484.0882414
v -85.26316255 1.73966906 482.01868518
v 184.32478246 38.15894773 453.88680007
v 187.10548598 36.08885632 456.67674098
v 194.88628406 35.74572978 450.66595604
v 192.04772952 37.79923378 447.89701147
v 155.54319176 37.85026213 464.31306777
v 158.51761231 35.75707161 466.98982247
v 201.9540578 22.41087356 438.9176905
v 204.15718996 22.82927998 442.59568541
v 202.5527444 9.17723719 448.33557858
v 199.77057645 5.19601236 446.53050113
v 158.27140132 -1.60296796 469.8673326
v 160.84326795 2.12468622 471.72459739
v 121.21248517 25.91279546 482.61410214
v 116.29365364 24.40411324 482.75386094
v 115.84301155 17.1775841 483.26360654
v 120.68288934 17.20099617 483.77903375
v 203.06113737 31.6032329 442.23344593
v 200.55478181 31.7732214 438.28656016
v 199.77057645 36.91065308 441.90732933
v 202.5527444 34.85736185 444.59206951
v 158.97686572 29.11484175 470.25770437
v 127.99383258 28.16788932 479.86490224
v 128.71556836 18.7146158 480.83202404
v 159.65975045 19.24022405 471.64784452
v 192.79991781 1.29469365 454.33912373
v 195.51678747 5.14939599 456.06546023
v 187.088376 3.50222632 462.64122522
v 184.30463098 -0.28192081 460.92286794
v 202.5527444 30.02347041 447.62948589
v 195.00944588 29.76812317 454.05363902
v 195.19780586 20.63141253 455.66605237
v 202.5527444 22.08559735 448.78663845
v 116.53566537 28.28558802 482.48002569
v 113.9414381 30.61271092 479.98218104
v 113.51147944 23.71733876 480.46852085
v 187.09708745 20.04406656 461.94626016
v 187.10213158 29.66543898 460.18517016
v 124.52309743 36.50117515 474.32407124
v 127.519985 34.37490991 476.89720229
v 113.06083734 16.49070635 480.97827896
v 121.53271842 31.1817867 479.5766857
v 118.93554353 33.53851723 476.88439806
v 115.11402875 5.48569741 484.0882414
v 112.14117902 1.73966906 482.01868518
v -11.35059683 37.86464947 488.091197
v -61.85450627 36.64554413 484.3084145
v -60.75163222 33.15003276 484.9787081
v -16.09429513 34.18171989 487.99932672
v -88.77536468 34.37921629 483.0729415
v -88.60768812 22.2194711 483.56579048
v -84.40776366 20.94188634 484.3220718
v -84.55601469 31.23218468 483.88623544
v -60.92960356 -5.91797175 496.35624899
v -11.35059683 -7.32826845 496.49998801
v -16.09429513 -4.06301591 495.43470046
v -59.93382647 -2.86952904 495.63177175
v 42.97221146 34.18171989 487.99932672
v 38.22851316 37.86464947 488.091197
v -82.2090498 -1.39697051 485.04444855
v -75.32102473 -3.52270657 490.7003425
v -72.65917737 -0.63648316 490.63072569
v -78.74976094 0.95629648 485.62947944
v -60.92960356 -5.9179722 492.59751044
v -11.35059683 -7.3282689 492.74124946
v -87.36810946 9.79167371 484.05873963
v -83.31161094 10.4247994 484.75790818
v -11.35059683 37.86464902 484.33235832
v -61.85450627 36.64554369 480.54968847
v -78.74976094 0.95629603 481.87074089
v -83.31161094 10.42479895 480.9990695
v -84.55601469 31.23218423 480.12739676
v -60.75163222 33.15003232 481.21986942
v 42.97221146 -4.06301591 495.43470046
v 42.97221146 -4.06301636 491.67596191
v -16.09429513 -4.06301636 491.67596191
v -84.40776366 20.94188589 480.56323312
v 38.22851316 37.86464902 484.33235832
v -88.60768812 22.21947065 479.80705193
v -87.36810946 9.79167327 480.29990094
v -72.65917737 -0.63648361 486.87188701
v -59.93382647 -2.86952948 491.8730332
v 38.22851316 -7.3282689 492.74124946
v 38.22851316 -7.32826845 496.49998801
v -82.2090498 -1.39697096 481.28571
v -88.77536468 34.37921585 479.31420295
v -16.09429513 34.18171944 484.24048804
v -75.32102473 -3.52270701 486.94160395
v -16.09429513 34.18171944 484.24048804
v -16.09429513 -4.06301636 491.67596191
v 42.97221146 -4.06301636 491.67596191
v 42.97221146 34.18171944 484.24048804
v 42.97221146 34.18171944 484.24048804
v -60.75163222 33.15003232 481.21986942
v -59.93382647 -2.86952948 491.8730332
v 87.62954856 33.15003276 484.9787081
v 88.73242261 36.64554413 484.3084145
v -84.55601469 31.23218423 480.12739676
v -72.65917737 -0.63648361 486.87188701
v -84.40776366 20.94188589 480.56323312
v -78.74976094 0.95629603 481.87074089
v -83.31161094 10.42479895 480.9990695
v 111.28567999 20.94188634 484.3220718
v 115.48560446 22.2194711 483.56579048
v 115.65328102 34.37921629 483.0729415
v 111.43393103 31.23218468 483.88623544
v 87.80751989 -5.91797175 496.35624899
v 86.81174281 -2.86952904 495.63177175
v 87.80751989 -5.9179722 492.59751044
v 99.5370937 -0.63648316 490.63072569
v 102.19894106 -3.52270657 490.7003425
v 109.08696613 -1.39697051 485.04444855
v 105.62767728 0.95629648 485.62947944
v 110.18952727 10.4247994 484.75790818
v 114.24602579 9.79167371 484.05873963
v 88.73242261 36.64554369 480.54968847
v 110.18952727 10.42479895 480.9990695
v 105.62767728 0.95629603 481.87074089
v 87.62954856 33.15003232 481.21986942
v 111.43393103 31.23218423 480.12739676
v 86.81174281 -2.86952948 491.8730332
v 111.28567999 20.94188589 480.56323312
v 114.24602579 9.79167327 480.29990094
v 115.48560446 22.21947065 479.80705193
v 99.5370937 -0.63648361 486.87188701
v 109.08696613 -1.39697096 481.28571
v 115.65328102 34.37921585 479.31420295
v 102.19894106 -3.52270701 486.94160395
v 86.81174281 -2.86952948 491.8730332
v 87.62954856 33.15003232 481.21986942
v 111.43393103 31.23218423 480.12739676
v 99.5370937 -0.63648361 486.87188701
v 111.28567999 20.94188589 480.56323312
v 105.62767728 0.95629603 481.87074089
v 110.18952727 10.42479895 480.9990695
v -22.60507141 -53.36703048 518.56785058
v -21.91073413 -54.4941614 518.56816362
v 46.74932102 -54.4941614 518.56816362
v 47.4436583 -53.36703048 518.56785058
v -20.23437534 -54.96107487 518.56847659
v -20.23437534 -54.96894788 517.17550889
v 45.07296223 -54.96894788 517.17550889
v 45.07296223 -54.96107487 518.56847659
v 45.07296223 -33.4325764 518.55944969
v 45.07296223 -33.44044941 517.16636934
v -20.23437534 -33.44044941 517.16636934
v -20.23437534 -33.4325764 518.55944969
v -22.60507141 -35.02662079 518.5600757
v -22.60507141 -35.0344938 517.16720813
v -22.60507141 -53.37490349 517.17477023
v 47.4436583 -53.37490349 517.17477023
v 47.4436583 -35.0344938 517.16720813
v 47.4436583 -35.02662079 518.5600757
v 46.74932102 -54.50203441 517.17529606
v -21.91073413 -54.50203441 517.17529606
v 46.74932102 -33.90736288 517.16668231
v 46.74932102 -33.89948987 518.55954987
v -21.91073413 -33.90736288 517.16668231
v -21.91073413 -33.89948987 518.55954987
v -8.57220415 -58.13214748 -380.95414216
v -8.57220415 -58.12427447 -379.56116194
v 35.34029494 -58.12427447 -379.56116194
v 35.34029494 -58.13214748 -380.95414216
v 35.34029494 -79.66064594 -380.94497758
v 35.34029494 -79.65277294 -379.55214756
v -8.57220415 -79.65277294 -379.55214756
v -8.57220415 -79.66064594 -380.94497758
v -10.16624698 -78.05872855 -379.55274854
v -10.16624698 -59.71831886 -379.56041077
v 36.93433777 -59.71831886 -379.56041077
v 36.93433777 -78.05872855 -379.55274854
v 36.46742273 -58.59118794 -379.56106176
v -9.69933194 -58.59118794 -379.56106176
v 36.46742273 -79.1859596 -379.55234788
v 36.46742273 -79.19373247 -380.94532809
v -9.69933194 -79.18585947 -379.55234788
v -9.69933194 -79.19373247 -380.94532809
v 67.68008101 30.86711865 -380.19680761
v 69.26246633 41.8854556 -373.84951931
v 152.59156367 41.8854556 -373.84951931
v 154.17394273 30.86711865 -380.19680761
v 67.68008101 30.86712013 -367.64501601
v 154.17394273 30.86712013 -367.64501601
v 152.59156367 41.88356635 -367.64501731
v 69.26246633 41.88356635 -367.64501731
v 73.08262933 43.41881161 -367.64511762
v 73.08262933 43.4188114 -369.36622896
v 148.77129427 43.4188114 -369.36622896
v 148.77129427 43.41881161 -367.64511762
v 145.78605952 -11.9268625 -367.79160355
v 76.23060291 -11.9268625 -367.79160355
v 76.23060291 -11.92675685 -374.06644798
v 145.78605952 -11.92675685 -374.06644798
v 152.56163684 20.86209267 -374.06655198
v 69.45503184 20.86209267 -374.06655198
v 71.43955177 25.65314381 -374.06645242
v 150.57711691 25.65314381 -374.06645242
v 152.56163684 20.86209341 -367.79160743
v 152.56163684 -5.15118504 -367.79160435
v 152.56163684 -5.15118578 -374.06644878
v 76.23060291 27.63777087 -367.7915081
v 145.78605952 27.63777087 -367.7915081
v 145.78605952 27.63777013 -374.06645265
v 76.23060291 27.63777013 -374.06645265
v 150.57711691 -9.94223618 -367.79160379
v 150.57711691 -9.94223692 -374.06654834
v 71.43955177 -9.94223692 -374.06654834
v 71.43955177 -9.94223618 -367.79160379
v 69.45503184 -5.15118578 -374.06644878
v 69.45503184 -5.15118504 -367.79160435
v 150.57711691 25.65314455 -367.791608
v 69.45503184 20.86209341 -367.79160743
v 71.43955177 25.65314455 -367.791608
v -188.9185538 20.12422667 -27.00312553
v -188.9185538 17.18833785 -28.21917293
v -191.42678683 17.18833785 -28.21917293
v -191.42678683 20.12422667 -27.00312553
v -188.9185538 21.34038741 -24.06711809
v -191.42678683 21.34038741 -24.06711809
v -188.9185538 20.12422736 -21.13123554
v -191.42678683 20.12422736 -21.13123554
v -188.9185538 17.18833884 -19.91518744
v -191.42678683 17.18833884 -19.91518744
v -188.9185538 14.25234989 -21.13123484
v -191.42678683 14.25234989 -21.13123484
v -188.9185538 13.03628928 -24.06711711
v -191.42678683 13.03628928 -24.06711711
v -191.42678683 14.2523492 -27.00312483
v -188.9185538 14.2523492 -27.00312483
v 217.8582666 20.12422667 -27.00312553
v 217.8582666 17.18833785 -28.21917293
v 215.35002105 17.18833785 -28.21917293
v 215.35002105 20.12422667 -27.00312553
v 217.8582666 21.34038741 -24.06711809
v 215.35002105 21.34038741 -24.06711809
v 217.8582666 20.12422736 -21.13123554
v 215.35002105 20.12422736 -21.13123554
v 217.8582666 17.18833884 -19.91518744
v 215.35002105 17.18833884 -19.91518744
v 217.8582666 14.25234989 -21.13123484
v 215.35002105 14.25234989 -21.13123484
v 217.8582666 13.03628928 -24.06711711
v 215.35002105 13.03628928 -24.06711711
v 217.8582666 14.2523492 -27.00312483
v 215.35002105 14.2523492 -27.00312483
v 264.74602171 89.75456104 102.74501537
v 265.79860468 92.62209418 101.98927207
v 265.79860468 118.9489925 101.98926896
v 264.74602171 121.81663222 102.74501158
v 219.80855405 89.67508229 135.01456385
v 218.81235766 92.58419524 135.72990338
v 216.42727394 92.02152075 115.50953621
v 217.90750629 87.65360127 114.87032187
v 256.7202768 86.57141067 108.50833809
v 258.22390239 83.28567901 97.45934637
v 268.24173968 87.6535987 93.13311168
v 256.53200443 85.78677776 98.19000608
v 258.22390239 83.28567901 97.45934637
v 227.47595313 83.28568058 110.73811815
v 229.20197092 85.78677915 109.99266341
v 227.10909612 86.57141319 129.77202612
v 227.47595313 83.28568058 110.73811815
v 269.79147585 92.02151803 92.46385684
v 269.79147585 119.54967123 92.46385359
v 268.24173968 123.9175915 93.1331074
v 218.81235766 118.98700581 135.72990026
v 216.42727394 119.54967395 115.50953296
v 258.22390239 128.28551534 97.45934105
v 256.7202768 124.99967755 108.50833354
v 227.47595313 128.2855169 110.73811283
v 227.10909612 124.99978646 129.77202158
v 268.24173968 87.6535987 93.13311168
v 265.43615346 89.66919789 94.3447534
v 219.80855405 121.89611859 135.01456004
v 217.90750629 123.91759407 114.87031759
v 267.74028082 118.01957376 95.89553761
v 266.81358825 118.01957351 93.74984341
v 266.81358825 93.55161918 93.7498463
v 267.74028082 93.55161944 95.8955405
v 219.38154301 118.01957593 114.23373188
v 216.42727394 119.54967395 115.50953296
v 217.90750629 123.91759407 114.87031759
v 220.69723417 121.90199566 113.66560998
v 217.90750629 87.65360127 114.87032187
v 220.69723417 89.66920017 113.66551366
v 256.53200443 125.78441364 98.19000135
v 258.22390239 128.28551534 97.45934105
v 268.24173968 123.9175915 93.1331074
v 265.43615346 121.90199338 94.34474959
v 269.79147585 92.02151803 92.46385684
v 227.47595313 128.2855169 110.73811283
v 229.20197092 125.78441503 109.99265868
v 216.42727394 92.02152075 115.50953621
v 219.38154301 93.5516216 114.23373477
v 269.79147585 119.54967123 92.46385359
v 230.12866348 125.78441529 112.13832785
v 221.62382661 121.90199592 115.81117901
v 220.30812293 93.55162186 116.37942897
v 220.30812293 118.01957618 116.37942608
v 221.62382661 121.90199592 115.81117901
v 230.12866348 125.78441529 112.13832785
v 257.45859687 125.78441389 100.33569555
v 266.3627459 121.90199363 96.49031862
v 267.74028082 118.01957376 95.89553761
v 267.74028082 93.55161944 95.8955405
v 266.3627459 89.66919814 96.49032243
v 257.45859687 85.78677801 100.33570027
v 230.12866348 85.7867794 112.13833257
v 221.62382661 89.66920042 115.81118282
v 266.3627459 89.66919814 96.49032243
v 257.45859687 85.78677801 100.33570027
v 230.12866348 85.7867794 112.13833257
v 221.62382661 89.66920042 115.81118282
v 220.30812293 118.01957618 116.37942608
v 257.45859687 125.78441389 100.33569555
v 266.3627459 121.90199363 96.49031862
v 220.30812293 93.55162186 116.37942897
v 218.14280294 59.589549 111.28789329
v 216.44533517 78.98338261 111.28789099
v 216.86185743 74.22466994 116.06476782
v 217.72628068 64.34826369 116.06476899
v 211.76946661 59.03181308 111.28789335
v 210.07199884 78.42554147 111.28789106
v 210.07199884 78.42554377 130.75574458
v 211.76946661 59.03181538 130.75574687
v 218.14280294 59.58965613 130.7557468
v 216.44533517 78.98338491 130.75574451
v 210.07199884 78.42554377 130.75574458
v 216.44533517 78.98338491 130.75574451
v 216.86185743 74.22466994 116.06476782
v 216.86185743 74.22467111 125.97886881
v 219.48391501 78.23907106 125.97886834
v 219.48391501 78.23906988 116.06476735
v 217.72628068 64.34826486 125.97886998
v 216.86185743 74.22467111 125.97886881
v 216.86185743 74.22467111 125.97886881
v 226.87433768 71.63054466 116.06476813
v 221.4887992 85.39861118 115.29482989
v 230.02850689 85.39861118 115.29482989
v 217.72628068 64.34826486 125.97886998
v 217.72628068 64.34826369 116.06476899
v 226.87433768 71.63054583 125.97886912
v 216.86185743 74.22467111 125.97886881
v 219.48391501 78.23907106 125.97886834
v 230.02850689 85.39861235 125.20903101
v 221.4887992 85.39861235 125.20903101
v 221.4887992 85.39861235 125.20903101
v -238.62627652 118.9489925 101.98914379
v -238.62627652 92.62209418 101.98914691
v -237.57359342 89.75456104 102.74501537
v -237.57359342 121.81663222 102.74501158
v -191.63992937 92.58419524 135.72990338
v -192.63602563 89.67508229 135.01456385
v -190.735078 87.65360127 114.87032187
v -189.25484565 92.02152075 115.50953621
v -241.06921125 87.6535987 93.13311168
v -231.05157423 83.28567901 97.45934637
v -229.54784851 86.57141067 108.50833809
v -200.30352484 83.28568058 110.73801802
v -231.05157423 83.28567901 97.45934637
v -229.35957614 85.78677776 98.19000608
v -202.02966779 85.78677915 109.99266341
v -199.93666783 86.57141319 129.77192599
v -200.30352484 83.28568058 110.73801802
v -242.61904756 92.02151803 92.46375671
v -241.06921125 123.9175915 93.1331074
v -242.61904756 119.54967123 92.46375346
v -191.63992937 118.98700581 135.72990026
v -189.25484565 119.54967395 115.50953296
v -229.54784851 124.99967755 108.50833354
v -231.05157423 128.28551534 97.45934105
v -199.93666783 124.99978646 129.77192145
v -200.30352484 128.2855169 110.7380127
v -238.26372517 89.66919789 94.34465327
v -241.06921125 87.6535987 93.13311168
v -192.63602563 121.89611859 135.01456004
v -190.735078 123.91759407 114.87031759
v -239.64126009 93.55161918 93.7498463
v -239.64126009 118.01957351 93.74984341
v -240.56785253 118.01957376 95.89553761
v -240.56785253 93.55161944 95.89541534
v -190.735078 123.91759407 114.87031759
v -189.25484565 119.54967395 115.50953296
v -192.20911472 118.01957593 114.23373188
v -193.52480588 121.90199566 113.66550985
v -193.52480588 89.66920017 113.66551366
v -190.735078 87.65360127 114.87032187
v -231.05157423 128.28551534 97.45934105
v -229.35957614 125.78441364 98.19000135
v -238.26372517 121.90199338 94.34464946
v -241.06921125 123.9175915 93.1331074
v -242.61904756 92.02151803 92.46375671
v -200.30352484 128.2855169 110.7380127
v -202.02966779 125.78441503 109.99265868
v -189.25484565 92.02152075 115.50953621
v -192.20911472 93.5516216 114.23373477
v -242.61904756 119.54967123 92.46375346
v -194.45149845 121.90199592 115.81117901
v -202.95623519 125.78441529 112.13832785
v -194.45149845 121.90199592 115.81117901
v -193.13579477 118.01957618 116.37942608
v -193.13579477 93.55162186 116.37942897
v -194.45149845 89.66920042 115.81118282
v -202.95623519 85.7867794 112.13833257
v -230.28626871 85.78677801 100.33557511
v -239.19041774 89.66919814 96.49032243
v -240.56785253 93.55161944 95.89541534
v -240.56785253 118.01957376 95.89553761
v -239.19041774 121.90199363 96.49031862
v -230.28626871 125.78441389 100.33569555
v -202.95623519 125.78441529 112.13832785
v -239.19041774 89.66919814 96.49032243
v -230.28626871 85.78677801 100.33557511
v -202.95623519 85.7867794 112.13833257
v -194.45149845 89.66920042 115.81118282
v -193.13579477 118.01957618 116.37942608
v -230.28626871 125.78441389 100.33569555
v -239.19041774 121.90199363 96.49031862
v -129.69853301 -112.29039017 -42.10682942
v -129.52760843 -112.29027028 125.11445509
v -190.48203303 -112.29027028 125.11445509
v -193.13579477 93.55162186 116.37942897
v -189.68942914 74.22466994 116.06464266
v -189.27290688 78.98338261 111.28789099
v -190.97037465 59.58965383 111.28776812
v -190.55385239 64.34826369 116.06464383
v -184.59703832 59.03181308 111.28776819
v -182.89968319 78.42554147 111.28789106
v -190.97037465 59.58965613 130.7557468
v -184.59703832 59.03181538 130.75574687
v -182.89968319 78.42554377 130.75574458
v -189.27290688 78.98338491 130.75574451
v -182.89968319 78.42554377 130.75574458
v -189.27290688 78.98338491 130.75574451
v -192.31158685 78.23907106 125.97886834
v -189.68942914 74.22467111 125.97886881
v -189.68942914 74.22466994 116.06464266
v -192.31158685 78.23906988 116.06476735
v -190.55385239 64.34826486 125.97886998
v -189.68942914 74.22467111 125.97886881
v -189.68942914 74.22467111 125.97886881
v -194.31637091 85.39861118 115.29482989
v -199.70190938 71.63054466 116.06476813
v -202.8560786 85.39861118 115.29482989
v -190.55385239 64.34826369 116.06464383
v -190.55385239 64.34826486 125.97886998
v -199.70190938 71.63054583 125.97886912
v -189.68942914 74.22467111 125.97886881
v -192.31158685 78.23907106 125.97886834
v -202.8560786 85.39861235 125.20903101
v -194.31637091 85.39861235 125.20903101
v -194.31637091 85.39861235 125.20903101
v -125.5525732 -129.71477625 339.61994891
v -155.84421042 -129.64957808 339.6203682
v -155.80946477 -108.75420019 329.25908971
v -155.84421042 -129.64957808 339.6203682
v -155.84421042 -130.06189231 360.88322785
v 110.11456002 -125.3241326 -191.10579536
v -83.58364961 -125.3241326 -191.10579536
v -83.58364961 -123.20838024 -212.26709913
v 110.36885664 -123.20838024 -212.26709913
v -83.55005548 -104.38570805 -179.53339303
v -116.94168448 -104.38570805 -179.53339303
v -116.96992158 -122.29312463 -186.23409487
v -83.57829883 -122.29312463 -186.23409487
v -116.94168448 -101.54947395 -220.91982037
v -83.55005548 -101.54947395 -220.91982037
v -83.57808605 -119.32501597 -216.70528085
v -116.96972132 -119.32501597 -216.70528085
v -116.97527862 -125.3241326 -191.10579536
v -116.97527862 -123.20838024 -212.26709913
v 110.44571387 -101.54947395 -220.91982037
v 143.83598484 -101.71883397 -220.91982035
v 143.80794801 -119.49426334 -216.70528083
v 110.41767704 -119.32501597 -216.70528085
v 143.75912135 -123.37762761 -212.26709911
v 143.50471209 -125.49339249 -191.10579534
v 143.49506191 -104.55496794 -179.53339301
v 110.10479094 -104.38570805 -179.53339303
v 110.07654758 -122.29312463 -186.23409487
v 143.46681229 -122.46248465 -186.23409485
v 182.16723519 -122.55593238 -185.80658314
v 143.46681229 -122.46248465 -186.23409485
v 143.50471209 -125.49339249 -191.10579534
v 182.20513499 -125.58694035 -190.6784839
v 182.50835839 -119.5878112 -216.27786925
v 143.80794801 -119.49426334 -216.70528083
v 143.83598484 -101.71883397 -220.91982035
v 182.53639523 -101.81238183 -220.49225857
v -155.64429776 -101.48447605 -220.91416294
v -116.94168448 -101.54947395 -220.91982037
v -116.96972132 -119.32501597 -216.70528085
v -155.67233459 -119.26001807 -216.69962342
v 143.75912135 -123.37762761 -212.26709911
v 182.4594316 -123.47117547 -211.8395874
v -155.67790441 -123.14338234 -212.2614417
v -116.97527862 -123.20838024 -212.26709913
v -116.97527862 -125.3241326 -191.10579536
v -155.67790441 -125.25914721 -191.10013794
v -155.67254737 -122.22813924 -186.22833731
v -116.96992158 -122.29312463 -186.23409487
v -116.94168448 -104.38570805 -179.53339303
v -155.64429776 -104.32072267 -179.52783574
v 182.19547229 -104.6485158 -179.10608156
v 143.49506191 -104.55496794 -179.53339301
v 221.80735524 3.61822983 313.01300909
v 212.50936375 3.61822973 312.20863974
v 214.23319116 -3.8715261 289.71723013
v 222.76249769 -5.04306521 291.06053897
v 210.4000048 3.87641783 355.59395601
v 221.2195955 3.87641793 356.44557498
v 208.93689494 -3.47841009 391.39051081
v 209.94411832 1.36923269 379.01615489
v 221.58476278 1.36923279 379.86934776
v 221.01169734 -3.47840999 392.27142448
v 209.91220138 -19.65182001 413.24880075
v 209.17743598 -9.05482921 403.26655898
v 220.70983823 -9.05482911 404.10589302
v 219.57011577 -19.65181991 414.0880284
v 207.67831631 -19.65181885 423.03911409
v 210.79961734 -19.6518185 426.02886102
v 216.55999832 -37.33456095 240.80127039
v 218.62126909 -37.30831347 245.00024986
v 224.54647914 -37.19543802 263.12374954
v 216.95382827 -37.19543812 262.2844155
v 203.50809963 -19.65181787 431.29921691
v 141.36458771 -19.65181885 423.03911409
v 138.61811667 -19.65181787 431.29921691
v 142.83589584 -19.65182001 413.24880075
v 142.19353936 -3.47841009 391.39051081
v 142.35197252 -9.05482921 403.26655898
v 147.47343904 -37.19543812 262.2844155
v 145.68158475 -3.8715261 289.71723013
v 147.21411081 -37.33456095 240.80127039
v 143.15708034 3.87641783 355.59395601
v 142.85689844 1.36923269 379.01615489
v 144.54626807 3.61822973 312.20863974
v -179.96600368 -94.07008829 -42.10683158
v -187.45973708 -94.07008829 -42.10683158
v -190.65959132 -92.32863773 -42.10683178
v -183.04656368 -92.32863773 -42.10683178
v -190.65959132 -37.13184049 -42.10683831
v -183.04656368 -37.13184049 -42.10683831
v -182.82922812 -90.56846116 181.53875005
v -190.43394485 -90.56846116 181.53875005
v -190.43394485 -112.29036374 181.53875262
v -129.48119746 -112.29036374 181.53875262
v -182.82922812 -37.13181406 181.53874373
v -190.43394485 -37.13181406 181.53874373
v -190.43394485 -87.08554751 181.53874964
v -182.82922812 -87.08554751 181.53874964
v -190.65959132 -112.29039017 -42.10682942
v -190.65959132 -95.81155138 -42.10683137
v -183.04656368 -95.81155138 -42.10683137
v -129.48581602 -112.2903644 175.96191279
v -190.43867606 -112.2903644 175.96191279
v -129.483513 -112.29036407 178.75037651
v -190.43626039 -112.29036407 178.75037651
v 209.70934735 -112.29036407 178.75037651
v 217.31407659 -112.29036407 178.75037651
v 217.31166092 -112.29036374 181.53875262
v 209.70704433 -112.29036374 181.53875262
v 209.92427975 -112.29039017 -42.10682942
v 217.53729488 -112.29039017 -42.10682942
v 217.3597491 -112.29027028 125.11445509
v 209.75334266 -112.29027028 125.11445509
v 209.70704433 -90.56846116 181.53875005
v 217.31166092 -90.56846116 181.53875005
v 214.11180668 -88.82701059 181.53874984
v 206.62647181 -88.82701059 181.53874984
v 217.31166092 -87.08554751 181.53874964
v 209.70704433 -87.08554751 181.53874964
v 206.84370723 -94.07008829 -42.10683158
v 214.33745315 -94.07008829 -42.10683158
v 217.53729488 -95.81155138 -42.10683137
v 209.92427975 -95.81155138 -42.10683137
v 209.92427975 -92.32863773 -42.10683178
v 217.53729488 -92.32863773 -42.10683178
v 209.92427975 -37.13184049 -42.10683831
v 217.53729488 -37.13184049 -42.10683831
v 217.31166092 -37.13181406 181.53874373
v 209.70704433 -37.13181406 181.53874373
v 217.31637962 -112.2903644 175.96191279
v 209.71155025 -112.2903644 175.96191279
v -179.74876825 -88.82701059 181.53874984
v -187.23400299 -88.82701059 181.53874984
v 156.58443484 -112.29036407 178.75037651
v 156.5821193 -112.29036374 181.53875262
v 156.58663773 -112.2903644 175.96191279
v 156.79935472 -112.29039017 -42.10682942
v 156.62843014 -112.29027028 125.11445509
v -187.12165538 -3.8715261 289.71723013
v -185.39784049 3.61822973 312.20863974
v -194.69581946 3.61822983 313.01300909
v -195.65097442 -5.04306521 291.06053897
v -183.28848153 3.87641783 355.59395601
v -194.10805971 3.87641793 356.44557498
v -194.47323951 1.36923279 379.86934776
v -182.83258253 1.36923269 379.01615489
v -181.82535916 -3.47841009 391.39051081
v -193.90017407 -3.47840999 392.27142448
v -193.59830245 -9.05482911 404.10589302
v -182.06591272 -9.05482921 403.26655898
v -182.80077824 -19.65182001 413.24880075
v -192.45857998 -19.65181991 414.0880284
v -180.56678053 -19.65181885 423.03911409
v -183.68809408 -19.6518185 426.02886102
v -197.43495587 -37.19543802 263.12374954
v -191.50973331 -37.30831347 245.00024986
v -189.44846254 -37.33456095 240.80127039
v -189.842305 -37.19543812 262.2844155
v -176.39667649 -19.65181787 431.29921691
v -114.25306444 -19.65181885 423.03911409
v -111.5065934 -19.65181787 431.29921691
v -115.72436006 -19.65182001 413.24880075
v -115.08200357 -3.47841009 391.39051081
v -115.24033661 -9.05482921 403.26655898
v -120.36191577 -37.19543812 262.2844155
v -118.57006148 -3.8715261 289.71723013
v -120.10257503 -37.33456095 240.80127039
v -116.04554456 3.87641783 355.59395601
v -115.74536265 1.36923269 379.01615489
v -117.43484494 3.61822973 312.20863974
v 133.24286671 57.06423238 413.92685132
v 122.76337286 60.3233991 415.43018239
v 113.65742119 50.24918753 466.56070695
v 122.38727871 47.05879237 464.61408719
v 160.14304795 56.77465382 403.70060274
v 153.93644318 47.05879099 452.92777022
v 184.93763768 48.89043695 442.5074852
v 186.12450959 58.19692144 394.5354356
v 112.29668333 42.62934556 473.97307184
v 120.48800829 33.03107231 476.31531291
v 125.89717782 35.89913095 473.83679358
v 155.92684584 37.20517079 464.14538503
v 183.78961681 37.50409047 454.05195464
v 197.04951379 48.89043471 423.50874804
v 202.82132228 57.591516 375.99836603
v 198.74225035 36.29558877 442.45498646
v 167.76446161 68.64154503 233.85695885
v 181.30375067 66.90208373 233.21281273
v 207.03080306 50.8996232 372.33223589
v 205.41787135 45.70140273 412.19054636
v 209.17743598 7.46727268 403.26655703
v 208.93689494 13.0436918 391.39050886
v 207.67831631 -10.10583277 423.03911296
v 209.91220138 -0.07078028 413.24879843
v 214.32369758 50.80731445 227.08359905
v 212.50936375 20.14033162 312.20863779
v 214.23319116 15.3843423 286.78826703
v 192.01707675 66.20596374 234.06306745
v 208.13556709 63.43796576 232.28884915
v 153.09869247 72.24530773 234.10233082
v 153.09869247 77.22356273 200.10257096
v 13.43895817 77.22356361 207.55011868
v 13.43895817 77.03058501 234.40913336
v 13.43895817 61.10099632 420.06804467
v 216.55999832 -37.13180994 216.3999974
v 216.95382827 -2.98284922 262.28441146
v 216.55999832 -37.33456095 240.80127039
v 13.43895817 51.27436489 472.52402945
v 13.43895817 45.2421605 480.31795798
v 209.94411832 17.89133458 379.01615293
v 13.43895817 36.25674613 487.13301324
v 88.73242261 34.39454551 480.54968873
v 210.4000048 20.39851972 355.59395405
v 87.80751989 -20.01057538 495.76060555
v 113.91056629 2.24753 481.28580971
v 87.80751989 -3.77417424 492.59751019
v 115.65328102 30.19881704 479.31420344
v 127.93397894 -20.01057717 480.61783469
v 128.68848277 -0.66441515 477.57716231
v 118.43986727 -0.66441477 480.82131225
v 116.91459449 -20.01057696 482.36086233
v 199.28864325 -20.01058113 447.15280925
v 198.74225035 5.59352845 446.93063932
v 191.99408404 1.81683595 454.48989676
v 192.4410463 -20.01058022 454.82357525
v 184.09568145 -20.01057946 461.29119797
v 183.77009116 0.29041241 460.86343979
v 158.56801604 -0.98832919 469.52231671
v 158.52181784 -20.01057814 472.44413289
v 112.93799469 -20.01057689 482.9898888
v 203.50809963 -19.65181787 431.29921691
v 199.93720789 10.74607918 443.76197546
v 63.01796177 -5.60613096 494.83139547
v 63.01796177 -20.01057517 497.51917861
v 13.43895817 -7.32826857 495.54179155
v 13.43895817 -20.01057505 498.54855609
v 210.79961734 -19.6518185 426.02886102
v 214.11926648 -5.08326601 414.08802667
v 200.72203907 17.84723915 432.035023
v 200.65054513 30.3866489 432.33100416
v 199.50147288 31.32216009 438.94981916
v 200.8560151 22.60459065 439.56089182
v 191.96205446 84.02601406 195.25923157
v 181.30375067 77.2235626 198.9780685
v 203.91548489 74.76939488 183.97252823
v 167.76446161 77.22356264 199.31667589
v 216.16888444 -37.13181317 189.04697118
v 216.16888444 50.80730979 187.65461891
v 215.94482756 50.80730891 180.14637894
v 213.71881533 75.54993093 176.46428818
v 215.94482756 -37.13181406 181.53884386
v 215.76874621 15.6895703 356.44557359
v 216.13381336 13.13976041 379.86934637
v 221.58476278 1.36923279 379.86934776
v 221.2195955 3.87641793 356.44557498
v 216.35650596 15.42340296 313.01300769
v 221.80735524 3.61822983 313.01300909
v 217.1884991 10.53302456 287.54780931
v 219.09562985 -8.07439508 263.1237461
v 215.56086057 8.21966619 392.2714231
v 215.25898894 2.55558188 404.10589165
v 222.76249769 -5.04306521 291.06053897
v 224.54647914 -37.19543802 263.12374954
v 218.62126909 -37.30831347 245.00024986
v 219.57011577 -19.65181991 414.0880284
v 220.70983823 -9.05482911 404.10589302
v 221.01169734 -3.47840999 392.27142448
v -86.77950485 50.24918753 466.56070695
v -95.88545652 60.3233991 415.43018239
v -106.36495037 57.06423238 413.92685132
v -95.50936238 47.05879237 464.61408719
v -158.05972135 48.89043695 442.5074852
v -127.05852685 47.05879099 452.92777022
v -133.26513161 56.77465382 403.70060274
v -159.24649313 58.19692144 394.5354356
v -93.61009195 33.03107231 476.31531291
v -85.418767 42.62934556 473.97307184
v -99.01926148 35.89913095 473.83679358
v -129.04892951 37.20517079 464.14538503
v -156.91160035 37.50409047 454.05195464
v -175.94340595 57.591516 375.99836603
v -170.17159746 48.89043471 423.50874804
v -171.86422137 36.29558877 442.45498646
v -140.88654527 68.64154503 233.85695885
v -154.42572169 66.90208373 233.21281273
v -182.29951965 7.46727268 403.26655703
v -178.53984237 45.70140273 412.19054636
v -180.15288672 50.8996232 372.33223589
v -182.05897861 13.0436918 391.39050886
v -183.03428505 -0.07078028 413.24879843
v -180.80039998 -10.10583277 423.03911296
v -185.63144742 20.14033162 312.20863779
v -187.44578124 50.80731445 227.08359905
v -187.35516218 15.3843423 286.78826703
v -165.13904776 66.20596374 234.06306745
v -181.25765075 63.43796576 232.28884915
v -126.22077614 77.22356273 200.10257096
v -126.22077614 72.24530773 234.10233082
v -190.07591193 -2.98284922 262.28441146
v -189.68208199 -37.13180994 216.3999974
v -189.68208199 -37.33456095 240.80127039
v 13.43895817 51.27436489 472.52402945
v 13.43895817 45.2421605 480.31795798
v -183.06620198 17.89133458 379.01615293
v -61.85450627 34.39454551 480.54968873
v 13.43895817 36.25674613 487.13301324
v -183.52208846 20.39851972 355.59395405
v -60.92960356 -20.01057538 495.76060555
v -60.92960356 -3.77417424 492.59751019
v -87.03264995 2.24753 481.28580971
v -88.77536468 30.19881704 479.31420344
v -91.56195093 -0.66441477 480.82131225
v -101.81056643 -0.66441515 477.57716231
v -101.0560626 -20.01057717 480.61783469
v -90.03667815 -20.01057696 482.36086233
v -165.1161677 1.81683595 454.48989676
v -171.86422137 5.59352845 446.93063932
v -172.41072691 -20.01058113 447.15280925
v -165.56312996 -20.01058022 454.82357525
v -131.68998705 -0.98832919 469.52231671
v -156.89207469 0.29041241 460.86343979
v -157.21776511 -20.01057946 461.29119797
v -131.6439015 -20.01057814 472.44413289
v -86.06007836 -20.01057689 482.9898888
v -173.0591789 10.74607918 443.76197546
v -176.63018329 -19.65181787 431.29921691
v -36.14004543 -20.01057517 497.51917861
v -36.14004543 -5.60613096 494.83139547
v 13.43895817 -20.01057505 498.54855609
v 13.43895817 -7.32826857 495.54179155
v -183.92170101 -19.6518185 426.02886102
v -187.24135014 -5.08326601 414.08802667
v -173.84412273 17.84723915 432.035023
v -173.97809876 22.60459065 439.56089182
v -172.6234439 31.32216009 438.94981916
v -173.7726288 30.3866489 432.33100416
v -165.08403799 84.02601406 195.25923157
v -154.42572169 77.2235626 198.9780685
v -177.03756855 74.76939488 183.97252823
v -140.88654527 77.22356264 199.31667589
v -189.29096811 50.80730979 187.65461891
v -189.29096811 -37.13181317 189.04697118
v -189.06679857 50.80730891 180.14637894
v -186.84078635 75.54993093 176.46428818
v -189.06679857 -37.13181406 181.53884386
v -194.70674632 1.36923279 379.86934776
v -189.25589703 13.13976041 379.86934637
v -188.89082987 15.6895703 356.44557359
v -194.34167916 3.87641793 356.44557498
v -189.47858962 15.42340296 313.01300769
v -194.92943891 3.61822983 313.01300909
v -190.31058276 10.53302456 287.54780931
v -192.21761338 -8.07439508 263.1237461
v -188.68294423 8.21966619 392.2714231
v -188.38107261 2.55558188 404.10589165
v -195.88458135 -5.04306521 291.06053897
v -197.6685628 -37.19543802 263.12374954
v -191.74335276 -37.30831347 245.00024986
v -192.69219943 -19.65181991 414.0880284
v -193.8319219 -9.05482911 404.10589302
v -194.133781 -3.47840999 392.27142448
v -158.93192983 160.06809056 132.00990777
v -169.90668689 112.69546459 163.4416861
v -160.25192665 118.94228268 172.90629577
v -152.59565469 162.41956866 140.7488895
v -177.03756855 74.76939488 183.97252823
v -165.08403799 84.02601406 195.25923157
v 13.43895817 218.71519295 -318.18655546
v 13.43895817 199.14506694 -323.42393446
v -114.85794669 199.14537985 -323.42383433
v -115.50954031 218.47370066 -318.2073828
v -160.96936929 87.3760022 194.61571066
v -165.1679232 84.67310187 196.20912955
v -154.5098322 77.87170042 199.92974381
v -151.0016103 81.01537203 198.09537079
v 13.43895817 210.35539746 112.32879311
v -136.62457053 209.75324362 110.8000596
v -136.46287057 205.06067868 115.46426338
v 13.43895817 206.14927153 116.01528724
v -149.23664133 199.12785964 -299.63723147
v -149.37229457 199.12250352 -291.843191
v -137.47219671 222.49188405 -284.6605566
v -137.4992823 222.49188132 -307.69371953
v -145.1849679 198.61195538 111.84738699
v -146.06104397 193.08688444 119.1843776
v -136.13938305 195.67564894 124.79272101
v 13.43895817 197.73713232 123.38817536
v -143.47427024 206.80412948 95.12569064
v -137.04896563 213.11833387 -46.70208047
v -148.52413018 200.88929066 -52.24238334
v -148.97624921 200.89569916 -51.56842284
v -148.72740976 200.89571592 90.18985622
v -115.05207675 216.97859331 -46.70208092
v -115.09386916 226.35206857 -71.34057918
v -137.09064539 222.49190926 -71.3757249
v -115.47532035 226.35204335 -284.65740292
v -115.50250607 226.35204063 -307.71454735
v 13.43895817 217.2200856 -46.70208095
v 13.43895817 229.03061285 -71.47035
v -155.87162143 182.15177865 -99.50582986
v -151.54706446 181.69630521 -99.51789565
v -163.45470974 158.04501138 -99.51789286
v -165.38946428 158.50047857 -99.50572693
v -178.50771265 120.32210095 -99.50582255
v -178.64400422 118.93637132 -95.86498875
v -165.03006708 159.60776509 -95.86499355
v -162.80740926 154.16088359 -307.02227927
v -152.89153094 184.22132421 -299.28241352
v -154.82932698 184.67742348 -299.27024759
v -164.74541808 154.61708925 -307.01011334
v -137.11815654 222.49190779 -83.82443107
v -115.12126766 226.35206709 -83.80710876
v -115.14794021 226.35206567 -95.87716743
v -137.14471644 222.49190636 -95.87716697
v -188.34422419 75.13915372 -116.32746892
v -188.385178 42.7621932 -177.57829162
v -190.96270207 43.44057484 -127.15268827
v -188.34212143 75.15668834 -113.34640214
v -140.95133039 199.14590554 -323.4237342
v -132.72524726 215.65036605 -318.80626933
v -188.34212143 43.00978127 -95.87714576
v -186.72340713 75.96358729 -44.40444545
v -174.89040993 117.63632209 -47.00844672
v -176.68530572 118.52100976 -71.01043267
v -188.34212143 75.19932154 -71.01042755
v -149.54742467 199.14181365 -315.12878559
v -149.89883638 154.99811781 -335.05766463
v -160.71726305 154.99811879 -326.75305333
v -158.15400773 114.29700872 -345.83512016
v -134.06236658 114.29690233 -345.83481977
v -134.28905192 73.99666835 -359.31132158
v -168.04071022 73.86899385 -358.64669833
v -189.29096811 43.05252179 -43.02585525
v -188.34212143 43.05251848 -71.01042375
v -189.68208199 -37.13184391 -71.01041428
v -189.29096811 -37.13184049 -42.10683831
v -187.30886385 79.00404186 -99.86088418
v -163.09468671 159.15218526 -95.87715949
v -153.12692772 184.34807726 -95.87716246
v -155.06220796 184.8035507 -95.86509666
v -183.32071138 40.22180284 -358.21547778
v -183.32071138 73.86899483 -350.33798163
v -168.04071022 42.10668425 -369.76340065
v -134.28905192 43.80152051 -369.1649145
v -146.36983718 42.10668425 -369.76340065
v -184.9427926 91.42414923 -327.2756825
v -184.57740002 94.49642391 -322.48999502
v -177.48075084 116.01001282 -316.95076966
v -177.57787846 114.3426841 -321.52708221
v -188.34212143 -12.2230289 -122.26115479
v -189.68208199 -37.13184685 -95.87713628
v -188.34212143 -4.30520783 -128.93917988
v -176.70745983 118.48058496 -95.87715468
v -184.81448653 88.29257921 -95.87715111
v -188.49909017 -26.20415689 -352.2648515
v -188.45688472 -27.76406824 -293.45408074
v -188.45688472 -11.2148801 -287.84786677
v -171.20339061 114.29711284 -338.54624342
v -188.45688472 -1.50258073 -279.16410846
v -188.49909017 32.68196891 -352.58958512
v -188.34989414 5.44341776 -143.60500023
v -188.44250332 42.43186783 -263.2205156
v -188.42034921 14.32309366 -225.92781397
v -188.40733211 14.77667285 -209.08102929
v -188.44995061 7.43579629 -264.12399855
v -188.43578199 11.73810118 -245.84733562
v -189.68208199 -37.13184891 -113.34638887
v -149.46194986 199.50105996 102.55738088
v -145.24270626 203.28174024 105.93539376
v -150.19661513 194.99927064 106.87490414
v -136.78625796 214.44580856 106.13573066
v 163.92688197 213.11833387 -46.70208047
v 141.93010574 216.97859331 -46.70208092
v 163.66428695 214.44580856 106.13573066
v 170.43314295 206.72465026 96.91198763
v -162.42302923 155.0144984 -311.22294856
v -152.13230841 187.03782431 -303.19069889
v -163.02727314 159.1877875 -49.61234786
v -163.05499706 159.19082647 -71.01033735
v -149.14099066 199.14342179 -52.24248327
v -149.08123715 199.12535834 -71.0104422
v -150.59968221 191.25615331 -99.00151832
v -149.14917642 199.13050024 -90.96255698
v -188.39042239 14.32257235 -188.91908877
v -188.36217278 9.72271991 -157.28497464
v -188.37982096 13.46276282 -176.99031563
v -158.93192983 160.06808967 124.5016678
v -150.19661513 194.99926975 99.36666418
v -149.76014165 198.11984456 97.08166158
v -186.84078635 75.54993093 176.46428818
v -176.48130018 112.03378183 155.93345873
v -195.9613322 2.36473384 -208.30335605
v -188.41026096 2.32010645 -208.28938769
v -188.39388945 1.93908292 -190.60109727
v -195.94506082 1.98370405 -190.61506563
v -192.17729791 9.74529331 -157.29208399
v -192.19504623 13.48533622 -176.99732484
v -196.00932025 -28.26752216 -282.32455777
v -188.45814888 -28.31214328 -282.31058941
v -188.45814888 -19.48799879 -277.39232842
v -196.00932025 -19.44337767 -277.40624672
v -192.23588739 14.34566707 -225.93482318
v -192.2514203 11.76067459 -245.85449503
v -192.20586044 14.34514576 -188.92609798
v -192.22275764 14.79924626 -209.0881887
v -195.89833693 -20.28930948 -132.13547756
v -188.34716556 -20.3339306 -132.12140907
v -189.64270525 -37.26436181 -124.30038114
v -197.19388913 -37.21974069 -124.3143495
v -192.27252303 -11.19230669 -287.85502618
v -192.27252303 -27.74149483 -293.46114002
v -193.49614322 -37.10928176 -113.35354828
v -197.21824614 -37.13763201 -117.52683149
v -196.00259892 -3.79462705 -256.59310249
v -188.45152768 -3.83925444 -256.57913413
v -188.43777211 -0.22939711 -240.54476725
v -195.98895599 -0.18477598 -240.55883574
v -195.91776245 -1.87571977 -162.86220111
v -195.91460831 6.37903274 -158.91806995
v -195.93204372 9.96788334 -177.91342808
v -195.9347723 1.26228242 -180.14981541
v -188.45814888 -11.33887839 -269.77381954
v -196.00932025 -11.29435739 -269.78798816
v -195.98747905 8.34254624 -244.33720108
v -196.00154754 4.2266113 -261.96080598
v -195.89833693 -13.64592528 -137.99422606
v -188.34716556 -13.69044627 -137.98015757
v -192.15672088 -4.28263442 -128.94633929
v -192.1648065 5.46599117 -143.61210957
v -195.94264514 10.79009978 -189.41894511
v -195.95934208 11.23223465 -208.86704772
v -192.26560143 7.45837596 -264.13115795
v -195.89476974 -14.63424731 -125.26069555
v -196.00848165 -27.91042883 -289.5843964
v -192.27252303 -1.48000733 -279.17126787
v -195.97403639 1.98411951 -223.08327512
v -195.97225905 10.81035968 -225.12070311
v -192.15640796 -12.20055562 -122.2683142
v -188.42286502 1.93960477 -223.06905643
v -188.38360093 1.21765503 -180.13574692
v -188.36659108 -1.92034089 -162.84813262
v -195.89476974 -7.06470256 -131.6545973
v -195.90242981 2.27853422 -145.74080606
v -195.90589686 -5.46635478 -150.86058194
v -188.35472549 -5.51087577 -150.84651345
v -196.00848165 -4.34071564 -276.42616078
v -196.00848165 -13.63418342 -284.74809374
v -188.48492155 73.98501934 -313.11212115
v -186.88562026 78.91109435 -324.91237591
v -183.00435823 90.96794358 -327.28779836
v -152.40509181 188.63672377 -102.51623595
v -151.14713901 188.18103755 -102.52835181
v -188.72503704 83.26591606 -103.3444617
v -185.3715935 82.46595461 -105.37482928
v -186.3672642 78.85442122 -118.36930209
v -189.72124594 79.6544875 -116.33888445
v -151.87947621 192.92190284 -112.30049184
v -149.94263142 192.46601636 -112.31265777
v -186.50490754 77.75457002 -310.8610139
v -189.8592022 78.5546363 -308.83049613
v -188.3176643 83.1787439 -320.20098619
v -184.96378268 82.37867762 -322.23150396
v -182.6393912 94.04021826 -322.50206082
v -188.82436755 79.36751004 -324.90015991
v -151.85796045 191.71193966 -98.98945252
v -150.58372375 197.29150687 -109.14599771
v -151.00927036 196.27693634 -109.14334411
v -151.31523487 196.0311168 -291.83427893
v -149.37743883 195.57501754 -291.84644486
v -150.1907324 193.0693996 -298.98237034
v -152.12884135 193.52561151 -298.97015435
v -186.75196965 88.74857522 -95.86498518
v -189.24708545 79.46024752 -99.84881838
v -190.42408189 74.44143504 -313.10005535
v -154.07063014 187.49403622 -303.17858303
v -176.57180659 119.86642099 -99.51788835
v -184.38358287 91.52885588 -99.517885
v -186.32064044 91.98485188 -99.5058192
v -151.02061026 189.88310111 -295.22728622
v -152.95830617 190.33920038 -295.21522042
v -190.28086872 75.61299899 -113.33433634
v -150.2369306 192.23521734 -288.35135231
v -152.17441373 192.69120395 -288.33918638
v -174.81964195 114.29533126 -321.5364445
v -164.36135096 155.47070405 -311.21098289
v -175.54264189 115.55391356 -316.96283545
v -149.32272944 199.17281619 -109.15385826
v 175.40204651 200.88929066 -52.24238334
v 176.018907 199.14342179 -52.24248327
v 175.95926614 199.12535834 -71.0104422
v 163.96856173 222.49190926 -71.3757249
v -160.88547156 86.72891439 193.66571255
v -156.36635896 119.38326206 172.76087965
v -156.45004391 120.02877593 173.70857474
v -133.89867651 191.78525036 128.70285894
v -133.81573003 191.14582262 127.76407556
v 13.43895817 193.07375554 126.45059958
v 13.43895817 193.71675048 127.39461483
v 13.43895817 81.01862765 206.11682255
v 13.43895817 80.36713014 205.16041602
v -150.91761244 80.36712919 197.1437956
v -149.20607618 160.04415412 142.68668583
v -149.28944822 160.68735557 143.63090134
v -146.14409058 193.726938 120.12408719
v -152.67901422 163.06277637 141.69323018
v -154.42572169 77.2235626 198.9780685
v 13.43895817 77.22356361 207.55011868
v 13.43895817 77.8749563 208.50641257
v -160.3356116 119.58779655 173.85399085
v 13.43895817 160.04415412 142.68668583
v -137.51325065 160.04415412 142.68668583
v -144.36820727 119.38326206 172.76087965
v 13.43895817 119.38326206 172.76087965
v -143.17776817 189.36489467 123.4588442
v -143.09482169 188.72484111 122.5191346
v -136.2222294 196.31496403 125.73137922
v 13.43895817 198.38012725 124.33219061
v 163.50248686 209.75324362 110.8000596
v 13.43895817 214.56151088 108.64239912
v -118.12172241 186.71832684 -325.90844736
v -127.30726616 154.99811781 -335.05766463
v -114.7058093 191.35292884 -324.54846104
v -115.627658 199.14023559 -323.42438505
v -146.36983718 -26.02461681 -369.76339259
v -146.36983718 17.77931777 -369.76339777
v -134.32484896 18.75377939 -369.41934584
v -134.3733627 -15.13437078 -369.76339388
v -109.143451 193.27266372 -323.93840973
v 13.43895817 229.03058488 -308.064908
v 13.43895817 229.03060992 -96.21180742
v 13.43895817 229.03058761 -284.97386903
v 13.43895817 229.03061136 -84.04081614
v 13.43895817 193.27266378 -323.42393377
v -146.36983718 29.59541463 -369.76339917
v -134.30742606 30.91982669 -369.29588506
v -107.49313267 1.93908292 -190.60109727
v -107.5028955 2.32010645 -208.28938769
v -107.51045543 1.93960477 -223.06905643
v -107.51937966 -0.22939711 -240.54476725
v -107.53155816 -28.31214328 -282.31058941
v -107.5308322 -27.76406824 -293.45408074
v -107.47664851 -1.92034089 -162.84813262
v -107.48693703 1.21765503 -180.13574692
v -108.26484661 -37.13184891 -113.34638887
v -108.24132821 -37.26436181 -124.30038114
v -107.46509583 -13.69044627 -137.98015757
v -107.46961427 -5.51087577 -150.84651345
v -107.52757793 -3.83925444 -256.57913413
v -107.53155816 -11.33887839 -269.77381954
v -107.46509583 -20.3339306 -132.12140907
v -107.53155816 -19.48799879 -277.39232842
v 187.12984299 118.94228268 172.90629577
v 196.78460323 112.69546459 163.4416861
v 185.80984616 160.06809056 132.00990777
v 179.47357103 162.41956866 140.7488895
v 191.96205446 84.02601406 195.25923157
v 203.91548489 74.76939488 183.97252823
v 141.73586302 199.14537985 -323.42383433
v 142.38745664 218.47370066 -318.2073828
v 181.38774854 77.87170042 199.92974381
v 192.04583954 84.67310187 196.20912955
v 187.84728562 87.3760022 194.61571066
v 177.87952664 81.01537203 198.09537079
v 163.34078691 205.06067868 115.46426338
v 176.2502109 199.12250352 -291.843191
v 176.11455767 199.12785964 -299.63723147
v 164.37719863 222.49188132 -307.69371953
v 164.35011304 222.49188405 -284.6605566
v 172.93906043 193.08688444 119.1843776
v 170.87548663 200.15140297 111.29521131
v 163.01729938 195.67564894 124.79272101
v 175.6053261 200.89571592 90.18985622
v 175.85416555 200.89569916 -51.56842284
v 141.9717855 226.35206857 -71.34057918
v 142.3804224 226.35204063 -307.71454735
v 142.35323668 226.35204335 -284.65740292
v 190.33262607 158.04501138 -99.51789286
v 178.4249808 181.69630521 -99.51789565
v 182.74953777 182.15177865 -99.50582986
v 192.26738062 158.50047857 -99.50572693
v 181.70724332 184.67742348 -299.27024759
v 179.76944727 184.22132421 -299.28241352
v 189.68543824 154.16088359 -307.02227927
v 191.62333442 154.61708925 -307.01011334
v 142.02585654 226.35206567 -95.87716743
v 141.999184 226.35206709 -83.80710876
v 163.99607288 222.49190779 -83.82443107
v 164.02263277 222.49190636 -95.87716697
v 217.84061841 43.44057484 -127.15268827
v 215.26309434 42.7621932 -177.57829162
v 215.22214053 75.13915372 -116.32746892
v 215.22003777 75.15668834 -113.34640214
v 167.82934686 199.14590554 -323.4237342
v 159.6031636 215.65036605 -318.80626933
v 215.22003777 43.00978127 -95.87714576
v 203.56322205 118.52100976 -71.01043267
v 201.7684264 117.63632209 -47.00844672
v 213.60132346 75.96358729 -44.40444545
v 215.22003777 75.19932154 -71.01042755
v 176.77686537 154.99811781 -335.05766463
v 176.425341 199.14181365 -315.12878559
v 187.59517938 154.99811879 -326.75305333
v 161.16696826 73.99666835 -359.31132158
v 160.94028292 114.29690233 -345.83481977
v 185.03203671 114.29700872 -345.83512016
v 194.91862655 73.86899385 -358.64669833
v 216.55999832 -37.13184391 -71.01041428
v 215.22003777 43.05251848 -71.01042375
v 216.16888444 43.05252179 -43.02585525
v 216.16888444 -37.13184049 -42.10683831
v 214.18678019 79.00404186 -99.86088418
v 180.00484406 184.34807726 -95.87716246
v 189.97270318 159.15218526 -95.87715949
v 191.90798341 159.60776509 -95.86499355
v 181.94012429 184.8035507 -95.86509666
v 210.19862771 73.86899483 -350.33798163
v 210.19862771 40.22180284 -358.21547778
v 194.91862655 42.10668425 -369.76340065
v 173.24775352 42.10668425 -369.76340065
v 161.16696826 43.80152051 -369.1649145
v 205.52192056 118.93637132 -95.86498875
v 205.38574163 120.32210095 -99.50582255
v 216.55999832 -37.13184685 -95.87713628
v 215.22003777 -12.2230289 -122.26115479
v 215.22003777 -4.30520783 -128.93917988
v 203.58537616 118.48058496 -95.87715468
v 211.69240286 88.29257921 -95.87715111
v 215.37700651 -26.20415689 -352.2648515
v 215.33480105 -11.2148801 -287.84786677
v 215.33480105 -27.76406824 -293.45408074
v 198.08130695 114.29711284 -338.54624342
v 215.37700651 32.68196891 -352.58958512
v 215.33480105 -1.50258073 -279.16410846
v 215.22781048 5.44341776 -143.60500023
v 215.29826555 14.32309366 -225.92781397
v 215.32051979 42.43186783 -263.2205156
v 215.28524845 14.77667285 -209.08102929
v 215.31369833 11.73810118 -245.84733562
v 215.32786694 7.43579629 -264.12399855
v 216.55999832 -37.13184891 -113.34638887
v 172.1206226 203.28174024 105.93539376
v 176.3398662 199.50105996 102.55738088
v 177.07453147 194.99927064 106.87490414
v 179.01022474 187.03782431 -303.19069889
v 189.30094557 155.0144984 -311.22294856
v 189.9329134 159.19082647 -71.01033735
v 189.90530212 159.1877875 -49.61234786
v 177.4777112 191.25615331 -99.00151832
v 176.02709275 199.13050024 -90.96255698
v 215.26843886 14.32257235 -188.91908877
v 215.24008911 9.72271991 -157.28497464
v 215.2577373 13.46276282 -176.99031563
v 185.80984616 160.06808967 124.5016678
v 177.07453147 194.99926975 99.36666418
v 176.63805799 198.11984456 97.08166158
v 213.71881533 75.54993093 176.46428818
v 203.35921651 112.03378183 155.93345873
v 215.27190592 1.93908292 -190.60109727
v 215.28817729 2.32010645 -208.28938769
v 222.83924853 2.36473384 -208.30335605
v 222.82297715 1.98370405 -190.61506563
v 219.05521425 9.74529331 -157.29208399
v 219.0730627 13.48533622 -176.99732484
v 215.33616535 -19.48799879 -277.39232842
v 215.33616535 -28.31214328 -282.31058941
v 222.88723658 -28.26752216 -282.32455777
v 222.88723658 -19.44337767 -277.40624672
v 219.11390386 14.34566707 -225.93482318
v 219.12933664 11.76067459 -245.85449503
v 219.08377678 14.34514576 -188.92609798
v 219.10078662 14.79924626 -209.0881887
v 216.52062158 -37.26436181 -124.30038114
v 215.22508189 -20.3339306 -132.12140907
v 222.77625326 -20.28930948 -132.13547756
v 224.07180547 -37.21974069 -124.3143495
v 219.15055201 -11.19230669 -287.85502618
v 219.15055201 -27.74149483 -293.46114002
v 224.09616247 -37.13763201 -117.52683149
v 220.37417221 -37.10928176 -113.35354828
v 215.31568844 -0.22939711 -240.54476725
v 215.32944401 -3.83925444 -256.57913413
v 222.88051525 -3.79462705 -256.59310249
v 222.86687233 -0.18477598 -240.55883574
v 222.80996005 9.96788334 -177.91342808
v 222.79252464 6.37903274 -158.91806995
v 222.79567879 -1.87571977 -162.86220111
v 222.81268864 1.26228242 -180.14981541
v 215.33616535 -11.33887839 -269.77381954
v 222.88723658 -11.29435739 -269.78798816
v 222.87946387 4.2266113 -261.96080598
v 222.86539539 8.34254624 -244.33720108
v 215.22508189 -13.69044627 -137.98015757
v 222.77625326 -13.64592528 -137.99422606
v 219.03463721 -4.28263442 -128.94633929
v 219.04282297 5.46599117 -143.61210957
v 222.83725842 11.23223465 -208.86704772
v 222.82056148 10.79009978 -189.41894511
v 219.14351777 7.45837596 -264.13115795
v 222.77268608 -14.63424731 -125.26069555
v 222.88639798 -27.91042883 -289.5843964
v 219.15043936 -1.48000733 -279.17126787
v 222.85017539 10.81035968 -225.12070311
v 222.85195272 1.98411951 -223.08327512
v 219.0343243 -12.20055562 -122.2683142
v 215.30078136 1.93960477 -223.06905643
v 215.24450742 -1.92034089 -162.84813262
v 215.2616174 1.21765503 -180.13574692
v 222.77268608 -7.06470256 -131.6545973
v 222.78045879 2.27853422 -145.74080606
v 222.7838132 -5.46635478 -150.86058194
v 215.23264183 -5.51087577 -150.84651345
v 222.88639798 -4.34071564 -276.42616078
v 222.88639798 -13.63418342 -284.74809374
v 215.36283789 73.98501934 -313.11212115
v 213.76353659 78.91109435 -324.91237591
v 209.88227456 90.96794358 -327.28779836
v 178.02505534 188.18103755 -102.52835181
v 179.28300815 188.63672377 -102.51623595
v 213.24518053 78.85442122 -118.36930209
v 212.24960997 82.46595461 -105.37482928
v 215.60295337 83.26591606 -103.3444617
v 216.59916228 79.6544875 -116.33888445
v 176.82054776 192.46601636 -112.31265777
v 178.75739255 192.92190284 -112.30049184
v 213.38282388 77.75457002 -310.8610139
v 216.73711854 78.5546363 -308.83049613
v 209.51730754 94.04021826 -322.50206082
v 211.84169902 82.37867762 -322.23150396
v 215.19568077 83.1787439 -320.20098619
v 211.45531636 94.49642391 -322.48999502
v 211.82070894 91.42414923 -327.2756825
v 215.70228388 79.36751004 -324.90015991
v 177.46164008 197.29150687 -109.14599771
v 178.73587678 191.71193966 -98.98945252
v 177.8871867 196.27693634 -109.14334411
v 177.06864874 193.0693996 -298.98237034
v 176.25545529 195.57501754 -291.84644486
v 178.1931512 196.0311168 -291.83427893
v 179.00675769 193.52561151 -298.97015435
v 213.62988599 88.74857522 -95.86498518
v 216.12500179 79.46024752 -99.84881838
v 217.30199822 74.44143504 -313.10005535
v 180.94854647 187.49403622 -303.17858303
v 211.2614992 91.52885588 -99.517885
v 203.44972293 119.86642099 -99.51788835
v 213.19855677 91.98485188 -99.5058192
v 177.8985266 189.88310111 -295.22728622
v 179.83622251 190.33920038 -295.21522042
v 217.15878506 75.61299899 -113.33433634
v 177.11494707 192.23521734 -288.35135231
v 179.05233006 192.69120395 -288.33918638
v 201.69765842 114.29533126 -321.5364445
v 204.45589492 114.3426841 -321.52708221
v 204.35866718 116.01001282 -316.95076966
v 191.2392673 155.47070405 -311.21098289
v 202.42065836 115.55391356 -316.96283545
v 176.20064578 199.17281619 -109.15385826
v 183.2442753 119.38326206 172.76087965
v 187.76338789 86.72891439 193.66571255
v 183.32796025 120.02877593 173.70857474
v 160.6937465 191.14582262 127.76407556
v 160.77659285 191.78525036 128.70285894
v 177.79552877 80.36712919 197.1437956
v 176.08399251 160.04415412 142.68668583
v 176.16736455 160.68735557 143.63090134
v 173.02200691 193.726938 120.12408719
v 179.5570432 163.06277637 141.69323018
v 181.30375067 77.2235626 198.9780685
v 187.21352794 119.58779655 173.85399085
v 171.24612361 119.38326206 172.76087965
v 164.39116699 160.04415412 142.68668583
v 169.97273803 188.72484111 122.5191346
v 170.05568451 189.36489467 123.4588442
v 163.10014573 196.31496403 125.73137922
v 144.99963875 186.71832684 -325.90844736
v 154.1851825 154.99811781 -335.05766463
v 141.58382577 191.35292884 -324.54846104
v 142.50557434 199.14023559 -323.42438505
v 161.20276529 18.75377939 -369.41934584
v 173.24775352 17.77931777 -369.76339777
v 173.24775352 -26.02461681 -369.76339259
v 161.25127903 -15.13437078 -369.76339388
v 136.02136734 193.27266372 -323.93840973
v 161.18544253 30.91982669 -369.29588506
v 173.24775352 29.59541463 -369.76339917
v 134.37104901 1.93908292 -190.60109727
v 134.38081183 2.32010645 -208.28938769
v 134.38837177 1.93960477 -223.06905643
v 134.39729599 -0.22939711 -240.54476725
v 134.40947449 -28.31214328 -282.31058941
v 134.40874854 -27.76406824 -293.45408074
v 134.35456485 -1.92034089 -162.84813262
v 134.36485337 1.21765503 -180.13574692
v 135.1428756 -37.13184891 -113.34638887
v 135.11924455 -37.26436181 -124.30038114
v 134.34301217 -13.69044627 -137.98015757
v 134.34753061 -5.51087577 -150.84651345
v 134.40549426 -3.83925444 -256.57913413
v 134.40947449 -11.33887839 -269.77381954
v 134.34301217 -20.3339306 -132.12140907
v 134.40947449 -19.48799879 -277.39232842
v -116.64549532 93.51702211 -356.77714427
v -116.64559545 92.87938459 -354.5617334
v -116.50795211 117.87147704 -345.75451468
v -116.50795211 118.48548977 -347.9781864
v -110.53937258 151.17281044 -335.99769928
v -127.30726616 154.99811771 -335.90728093
v -118.12172241 186.71832674 -326.75821385
v -102.44820422 177.11217398 -327.93856356
v -94.53951311 182.4719851 -326.20318411
v -109.143451 193.27266362 -324.78807609
v 136.02136734 193.27266362 -324.78807609
v 121.41742944 182.4719851 -326.20318411
v 161.16696826 43.80152041 -370.01458087
v 161.25127903 -15.13437088 -370.61301018
v -134.3733627 -15.13437088 -370.61301018
v -134.28905192 43.80152041 -370.01458087
v 129.32612055 177.11217398 -327.93856356
v 144.99963875 186.71832674 -326.75821385
v 154.1851825 154.99811771 -335.90728093
v 137.41728892 151.17281044 -335.99769928
v -99.43923828 180.90219752 -326.74053995
v -114.7058093 191.35292874 -325.39807734
v 141.58382577 191.35292874 -325.39807734
v 126.31726727 180.90219752 -326.74053995
v 143.38586844 118.48548977 -347.9781864
v 143.38586844 117.87147704 -345.75451468
v 143.52351179 92.87938459 -354.5617334
v 143.52341166 93.51702211 -356.77714427
v 134.47342101 84.76942245 -357.36186149
v 161.16696826 73.99666825 -360.16093788
v -134.28905192 73.99666825 -360.16093788
v -107.59550468 84.76942245 -357.36186149
v -89.4544757 179.00598083 -329.14685134
v -89.4544757 178.39186171 -326.92282916
v -94.1234164 176.95467961 -327.42313633
v -94.1234164 177.56869234 -329.64695825
v 116.33239204 178.39186171 -326.92282916
v 116.33239204 179.00598083 -329.14685134
v 137.39334496 97.68366552 -355.30270752
v 137.26620291 119.86198278 -347.35306522
v 121.41742944 183.08610422 -328.42720629
v 126.31726727 181.51631664 -328.964462
v -99.43923828 181.51631664 -328.964462
v -94.53951311 183.08610422 -328.42720629
v 160.96085996 114.27506413 -346.9835791
v -134.08294362 114.27506413 -346.9835791
v -102.44820422 177.7261867 -330.16258575
v 123.86854993 174.09869553 -330.7626237
v 123.86854993 173.4846828 -328.53880178
v 121.00133274 176.95467961 -327.42313633
v 121.00133274 177.56869234 -329.64695825
v -110.53937258 151.78692956 -338.22162133
v -96.9906336 174.09869553 -330.7626237
v -96.9906336 173.4846828 -328.53880178
v -104.70077634 149.73647325 -336.04355936
v -104.70077634 150.35048598 -338.26738128
v -107.54289806 85.42154932 -359.58558328
v -101.42596111 89.83850286 -358.16191326
v 128.30387744 89.83850286 -358.16191326
v 134.42081439 85.42154932 -359.58558328
v 129.32612055 177.7261867 -330.16258575
v 137.41728892 151.78692956 -338.22162133
v 137.26620291 119.24796692 -345.12944357
v 131.57869267 149.73647325 -336.04355936
v 131.57869267 150.35048598 -338.26738128
v -110.38817392 119.86198278 -347.35306522
v -110.38817392 119.24796692 -345.12944357
v -110.51554127 97.04529266 -353.08789744
v -110.51542862 97.68366552 -355.30270752
v -101.47815468 89.18648081 -355.93854193
v 128.35607102 89.18648081 -355.93854193
v 137.3934576 97.04529266 -353.08789744
v -114.01303657 87.26086164 -356.54173423
v 140.89095291 87.26086164 -356.54173423
v -107.87216818 92.04288363 -357.32446321
v -113.9976038 87.88180535 -358.76290266
v 140.87552013 87.88180535 -358.76290266
v 134.75008452 92.04288363 -357.32446321
v 134.76541716 91.42173027 -355.10349504
v -107.88750083 91.42173027 -355.10349504
v -134.08294362 114.27506443 -344.43463008
v -134.28905192 73.99666855 -357.61173853
v -134.28905192 43.80152071 -367.46548165
v 161.16696826 43.80152071 -367.46548165
v 161.16696826 73.99666855 -357.61173853
v -114.7058093 191.35292904 -322.84887798
v -118.12172241 186.71832704 -324.2090145
v 144.99963875 186.71832704 -324.2090145
v 141.58382577 191.35292904 -322.84887798
v -109.143451 193.27266392 -322.23887674
v 136.02136734 193.27266392 -322.23887674
v -127.30726616 154.99811801 -333.35808158
v 154.1851825 154.99811801 -333.35808158
v -134.3733627 -15.13437058 -368.06386089
v 161.25127903 -15.13437058 -368.06386089
v 160.96085996 114.27506443 -344.43463008
v -190.65959132 -37.13184049 -42.10683831
v -190.48203303 -37.13182073 125.1144462
v -190.48203303 -8.33584864 125.1144428
v -190.65959132 -7.49317996 -42.10684181
v -190.48203303 16.08380472 125.11443991
v -190.65959132 14.87948384 -42.56639825
v -190.65959132 43.05252179 -43.02585525
v -190.63795039 24.65467973 -22.19285592
v -190.6426816 30.90422473 -26.8958108
v -186.66618194 80.56955188 121.7725164
v -188.1732871 75.62898613 121.77251698
v -188.1929254 75.54993093 176.46428818
v -186.68287888 80.50025964 164.55748092
v -152.69917821 190.71440199 95.64835426
v -151.30126651 194.99926975 99.36666418
v -150.86196432 198.11984456 97.08166158
v -152.28602287 193.64829403 93.50005629
v -176.87923552 114.79516538 148.83166496
v -177.76339721 112.03378183 155.93345873
v -160.0954836 160.06808967 124.5016678
v -160.2680979 159.95637352 119.27993206
v -164.14452858 159.12867294 -44.41970031
v -164.21866349 159.1877875 -49.61234786
v -176.1618054 117.63632209 -47.00844672
v -175.373382 120.06266375 -41.97140392
v -151.54517448 195.73222815 -45.66904613
v -150.07386635 200.92498757 -52.21634914
v -150.85504273 197.9222173 -52.02987879
v -152.27961445 193.46253341 -46.69254061
v -149.82219819 200.9250044 90.18985621
v -151.30851354 196.81684388 87.02046749
v -151.53498609 196.81682873 -41.13271103
v -150.06305214 200.92498829 -46.11630939
v -185.81781729 83.5265466 166.42755012
v -186.88594568 83.83743867 166.43668709
v -187.75299739 80.80485202 164.56283792
v -186.24798247 89.81502106 -35.25094544
v -186.67899878 84.56198896 -39.72144354
v -187.64569391 81.18050237 -36.04040668
v -187.2196216 86.44613501 -31.55196
v -164.10736726 158.91448593 -38.86217333
v -166.09693131 159.51285327 -39.71494384
v -176.67764565 123.00978647 -37.37922066
v -174.57164111 122.87381729 -36.58062138
v -152.6047917 197.12131629 -41.11999436
v -152.61496757 196.03681585 -45.65642958
v -153.34952018 193.76702098 -46.67982394
v -165.21464709 159.43316051 -44.40698364
v -154.9071292 191.62668439 -41.89666417
v -153.05017688 190.58933404 -40.98025999
v -187.73620032 80.87403905 121.77251636
v -152.14522538 193.19387081 83.62836108
v -153.98820935 194.27847092 84.2224415
v -154.20292896 194.27457653 -36.66556642
v -152.35626516 193.19385669 -35.79892763
v -175.97479719 118.01432847 141.23092809
v -177.9490286 115.09965295 148.84425647
v -161.33779085 160.26075469 119.2926237
v -160.49478324 159.67803215 113.69143946
v -152.37820649 197.12133144 87.03315913
v -185.61045734 84.25183145 -39.73373465
v -186.57546275 80.8760152 -36.05792967
v -176.44350051 120.36715131 -41.95881241
v -153.76877103 191.0187769 95.66107093
v -153.44117811 188.05401858 91.66882593
v -184.23427419 89.41175615 157.48991891
v -153.35561569 193.95266895 93.5126478
v -184.03761581 90.09283929 -34.51147389
v -185.01114491 86.72153835 -30.83379144
v -185.11088846 86.37581002 155.64251699
v -154.91301193 191.8015172 90.32235638
v -154.21247901 193.72113638 -40.87682446
v -187.73031759 80.89482718 114.13713435
v -187.30224265 86.17116918 121.77251574
v -187.29615966 86.19216774 114.13713372
v -153.05627239 190.76079974 89.66677014
v -152.36571508 192.64052919 -39.94489989
v -188.07459493 75.96358729 -44.40444545
v -186.66019908 80.59023518 114.13713438
v -185.09335292 86.43659839 121.7725157
v -155.49258592 189.91128372 90.88512101
v -153.62953809 188.8938844 90.24130022
v -154.5842675 192.34424213 84.75769499
v -152.73477498 191.28378624 84.17435367
v -190.48508704 49.15330722 123.90279405
v -190.43394485 50.80730891 180.14637894
v -190.6401658 43.16885808 -24.49215412
v -190.4836101 33.06410544 124.49222038
v -190.43394485 34.07227733 180.823821
v -190.43394485 -8.56431716 181.53884049
v -190.43394485 16.41034667 181.53883753
v -190.43394485 -37.13181406 181.53874373
v -188.1677298 75.64840938 114.13713497
v -185.0869445 86.45896125 114.13713369
v -174.10630471 122.03722845 103.96759288
v -176.19350955 122.22096989 104.16560302
v -163.12576504 157.61549487 93.79802705
v -165.09085945 158.24966564 94.1939722
v -176.50576983 121.38132065 111.28913763
v -165.70938462 156.59136886 100.80573449
v -174.41435946 121.21133478 111.07065058
v -163.73526586 155.98606726 100.36866029
v -153.43540803 189.01336575 84.82333162
v -155.29277339 190.04515897 85.3940814
v -156.18156617 187.6642815 91.55417534
v -154.31107105 186.67469372 90.92419773
v -190.64278173 39.09482058 -27.08511048
v -190.60277918 39.09482509 11.05587738
v -190.60645901 43.16886188 7.64719829
v -190.6426816 35.10992553 -26.99303904
v -181.68582583 43.16885808 -24.50139126
v -181.68845428 39.09482058 -27.09447278
v -190.60289182 35.10993 10.83486246
v -190.60887468 24.65468298 5.30507319
v -190.60299195 30.90422916 10.60145629
v -181.68372306 24.65457334 -22.20219319
v -181.65453471 24.65457659 5.29581102
v -181.68845428 35.10981913 -27.00227618
v -181.68834163 30.90411834 -26.90504794
v -181.68750303 30.84448071 -26.06026298
v -181.64845172 39.09482509 11.04664024
v -181.65211904 43.16886188 7.63786102
v -181.64855185 35.10982361 10.8255252
v -181.64865198 30.90412277 10.59221915
v -181.64960323 30.84448494 9.74039997
v -190.64919015 30.84469036 -26.05092571
v -186.16829027 30.8445871 -26.05553176
v -186.16388448 25.14259274 -21.56540658
v -190.64478437 25.14259274 -21.5607755
v -190.61696031 25.14259584 4.693044
v -186.13606042 25.14259584 4.68831278
v -186.13050312 30.84459133 9.74510615
v -190.61139049 30.84469459 9.74973724
v -181.68299711 25.14248948 -21.57011276
v -181.65527318 25.14249258 4.68370673
v -190.61117771 34.68186121 9.97252951
v -190.64929029 34.68185694 -26.14372309
v -186.13039047 34.68175795 9.96792346
v -186.16840292 34.68175368 -26.1484543
v 217.3597491 -8.33584864 125.1144428
v 217.3597491 -37.13182073 125.1144462
v 217.53729488 -37.13184049 -42.10683831
v 217.53729488 -7.49317996 -42.10684181
v 217.3597491 16.08380472 125.11443991
v 217.53729488 14.87948384 -42.56639825
v 217.51576659 24.65467973 -22.19285592
v 217.53729488 43.05252179 -43.02585525
v 217.52038516 30.90422473 -26.8958108
v 215.07062896 75.54993093 176.46428818
v 215.05110331 75.62898613 121.77251698
v 213.5438855 80.56955188 121.7725164
v 213.56069508 80.50025964 164.55748092
v 177.73966788 198.11984456 97.08166158
v 178.17897007 194.99926975 99.36666418
v 179.57688177 190.71440199 95.64835426
v 179.16382656 193.64829403 93.50005629
v 186.97329981 160.06808967 124.5016678
v 204.64111328 112.03378183 155.93345873
v 203.75693908 114.79516538 148.83166496
v 187.1459141 159.95637352 119.27993206
v 203.03950896 117.63632209 -47.00844672
v 191.09636704 159.1877875 -49.61234786
v 191.02234479 159.12867294 -44.41970031
v 202.25119821 120.06266375 -41.97140392
v 177.73274628 197.9222173 -52.02987879
v 176.95158242 200.92498757 -52.21634914
v 178.42287804 195.73222815 -45.66904613
v 179.15731801 193.46253341 -46.69254061
v 176.69990174 200.9250044 90.18985621
v 178.18621709 196.81684388 87.02046749
v 189.32089678 160.28605613 114.58684084
v 188.21560706 160.26075469 119.2926237
v 204.82674468 115.09965295 148.84425647
v 204.97309947 118.09213083 142.40394429
v 176.9407557 200.92498829 -46.11630939
v 178.41268965 196.81682873 -41.13271103
v 182.1844453 189.0423422 92.32618951
v 180.64647459 191.0187769 95.66107093
v 213.76364924 83.83743867 166.43668709
v 212.69552084 83.5265466 166.42755012
v 214.63070095 80.80485202 164.56283792
v 213.31668698 89.15409746 158.77369317
v 214.19402721 86.11185086 156.90970697
v 211.98859202 86.37581002 155.64251699
v 211.11199027 89.41175615 157.48991891
v 203.55534921 123.00978647 -37.37922066
v 192.97463487 159.51285327 -39.71494384
v 190.98507081 158.91448593 -38.86217333
v 201.44934466 122.87381729 -36.58062138
v 179.48259538 197.12131629 -41.11999436
v 179.49278377 196.03681585 -45.65642958
v 181.79071549 191.8015172 90.32235638
v 180.31899432 188.05401858 91.66882593
v 179.93397595 190.76079974 89.66677014
v 180.22733639 193.76702098 -46.67982394
v 192.09235065 159.43316051 -44.40698364
v 181.78494541 191.62668439 -41.89666417
v 179.92799309 190.58933404 -40.98025999
v 214.61400401 80.87403905 121.77251636
v 181.08063252 194.27457653 -36.66556642
v 180.86602555 194.27847092 84.2224415
v 179.02302907 193.19387081 83.62836108
v 179.23396872 193.19385669 -35.79892763
v 214.09742528 86.44613501 -31.55196
v 214.52339746 81.18050237 -36.04040668
v 213.55680247 84.56198896 -39.72144354
v 213.12569855 89.81502106 -35.25094544
v 179.25602269 197.12133144 87.03315913
v 212.4881609 84.25183145 -39.73373465
v 213.45327895 80.8760152 -36.05792967
v 203.32131672 120.36715131 -41.95881241
v 202.8526134 118.01432847 141.23092809
v 187.37259944 159.67803215 113.69143946
v 181.09029522 193.72113638 -40.87682446
v 180.23341938 193.95266895 93.5126478
v 210.91533188 90.09283929 -34.51147389
v 211.88884847 86.72153835 -30.83379144
v 214.60802115 80.89482718 114.13713435
v 214.17386321 86.19216774 114.13713372
v 214.17995872 86.17116918 121.77251574
v 179.24341863 192.64052919 -39.94489989
v 214.95241114 75.96358729 -44.40444545
v 213.53801528 80.59023518 114.13713438
v 180.50725417 188.8938844 90.24130022
v 182.37028948 189.91128372 90.88512101
v 181.4620837 192.34424213 84.75769499
v 211.97105648 86.43659839 121.7725157
v 179.61247854 191.28378624 84.17435367
v 217.31166092 50.80730891 180.14637894
v 217.3627906 49.15330722 123.90279405
v 217.51796948 43.16885808 -24.49215412
v 217.31166092 34.07227733 180.823821
v 217.36131366 33.06410544 124.49222038
v 217.31166092 16.41034667 181.53883753
v 217.31166092 -8.56431716 181.53884049
v 217.31166092 -37.13181406 181.53874373
v 215.04543336 75.64840938 114.13713497
v 211.96464806 86.45896125 114.13713369
v 200.9841084 122.03722845 103.96759288
v 203.07121311 122.22096989 104.16560302
v 190.00356873 157.61549487 93.79802705
v 191.96856301 158.24966564 94.1939722
v 203.38357352 121.38132065 111.28913763
v 192.58708818 156.59136886 100.80573449
v 201.29206301 121.21133478 111.07065058
v 190.61296941 155.98606726 100.36866029
v 180.31322423 189.01336575 84.82333162
v 182.1705896 190.04515897 85.3940814
v 183.05926972 187.6642815 91.55417534
v 181.18877461 186.67469372 90.92419773
v 217.52049781 39.09482058 -27.08511048
v 217.48049525 39.09482509 11.05587738
v 217.48427521 43.16886188 7.64719829
v 217.52049781 35.10992553 -26.99303904
v 208.56364203 43.16885808 -24.50139126
v 208.56615784 39.09482058 -27.09447278
v 217.48059538 35.10993 10.83486246
v 217.48657824 24.65468298 5.30507319
v 217.48069551 30.90422916 10.60145629
v 208.56142662 24.65457334 -22.20219319
v 208.53235092 24.65457659 5.29581102
v 208.56615784 35.10981913 -27.00227618
v 208.56615784 30.90411834 -26.90504794
v 208.56520659 30.84448071 -26.06026298
v 208.52993524 43.16886188 7.63786102
v 208.52615528 39.09482509 11.04664024
v 208.52636806 35.10982361 10.8255252
v 208.52646819 30.90412277 10.59221915
v 208.52730679 30.84448494 9.74039997
v 213.04158804 25.14259274 -21.56540658
v 213.04610647 30.8445871 -26.05553176
v 217.52689371 30.84469036 -26.05092571
v 217.52248792 25.14259274 -21.5607755
v 213.00820668 30.84459133 9.74510615
v 213.01387663 25.14259584 4.68831278
v 217.49466386 25.14259584 4.693044
v 217.48909405 30.84469459 9.74973724
v 208.56070067 25.14248948 -21.57011276
v 208.53297674 25.14249258 4.68370673
v 217.48899391 34.68186121 9.97252951
v 217.52700636 34.68185694 -26.14372309
v 213.00809403 34.68175795 9.96792346
v 213.0462066 34.68175368 -26.1484543
v -182.82922812 50.80730891 180.14637894
v -190.43394485 50.80730891 180.14637894
v -190.43394485 34.07227733 180.823821
v -182.82922812 34.07227733 180.823821
v 170.85238128 200.92498757 -52.21634914
v 176.95158242 200.92498757 -52.21634914
v 177.73274628 197.9222173 -52.02987879
v 171.60446943 197.9222173 -52.02987879
v 207.43567251 75.96358729 -44.40444545
v 214.95241114 75.96358729 -44.40444545
v 217.53729488 43.05252179 -43.02585525
v 209.92427975 43.05252179 -43.02585525
v 217.53729488 14.87948384 -42.56639825
v 209.92427975 14.87948384 -42.56639825
v 217.53729488 -7.49317996 -42.10684181
v 209.92427975 -7.49317996 -42.10684181
v 217.53729488 -37.13184049 -42.10683831
v 209.92427975 -37.13184049 -42.10683831
v 170.61005038 200.9250044 90.18985621
v 176.69990174 200.9250044 90.18985621
v 176.9407557 200.92498829 -46.11630939
v 170.84199263 200.92498829 -46.11630939
v 195.96731691 117.63632209 -47.00844672
v 203.03950896 117.63632209 -47.00844672
v -144.72676588 197.9222173 -52.02987879
v -150.85504273 197.9222173 -52.02987879
v -150.07386635 200.92498757 -52.21634914
v -143.97467772 200.92498757 -52.21634914
v 184.4695727 159.1877875 -49.61234786
v 191.09636704 159.1877875 -49.61234786
v -183.04656368 43.05252179 -43.02585525
v -190.65959132 43.05252179 -43.02585525
v -188.07459493 75.96358729 -44.40444545
v -180.55806908 75.96358729 -44.40444545
v -183.04656368 14.87948384 -42.56639825
v -190.65959132 14.87948384 -42.56639825
v 209.70704433 16.41034667 181.53883753
v 217.31166092 16.41034667 181.53883753
v 217.31166092 34.07227733 180.823821
v 209.70704433 34.07227733 180.823821
v -183.04656368 -7.49317996 -42.10684181
v -190.65959132 -7.49317996 -42.10684181
v 209.70704433 -37.13181406 181.53874373
v 217.31166092 -37.13181406 181.53874373
v 217.31166092 -8.56431716 181.53884049
v 209.70704433 -8.56431716 181.53884049
v -183.04656368 -37.13184049 -42.10683831
v -190.65959132 -37.13184049 -42.10683831
v 209.70704433 50.80730891 180.14637894
v 217.31166092 50.80730891 180.14637894
v 215.07062896 75.54993093 176.46428818
v 207.54958468 75.54993093 176.46428818
v -143.96428907 200.92498829 -46.11630939
v -150.06305214 200.92498829 -46.11630939
v -149.82219819 200.9250044 90.18985621
v -143.73234683 200.9250044 90.18985621
v 204.64111328 112.03378183 155.93345873
v 197.50908011 112.03378183 155.93345873
v -176.1618054 117.63632209 -47.00844672
v -169.08951322 117.63632209 -47.00844672
v 186.97329981 160.06808967 124.5016678
v 180.50032006 160.06808967 124.5016678
v -164.21866349 159.1877875 -49.61234786
v -157.59186914 159.1877875 -49.61234786
v 178.17897007 194.99926975 99.36666418
v 172.03410893 194.99926975 99.36666418
v -190.43394485 16.41034667 181.53883753
v -182.82922812 16.41034667 181.53883753
v 171.61107812 198.11984456 97.08166158
v 177.73966788 198.11984456 97.08166158
v -182.82922812 -8.56431716 181.53884049
v -190.43394485 -8.56431716 181.53884049
v -190.43394485 -37.13181406 181.53874373
v -182.82922812 -37.13181406 181.53874373
v -180.67178099 75.54993093 176.46428818
v -188.1929254 75.54993093 176.46428818
v -170.63136404 112.03378183 155.93345873
v -177.76339721 112.03378183 155.93345873
v -153.62250385 160.06808967 124.5016678
v -160.0954836 160.06808967 124.5016678
v -145.15629273 194.99926975 99.36666418
v -151.30126651 194.99926975 99.36666418
v -150.86196432 198.11984456 97.08166158
v -144.73337456 198.11984456 97.08166158
v 95.16455494 -32.09347441 455.56411216
v 96.51164987 -83.0129509 462.69688356
v 93.92025132 -83.00686791 462.69604496
v -180.39427888 -38.55531758 429.77899049
v -191.83458513 -29.28075085 427.76832261
v -182.70690491 -19.81288069 421.12745866
v -181.59405525 -19.87829164 421.1237851
v -125.23906128 -19.16976962 504.56690091
v -116.06234163 -19.16976893 510.41084167
v -115.96637804 -19.16977529 456.58960176
v -125.14403643 -19.16977539 455.74900356
v -112.15818702 -19.16976814 517.06524729
v -112.06107192 -19.16977518 457.51419157
v -88.53125019 -19.1697677 520.83910571
v -88.43350301 -19.16977372 469.85642033
v -84.23493658 -19.16976802 518.08916761
v -84.1376087 -19.16977377 469.46415494
v -80.32879186 -19.16976916 508.46969122
v -80.23219619 -19.16977394 468.00724072
v -74.27526947 -19.1697694 506.46311732
v -74.17888659 -19.16977398 467.6989732
v -80.34391172 -61.88522223 520.01909585
v -80.34391172 -83.78823996 501.46071486
v -74.29060212 -83.78824022 499.31271764
v -74.29060212 -61.88522248 517.87109863
v -84.24932423 -61.88522103 530.17311206
v -84.24932423 -83.78823876 511.61473107
v -88.54521854 -61.88522071 532.90677878
v -88.54521854 -83.78823844 514.34849793
v -112.17278119 -61.88522115 529.19675424
v -112.17278119 -83.78823888 510.63837325
v -116.07809983 -61.88522191 522.75286271
v -116.07809983 -83.78823964 504.19448172
v -125.25575822 -61.8852226 516.89474081
v -125.25575822 -83.78824033 498.33647247
v -125.25575822 -29.28178544 516.89473696
v -116.07809983 -29.28178475 522.75285885
v 93.92025132 -19.16977398 467.6989732
v 93.92025132 -19.1697694 506.46469439
v 96.49789429 -19.1697694 506.46311732
v 96.40151141 -19.16977398 467.6989732
v -188.61889758 -83.7882452 457.15700489
v -190.63964011 -61.88522754 475.13066763
v -189.95212429 -69.9887773 452.86205394
v -180.4856239 -83.78824349 471.60796679
v -180.4856239 -61.88522576 490.16623513
v -71.69763276 -19.16977398 467.6989732
v -71.69763276 -19.16977553 454.5294825
v -74.16113827 -19.16977553 454.53158526
v -84.2426029 -32.09347441 455.56411216
v -84.12038607 -19.92364736 453.85940218
v -80.21497356 -19.92385389 453.85940218
v -88.41628038 -19.92333445 453.85940218
v -114.32813808 -32.09347521 448.80123902
v -112.62279746 -19.92973717 449.13953833
v -116.1289166 -19.92847947 447.42999844
v -124.36812947 -19.92385512 443.41202553
v 93.92025132 -29.28178532 517.87109478
v 96.51322694 -29.28178532 517.87109478
v -194.71272918 -35.40461435 438.79106845
v -191.60411982 -36.05244052 438.78603066
v -191.60411982 -29.28106288 435.26542294
v -194.71272918 -28.6333431 435.2703606
v -80.34233465 -83.01746934 462.69750938
v -84.24774716 -83.02072361 462.69793494
v -88.54364147 -83.02292651 462.69824786
v -112.17813823 -83.0185221 450.97318622
v -116.07872565 -83.02019931 450.95270932
v -180.44645994 -64.40270163 441.90272273
v -180.48414696 -83.09106746 450.66859228
v -188.04404229 -83.04634618 450.78388125
v -189.65131656 -70.46872106 447.19544623
v -180.4856239 -83.78824584 451.77272432
v -125.25575822 -83.78824584 451.76999573
v 81.30902537 -73.21497749 462.68827109
v 81.30902537 -31.71895734 455.56411212
v -71.69763276 -83.78824022 499.31271764
v -74.29060212 -83.78824444 463.5740111
v -71.69763276 -83.78824444 463.57307236
v -125.24515679 -83.02471775 450.90494031
v -72.94193012 -32.09347441 455.56411216
v -74.28902505 -83.0129509 462.69688356
v -191.12030915 -52.96596202 446.53470728
v 139.55079209 -32.09347535 447.64219743
v 147.46776909 -83.02471775 450.90494031
v 138.30135047 -83.02019931 450.95270932
v -194.91747319 -28.63292458 428.60786935
v -194.91547055 -35.95079515 433.02439803
v -188.03406668 -83.78824584 451.77577207
v 93.92025132 -61.88522248 517.87109863
v 96.51322694 -61.88522248 517.87109863
v -190.63964011 -29.28169024 475.13066377
v -112.17278119 -29.28178398 529.19675039
v -88.54521854 -29.28178355 532.90677493
v -84.24932423 -29.28178387 530.17310821
v -80.34391172 -29.28178507 520.019092
v -74.29060212 -29.28178532 517.87109478
v -180.4856239 -29.2817886 490.16623128
v -181.72278689 -19.16977943 421.60802124
v -124.40676774 -19.16977677 444.09754489
v 216.935354 -28.6333431 435.2703606
v 206.80580744 -18.52195845 430.59742596
v 203.69729821 -19.16977836 430.59249456
v 213.82674464 -29.28106288 435.26542294
v -180.47438413 -19.16977283 477.39383613
v -74.16166396 -19.92396028 453.85950857
v -71.69763276 -19.1697694 506.46469439
v -71.69763276 -29.28178532 517.87109478
v -59.08640681 -29.08177253 517.87109475
v -59.08640681 -19.59710587 506.46469444
v -194.2933782 -52.77297154 441.58258824
v -194.22880586 -52.31823599 446.53974507
v 213.95011924 -83.14041903 457.16204268
v 213.36528834 -83.14041967 451.78186124
v 215.02349203 -69.7553712 447.97377503
v 215.28324582 -69.34096364 452.86709173
v -80.34391172 -83.78824444 463.57538791
v -84.24932423 -83.78824444 463.57737802
v -88.54521854 -83.78824444 463.58010661
v -112.17278119 -83.78824584 451.77125989
v -116.07809983 -83.78824584 451.77010212
v -181.47468591 -19.16977836 430.59249456
v 93.92025132 -19.92406666 453.85950857
v 96.38428878 -19.92396028 453.85950857
v 202.70824872 -83.78824584 451.77083433
v 202.70824872 -83.78824349 471.60796679
v 147.47838303 -83.78824033 498.33647247
v 147.47838303 -83.78824584 451.76884422
v -80.21455426 -19.16977553 454.53483954
v -84.11976025 -19.16977553 454.53966463
v -88.41575469 -19.16977553 454.54627957
v -112.57334499 -19.16977608 449.92951993
v -116.11526116 -19.16977628 448.1890081
v -124.40676774 -19.16977677 444.09754489
v -184.58318262 -18.52195845 430.59742596
v -184.83054512 -18.52195951 421.64088309
v -191.83458513 -36.67316936 432.23189435
v -191.19505736 -53.4927173 440.79344523
v -191.96635826 -69.98626216 447.19922614
v -190.35960968 -82.56294855 450.78734199
v 214.05720995 -29.28075085 427.76832261
v 203.85321557 -19.89372441 421.13617012
v 207.9624271 -19.4060211 421.38364522
v 216.36176286 -28.80050111 427.77210252
v -192.80107999 -69.75505829 447.97829346
v -193.060621 -69.34096364 452.86709173
v -194.13913804 -28.80050111 427.77210252
v -194.14523355 -36.19166171 432.23556787
v -193.50896006 -53.01047118 440.79722514
v 210.84150989 -83.7882452 457.15700489
v 210.25637859 -83.78824584 451.77325001
v -191.72749442 -83.14041903 457.16204268
v -184.02418566 -18.96567385 420.80816405
v -184.83054512 -18.52195951 421.64088309
v -71.69763276 -61.88522248 517.87109863
v 202.6169037 -38.55531758 429.77899049
v 138.18900286 -19.16977529 456.58960176
v 138.28496644 -19.16976893 510.41084167
v 147.4616861 -19.16976962 504.56690091
v 147.36666125 -19.16977539 455.74900356
v 134.28358409 -19.16977518 457.51419157
v 134.38081183 -19.16976814 517.06524729
v 110.65612783 -19.16977372 469.85642033
v 110.75376862 -19.1697677 520.83910571
v 106.36012713 -19.16977377 469.46415494
v 106.4575614 -19.16976802 518.08916761
v 102.45481475 -19.16977394 468.00724072
v 102.55141042 -19.16976916 508.46969122
v 96.51322694 -83.78824022 499.31271764
v 102.56653028 -83.78823996 501.46071486
v 102.56653028 -61.88522223 520.01909585
v 106.47184266 -83.78823876 511.61473107
v 106.47194905 -61.88522103 530.17311206
v 110.76783711 -83.78823844 514.34849793
v 110.76783711 -61.88522071 532.90677878
v 134.39530588 -83.78823888 510.63837325
v 134.39530588 -61.88522115 529.19675424
v 138.30072465 -83.78823964 504.19448172
v 138.30072465 -61.88522191 522.75286271
v 147.47838303 -61.8852226 516.89474081
v 138.30072465 -29.28178475 522.75285885
v 147.47838303 -29.28178544 516.89473696
v 212.17474911 -69.9887773 452.86205394
v 212.86226493 -61.88522754 475.13066763
v 202.70824872 -61.88522576 490.16623513
v 93.92025132 -19.16977553 454.52969528
v 96.38376309 -19.16977553 454.53189818
v 106.46522772 -32.09347441 455.56411216
v 102.43759838 -19.92385389 453.85940218
v 106.34301089 -19.92364736 453.85940218
v 110.6389052 -19.92333445 453.85940218
v 134.84542228 -19.92973717 449.13953833
v 138.35142877 -19.92847947 447.42999844
v 146.59074178 -19.92385512 443.41202553
v -191.14308908 -83.14041967 451.7853283
v 213.82674464 -36.05244052 438.78603066
v 216.935354 -35.40461435 438.79106845
v 106.47037198 -83.02072361 462.69793494
v 102.56495947 -83.01746934 462.69750938
v 110.76626629 -83.02292651 462.69824786
v 134.40076305 -83.0185221 450.97318622
v 210.26666711 -83.04634618 450.78388125
v 202.70677178 -83.09106746 450.66859228
v 202.66908476 -64.40270163 441.90272273
v 211.87394138 -70.46872106 447.19544623
v 96.51322694 -83.78824444 463.57381083
v 93.92025132 -83.78824022 499.31271764
v 93.92025132 -83.78824444 463.57307236
v 213.34282132 -52.96596202 446.53470728
v -59.08640681 -31.71895734 455.56411212
v -59.08640681 -73.21497749 462.68827109
v 217.13840829 -35.95153362 433.01610588
v 217.14051105 -28.63292458 428.59589737
v 212.86226493 -29.28169024 475.13066377
v 134.39530588 -29.28178398 529.19675039
v 110.76783711 -29.28178355 532.90677493
v 106.47194905 -29.28178387 530.17310821
v 102.56653028 -29.28178507 520.019092
v 202.70824872 -29.2817886 490.16623128
v 203.94529906 -19.16977942 421.61243329
v 146.62949269 -19.16977677 444.09996056
v 81.30902537 -19.59710587 506.46469444
v 81.30902537 -29.08177253 517.87109475
v 202.69700895 -19.16977283 477.39383613
v 216.51610315 -52.77349723 441.5763926
v 216.45143068 -52.31823599 446.53974507
v 102.56653028 -83.78824444 463.57517513
v 106.47184266 -83.78824444 463.57706511
v 110.76783711 -83.78824444 463.57968105
v 134.39530588 -83.78824584 451.77062781
v 138.30072465 -83.78824584 451.76926352
v 102.43707269 -19.16977553 454.53536523
v 106.34238507 -19.16977553 454.54029671
v 110.63827312 -19.16977553 454.54722456
v 134.79575702 -19.16977608 449.93078409
v 138.33788597 -19.16977628 448.19079795
v 146.62949269 -19.16977677 444.09996056
v 203.94529906 -19.16977942 421.61243329
v 207.05379577 -18.52195951 421.62041245
v 214.05720995 -36.67316936 432.23189435
v 213.41779483 -53.4927173 440.79344523
v 214.18898308 -69.98626216 447.19922614
v 212.5822345 -82.56294855 450.78734199
v 216.36784585 -36.19166171 432.23556787
v 215.73157236 -53.01047118 440.79722514
v 81.30902537 -19.59711201 454.52864395
v 81.30902537 -19.59711045 467.69897325
v 81.30902537 -53.45523395 517.87109764
v -59.08640681 -53.45523395 517.87109764
v -59.08640681 -73.9993913 499.31271649
v 81.30902537 -73.9993913 499.31271649
v -59.08640681 -73.99939552 463.57264565
v -59.08640681 -20.35045189 453.86633008
v 81.30902537 -20.35045189 453.86633008
v -71.69763276 -19.92406666 453.85950857
v -59.08640681 -19.59711201 454.52864395
v -59.08640681 -19.59711045 467.69897325
v 81.30902537 -73.99939552 463.57264565
v -71.69763276 -83.00686791 462.69604496
v -194.91747319 -28.63292458 428.60786935
v -125.25575822 -83.78824584 451.76999573
v -180.4856239 -83.78824584 451.77272432
v -116.11526116 -19.16977628 448.1890081
v -112.57334499 -19.16977608 449.92951993
v -88.41575469 -19.16977553 454.54627957
v -84.11976025 -19.16977553 454.53966463
v -80.21455426 -19.16977553 454.53483954
v -74.16113827 -19.16977553 454.53158526
v -181.72278689 -19.16977943 421.60802124
v -116.07809983 -83.78824584 451.77010212
v -112.17278119 -83.78824584 451.77125989
v -88.54521854 -83.78824444 463.58010661
v -84.24932423 -83.78824444 463.57737802
v -80.34391172 -83.78824444 463.57538791
v -74.29060212 -83.78824444 463.5740111
v -188.03406668 -83.78824584 451.77577207
v -194.2933782 -52.77297154 441.58258824
v -194.91547055 -35.95079515 433.02439803
v -192.80107999 -69.75505829 447.97829346
v -191.14308908 -83.14041967 451.7853283
v 217.14051105 -28.63292458 428.59589737
v 207.05379577 -18.52195951 421.62041245
v 147.47838303 -83.78824584 451.76884422
v 202.70824872 -83.78824584 451.77083433
v 138.33788597 -19.16977628 448.19079795
v 134.79575702 -19.16977608 449.93078409
v 110.63827312 -19.16977553 454.54722456
v 106.34238507 -19.16977553 454.54029671
v 102.43707269 -19.16977553 454.53536523
v 96.38376309 -19.16977553 454.53189818
v 138.30072465 -83.78824584 451.76926352
v 134.39530588 -83.78824584 451.77062781
v 110.76783711 -83.78824444 463.57968105
v 106.47184266 -83.78824444 463.57706511
v 102.56653028 -83.78824444 463.57517513
v 96.51322694 -83.78824444 463.57381083
v 210.25637859 -83.78824584 451.77325001
v 216.51610315 -52.77349723 441.5763926
v 217.13840829 -35.95153362 433.01610588
v 215.02349203 -69.7553712 447.97377503
v 213.36528834 -83.14041967 451.78186124
v -59.08640681 -73.99939552 463.57264565
v 81.30902537 -73.99939552 463.57264565
v 81.30902537 -19.59711201 454.52864395
v -59.08640681 -19.59711201 454.52864395
v -71.69763276 -83.78824444 463.57307236
v 93.92025132 -83.78824444 463.57307236
v -71.69763276 -19.16977553 454.5294825
v 93.92025132 -19.16977553 454.52969528
v -38.91476297 -98.91515012 -325.62639305
v -35.81970579 -91.34654841 -368.55154265
v 61.45331851 -91.34654841 -368.55154265
v 64.54827242 -98.91515012 -325.62639305
v -198.56899587 -81.49376463 -361.26231661
v -199.15992228 -87.86058742 -319.07153203
v -199.1361911 -37.31802678 -289.10246209
v -198.56899587 -36.84818064 -362.65585283
v -193.70624427 -36.83736865 -381.43742966
v -193.70624427 -80.31697068 -380.11018067
v -180.42105156 -36.82456595 -395.18599369
v -180.42105156 -79.45570353 -396.64185149
v -41.86062411 -49.87593562 -366.99915789
v -41.86062411 -61.28138516 -380.50810575
v -56.83561202 -61.28169891 -387.57904615
v -56.63665061 -49.87593645 -374.06989803
v -56.63507354 -91.35064228 -376.93555828
v -41.86062411 -91.34654857 -369.86461788
v -44.6673681 -98.91515012 -325.62639305
v -118.39649594 -98.92376143 -325.6314497
v -187.06811003 -25.4076612 -359.18604525
v -187.63529274 -26.31460002 -282.57794092
v -160.70823869 -25.40766446 -386.70810607
v -174.32847161 -25.40766401 -382.9315441
v -183.33173836 -25.40766291 -373.61525357
v -183.31619294 -92.20541496 -373.64478448
v -187.07146443 -92.83075987 -359.04124704
v -174.29318775 -91.61680521 -383.04428441
v -187.97757997 -98.93268566 -325.63680673
v -146.65300924 -91.37363648 -389.57521533
v -160.69510894 -91.37909365 -389.57531546
v -162.27319486 -79.141654 -401.6912859
v -146.65300924 -79.14186678 -401.6912859
v -134.28044061 -98.92711584 -325.63345233
v -127.39818562 -98.92575155 -325.63260121
v -128.27616418 -31.76376623 -285.80893543
v -133.92439781 -26.31460002 -282.57794092
v -67.75861985 -61.28191278 -396.79755821
v -67.32319775 -49.87593754 -383.21015728
v -199.15992228 -87.86058742 -319.07153203
v -187.97757997 -98.93268566 -325.63680673
v -187.63529274 -26.31460002 -282.57794092
v -199.1361911 -37.31802678 -289.10246209
v -35.81970579 -47.249785 -365.68608297
v -36.3869949 -48.29458698 -295.61081201
v 62.02061074 -48.29458698 -295.61081201
v 61.45331851 -47.249785 -365.68608297
v -124.55187089 -91.36796653 -389.57481481
v -131.61040749 -91.36985652 -389.57491494
v -131.78458634 -79.14197943 -401.6912859
v -124.45957462 -79.14197943 -401.6912859
v 172.28662821 -91.37363648 -389.57521533
v 172.28662821 -79.14186678 -401.6912859
v 187.90681384 -79.141654 -401.6912859
v 186.32882805 -91.37909365 -389.57531546
v 61.45331851 -58.65534729 -379.98126385
v -35.81970579 -58.65534729 -379.98126385
v 164.15503173 -91.37164637 -389.5751152
v 157.24401395 -91.36985652 -389.57491494
v 157.41820532 -79.14197943 -401.6912859
v 164.218027 -79.14186678 -401.6912859
v -138.52142527 -91.37164637 -389.5751152
v -138.58442054 -79.14186678 -401.6912859
v -162.27319486 -36.81532941 -400.21745445
v -146.65300924 -36.81490385 -400.21735432
v -41.86062411 -79.14260292 -381.98224048
v -35.81970579 -79.14260268 -379.98126143
v -35.81970579 -91.34654841 -368.55154265
v -41.86062411 -91.34654857 -369.86461788
v -56.63507354 -91.35064228 -376.93555828
v -56.83561202 -79.14250362 -389.05308075
v -146.65300924 -25.40766446 -386.70810607
v -76.7090672 -79.14239247 -401.69118577
v -76.30809037 -91.35600081 -389.57406382
v -118.39649594 -91.36638946 -389.57471468
v -118.39649594 -79.14207956 -401.6912859
v -118.39649594 -91.36638946 -389.57471468
v -76.30809037 -91.35600081 -389.57406382
v -118.39649594 -61.28265165 -400.21725129
v -76.7090672 -61.28202583 -400.21715116
v 93.39621905 -79.14239206 -398.27494722
v 92.96952092 -91.35368486 -386.08938536
v 82.26868625 -91.35064228 -376.93555828
v 82.469231 -79.14250362 -389.05308075
v -146.65300924 -26.31460002 -282.57794092
v 144.03011491 -49.87593795 -386.70810318
v 68.0614258 -50.93722178 -297.17787064
v 144.03011491 -50.93722178 -297.17787064
v 93.39223256 -61.28191278 -396.79755821
v 82.469231 -61.28169891 -387.57904615
v 82.27026333 -49.87593645 -374.06989803
v 92.95681673 -49.87593754 -383.21015728
v -187.97757997 -98.93268566 -325.63680673
v -187.07146443 -92.83075987 -359.04124704
v -183.31619294 -92.20541496 -373.64478448
v -174.29318775 -91.61680521 -383.04428441
v -160.69510894 -91.37909365 -389.57531546
v -146.65300924 -98.92879304 -325.63450371
v -146.65300924 -91.37363648 -389.57521533
v 101.94506375 -49.87593795 -386.70810318
v 144.03011491 -61.28265165 -400.21725129
v 102.34267992 -61.28202583 -400.21715116
v -67.76260634 -79.14239206 -398.27494722
v -118.39649594 -49.87593795 -386.70810318
v -42.42781309 -50.93722178 -297.17787064
v -76.31145103 -49.87593795 -386.70810318
v 64.54827242 -98.91515012 -325.62639305
v 62.02061074 -48.29458698 -295.61081201
v -36.3869949 -48.29458698 -295.61081201
v -38.91476297 -98.91515012 -325.62639305
v -134.28044061 -98.92711584 -325.63345233
v -138.52142527 -91.37164637 -389.5751152
v -133.92439781 -26.31460002 -282.57794092
v -138.52131263 -25.40766446 -386.70810607
v -124.16369837 -45.3638596 -386.70810371
v -124.30260588 -56.53139655 -400.21725186
v -138.58430789 -36.81480372 -400.21725419
v 206.05465801 -79.45570353 -396.64185149
v 199.92680672 -91.61680521 -383.04428441
v -128.27616418 -31.76376623 -285.80893543
v -123.42945867 -46.06206605 -294.2871231
v -132.03447717 -30.4849354 -386.70810547
v -131.9388265 -42.16589694 -400.21725355
v 186.34185766 -25.40766446 -386.70810607
v 199.96219071 -25.40766401 -382.9315441
v 206.05465801 -36.82456595 -395.18599369
v 187.90681384 -36.81532941 -400.21745445
v -124.52445987 -98.92491294 -325.63220068
v -127.39818562 -98.92575155 -325.63260121
v -131.61040749 -91.36985652 -389.57491494
v -124.55187089 -91.36796653 -389.57481481
v -118.39649594 -98.92376143 -325.6314497
v -44.6673681 -98.91515012 -325.62639305
v -42.42781309 -50.93722178 -297.17787064
v -118.39649594 -50.93722178 -297.17787064
v -146.65300924 -98.92879304 -325.63450371
v -146.65300924 -26.31460002 -282.57794092
v -124.52445987 -98.92491294 -325.63220068
v -123.42945867 -46.06206605 -294.2871231
v -118.39649594 -50.93722178 -297.17787064
v 224.76979755 -37.31802678 -289.10246209
v 224.7934286 -87.86058742 -319.07153203
v 224.20250219 -81.49376463 -361.26231661
v 224.20250219 -36.84818064 -362.65585283
v 219.33985073 -80.31697068 -380.11018067
v 219.33985073 -36.83736865 -381.43742966
v 67.49423683 -61.28138516 -380.50810575
v 67.49423683 -49.87593562 -366.99915789
v -67.33590195 -91.35368486 -386.08938536
v 213.26901184 -26.31460002 -282.57794092
v 212.70171648 -25.4076612 -359.18604525
v 208.96534482 -25.40766291 -373.61525357
v 212.70508341 -92.83075987 -359.04124704
v 208.94981191 -92.20541496 -373.64478448
v 213.61119894 -98.93268566 -325.63680673
v 70.30098082 -98.91515012 -325.62639305
v 68.0614258 -50.93722178 -297.17787064
v 153.03180459 -98.92575155 -325.63260121
v 159.91404707 -98.92711584 -325.63345233
v 159.55801678 -26.31460002 -282.57794092
v 153.90978315 -31.76376623 -285.80893543
v 172.28662821 -98.92879304 -325.63450371
v 213.61119894 -98.93268566 -325.63680673
v 213.26901184 -26.31460002 -282.57794092
v 172.28662821 -26.31460002 -282.57794092
v 150.18547735 -91.36796653 -389.57481481
v 150.09329373 -79.14197943 -401.6912859
v 61.45331851 -79.14260268 -379.98126143
v 61.45331851 -91.34654841 -368.55154265
v 172.28662821 -36.81490385 -400.21735432
v 67.49423683 -79.14260292 -381.98224048
v 67.49423683 -91.34654857 -369.86461788
v 172.28662821 -25.40766446 -386.70810607
v 67.49423683 -91.34654857 -369.86461788
v 70.30098082 -98.91515012 -325.62639305
v 144.03011491 -79.14207956 -401.6912859
v 102.34267992 -79.14239247 -401.69118577
v 172.28662821 -26.31460002 -282.57794092
v 208.94981191 -92.20541496 -373.64478448
v 212.70508341 -92.83075987 -359.04124704
v 213.61119894 -98.93268566 -325.63680673
v 186.32882805 -91.37909365 -389.57531546
v 199.92680672 -91.61680521 -383.04428441
v 172.28662821 -98.92879304 -325.63450371
v 172.28662821 -91.37363648 -389.57521533
v 144.03011491 -91.36638946 -389.57471468
v 101.94170308 -91.35600081 -389.57406382
v 159.91404707 -98.92711584 -325.63345233
v 164.15503173 -91.37164637 -389.5751152
v 164.1549316 -25.40766446 -386.70810607
v 159.55801678 -26.31460002 -282.57794092
v 149.79731735 -45.3638596 -386.70810371
v 149.93622486 -56.53139655 -400.21725186
v 164.21792687 -36.81480372 -400.21725419
v -67.33590195 -91.35368486 -386.08938536
v 149.06307764 -46.06206605 -294.2871231
v 153.90978315 -31.76376623 -285.80893543
v 157.66809614 -30.4849354 -386.70810547
v 157.57244547 -42.16589694 -400.21725355
v 157.24401395 -91.36985652 -389.57491494
v 153.03180459 -98.92575155 -325.63260121
v 150.15807885 -98.92491294 -325.63220068
v 150.18547735 -91.36796653 -389.57481481
v 144.03011491 -98.92376143 -325.6314497
v 144.03011491 -50.93722178 -297.17787064
v 150.15807885 -98.92491294 -325.63220068
v 149.06307764 -46.06206605 -294.2871231
v 144.03011491 -98.92376143 -325.6314497
v 144.03011491 -91.36638946 -389.57471468
v 92.96952092 -91.35368486 -386.08938536
v 101.94170308 -91.35600081 -389.57406382
v 82.26868625 -91.35064228 -376.93555828
v 224.7934286 -87.86058742 -319.07153203
v 224.76979755 -37.31802678 -289.10246209
v 156.81353585 -102.70549251 -324.12401866
v 156.81353585 -114.70773742 -327.02387732
v 156.81353585 -115.40585723 -348.68038139
v 156.81353585 -103.14185641 -350.11556851
v 156.81353585 -49.68139834 324.92455015
v 156.81353585 -61.80953613 301.12195897
v 156.81353585 -2.05615336 290.16324718
v 156.81353585 6.07607134 310.43631394
v 156.81353585 -107.50032202 -363.55112077
v 156.81353585 -116.71977269 -362.47230223
v 156.81353585 -114.56505458 -366.19439289
v 156.81353585 -110.78951901 -366.63612372
v 156.81353585 -49.6814641 -231.43038616
v 156.81353585 -61.80960189 -255.23310877
v 156.81353585 -9.95062443 -280.74333238
v 156.81353585 8.34202049 -244.84201435
v 156.81353585 -81.38394946 451.02285129
v 156.81353585 -85.56098359 484.98723332
v 156.81353585 -113.69433788 461.23062319
v 156.81353585 -124.74658743 434.39365756
v 156.81353585 -98.49676127 429.43398177
v 156.81353585 -130.88744137 -290.42989514
v 156.81353585 -104.50206102 -286.25085748
v 156.81353585 -75.06416255 416.60541124
v 156.81353585 -49.36608341 436.27674157
v 156.81353585 -61.80952426 401.49812294
v 156.81353585 -11.08334261 418.77639361
v 156.81353585 -49.6813921 377.69542093
v 156.81353585 6.07608017 385.09928123
v 156.81353585 -45.50246709 351.31003824
v 156.81353585 11.98879439 347.76779689
v 156.81353585 -126.13510686 -53.30311342
v 156.81353585 -145.41124646 -57.3512299
v 156.81353585 -133.00843295 -119.65997288
v 156.81353585 -120.67691091 -57.50440908
v 156.81353585 -104.50199526 270.10407258
v 156.81353585 -126.13507287 234.2006334
v 156.81353585 -79.858283 234.20062793
v 156.81353585 -104.50204183 -123.83901702
v 156.81353585 -79.85831569 -42.38297107
v 156.81353585 -80.69944439 -135.96695455
v 156.81353585 -61.80959002 -154.85692602
v 156.81353585 -9.95060653 -129.3466646
v 156.81353585 -38.44209395 -100.85507657
v 156.81353585 -49.68145787 -178.6595013
v 156.81353585 8.3420299 -165.24803703
v 156.81353585 -45.50242021 -205.04501932
v 156.81353585 14.64532576 -205.04502643
v 156.81353585 -80.69946072 -274.12292558
v 156.81353585 -38.44211858 -309.23491368
v 156.81353585 -80.69939496 282.2321046
v 156.81353585 -37.80977173 250.03279961
v 100.26145793 -115.40585723 -348.68038139
v 100.26145793 -114.70773742 -327.02387732
v 100.26145793 -102.70549251 -324.12401866
v 100.26145793 -103.14185641 -350.11556851
v 100.26145793 -2.05615336 290.16324718
v 100.26145793 -61.80953613 301.12195897
v 100.26145793 -49.68139834 324.92455015
v 100.26145793 6.07607134 310.43631394
v 100.26145793 -114.56505458 -366.19439289
v 100.26145793 -116.71977269 -362.47230223
v 100.26145793 -107.50032202 -363.55112077
v 100.26145793 -110.78951901 -366.63612372
v 100.26145793 -9.95062443 -280.74333238
v 100.26145793 -61.80960189 -255.23310877
v 100.26145793 -49.6814641 -231.43038616
v 100.26145793 8.34202049 -244.84201435
v 100.26145793 -81.38394946 451.02285129
v 100.26145793 -113.69433788 461.23062319
v 100.26145793 -85.56098359 484.98723332
v 100.26145793 -98.49676127 429.43398177
v 100.26145793 -124.74658743 434.39365756
v 100.26145793 -130.88744137 -290.42989514
v 100.26145793 -104.50206102 -286.25085748
v 100.26145793 -49.36608341 436.27674157
v 100.26145793 -75.06416255 416.60541124
v 100.26145793 -11.08334261 418.77639361
v 100.26145793 -61.80952426 401.49812294
v 100.26145793 6.07608017 385.09928123
v 100.26145793 -49.6813921 377.69542093
v 100.26145793 11.98879439 347.76779689
v 100.26145793 -45.50246709 351.31003824
v 100.26145793 -133.00843295 -119.65997288
v 100.26145793 -145.41124646 -57.3512299
v 100.26145793 -126.13510686 -53.30311342
v 100.26145793 -120.67691091 -57.50440908
v 100.26145793 -104.50199526 270.10407258
v 100.26145793 -79.858283 234.20062793
v 100.26145793 -126.13507287 234.2006334
v 100.26145793 -79.85831569 -42.38297107
v 100.26145793 -104.50204183 -123.83901702
v 100.26145793 -9.95060653 -129.3466646
v 100.26145793 -61.80959002 -154.85692602
v 100.26145793 -80.69944439 -135.96695455
v 100.26145793 -38.44209395 -100.85507657
v 100.26145793 8.3420299 -165.24803703
v 100.26145793 -49.68145787 -178.6595013
v 100.26145793 14.64532576 -205.04502643
v 100.26145793 -45.50242021 -205.04501932
v 100.26145793 -80.69946072 -274.12292558
v 100.26145793 -38.44211858 -309.23491368
v 100.26145793 -37.80977173 250.03279961
v 100.26145793 -80.69939496 282.2321046
v 156.81353585 -9.95060653 -129.3466646
v 156.81353585 8.3420299 -165.24803703
v 100.26145793 8.3420299 -165.24803703
v 100.26145793 -9.95060653 -129.3466646
v 156.81353585 -133.00843295 -119.65997288
v 156.81353585 -145.41124646 -57.3512299
v 100.26145793 -145.41124646 -57.3512299
v 100.26145793 -133.00843295 -119.65997288
v 156.81353585 8.34202049 -244.84201435
v 156.81353585 -9.95062443 -280.74333238
v 100.26145793 -9.95062443 -280.74333238
v 100.26145793 8.34202049 -244.84201435
v 156.81353585 -115.40585723 -348.68038139
v 156.81353585 -114.70773742 -327.02387732
v 100.26145793 -114.70773742 -327.02387732
v 100.26145793 -115.40585723 -348.68038139
v 156.81353585 -126.13510686 -53.30311342
v 100.26145793 -126.13510686 -53.30311342
v 156.81353585 -37.80977173 250.03279961
v 156.81353585 -79.858283 234.20062793
v 100.26145793 -79.858283 234.20062793
v 100.26145793 -37.80977173 250.03279961
v 156.81353585 -114.56505458 -366.19439289
v 156.81353585 -116.71977269 -362.47230223
v 100.26145793 -116.71977269 -362.47230223
v 100.26145793 -114.56505458 -366.19439289
v 156.81353585 -81.38394946 451.02285129
v 156.81353585 -49.36608341 436.27674157
v 100.26145793 -49.36608341 436.27674157
v 100.26145793 -81.38394946 451.02285129
v 156.81353585 -130.88744137 -290.42989514
v 100.26145793 -130.88744137 -290.42989514
v 156.81353585 -124.74658743 434.39365756
v 156.81353585 -113.69433788 461.23062319
v 100.26145793 -113.69433788 461.23062319
v 100.26145793 -124.74658743 434.39365756
v 156.81353585 -80.69939496 282.2321046
v 156.81353585 -61.80953613 301.12195897
v 100.26145793 -61.80953613 301.12195897
v 100.26145793 -80.69939496 282.2321046
v 156.81353585 -98.49676127 429.43398177
v 100.26145793 -98.49676127 429.43398177
v 156.81353585 -11.08334261 418.77639361
v 156.81353585 6.07608017 385.09928123
v 100.26145793 6.07608017 385.09928123
v 100.26145793 -11.08334261 418.77639361
v 156.81353585 -104.50204183 -123.83901702
v 100.26145793 -104.50204183 -123.83901702
v 156.81353585 -115.40585723 -348.68038139
v 100.26145793 -115.40585723 -348.68038139
v 156.81353585 -75.06416255 416.60541124
v 100.26145793 -75.06416255 416.60541124
v 156.81353585 -126.13507287 234.2006334
v 100.26145793 -126.13507287 234.2006334
v 156.81353585 14.64532576 -205.04502643
v 100.26145793 14.64532576 -205.04502643
v 156.81353585 11.98879439 347.76779689
v 100.26145793 11.98879439 347.76779689
v 156.81353585 -104.50199526 270.10407258
v 100.26145793 -104.50199526 270.10407258
v 156.81353585 -61.80952426 401.49812294
v 100.26145793 -61.80952426 401.49812294
v 156.81353585 6.07607134 310.43631394
v 100.26145793 6.07607134 310.43631394
v 156.81353585 -49.6813921 377.69542093
v 100.26145793 -49.6813921 377.69542093
v 156.81353585 -80.69944439 -135.96695455
v 100.26145793 -80.69944439 -135.96695455
v 156.81353585 -2.05615336 290.16324718
v 100.26145793 -2.05615336 290.16324718
v 156.81353585 -45.50246709 351.31003824
v 100.26145793 -45.50246709 351.31003824
v 156.81353585 -61.80959002 -154.85692602
v 100.26145793 -61.80959002 -154.85692602
v 156.81353585 -49.68139834 324.92455015
v 100.26145793 -49.68139834 324.92455015
v 156.81353585 -49.68145787 -178.6595013
v 100.26145793 -49.68145787 -178.6595013
v 156.81353585 -85.56098359 484.98723332
v 100.26145793 -85.56098359 484.98723332
v 156.81353585 -79.85831569 -42.38297107
v 100.26145793 -79.85831569 -42.38297107
v 156.81353585 -85.56098359 484.98723332
v 100.26145793 -85.56098359 484.98723332
v 156.81353585 -45.50242021 -205.04501932
v 100.26145793 -45.50242021 -205.04501932
v 156.81353585 -107.50032202 -363.55112077
v 156.81353585 -110.78951901 -366.63612372
v 100.26145793 -110.78951901 -366.63612372
v 100.26145793 -107.50032202 -363.55112077
v 156.81353585 -38.44211858 -309.23491368
v 100.26145793 -38.44211858 -309.23491368
v 156.81353585 -49.6814641 -231.43038616
v 100.26145793 -49.6814641 -231.43038616
v 156.81353585 -102.70549251 -324.12401866
v 100.26145793 -102.70549251 -324.12401866
v 156.81353585 -103.14185641 -350.11556851
v 100.26145793 -103.14185641 -350.11556851
v 156.81353585 -104.50206102 -286.25085748
v 156.81353585 -80.69946072 -274.12292558
v 100.26145793 -80.69946072 -274.12292558
v 100.26145793 -104.50206102 -286.25085748
v 156.81353585 -61.80960189 -255.23310877
v 100.26145793 -61.80960189 -255.23310877
v 156.81353585 -38.44209395 -100.85507657
v 100.26145793 -38.44209395 -100.85507657
v -78.0968969 -49.68139834 324.92465654
v -134.64907495 -49.68139834 324.92465654
v -134.64907495 -61.80953613 301.1220591
v -78.0968969 -61.80953613 301.1220591
v -78.0968969 8.34202049 -244.84201435
v -134.64907495 8.34202049 -244.84201435
v -134.64907495 14.64532576 -205.04502643
v -78.0968969 14.64532576 -205.04502643
v -78.0968969 -114.56505458 -366.19439289
v -134.64907495 -114.56505458 -366.19439289
v -134.64907495 -110.78951901 -366.63612372
v -78.0968969 -110.78951901 -366.63612372
v -78.0968969 -9.95060653 -129.3466646
v -134.64907495 -9.95060653 -129.3466646
v -134.64907495 -38.44209395 -100.85507657
v -78.0968969 -38.44209395 -100.85507657
v -78.0968969 -61.80960189 -255.23310877
v -134.64907495 -61.80960189 -255.23310877
v -134.64907495 -80.69946072 -274.12292558
v -78.0968969 -80.69946072 -274.12292558
v -78.0968969 -104.50206102 -286.25085748
v -134.64907495 -104.50206102 -286.25085748
v -134.64907495 -130.88744137 -290.42989514
v -78.0968969 -130.88744137 -290.42989514
v -78.0968969 -103.14185641 -350.11556851
v -134.64907495 -103.14185641 -350.11556851
v -134.64907495 -102.70549251 -324.12401866
v -78.0968969 -102.70549251 -324.12401866
v -134.64907495 -79.85831569 -42.38297107
v -78.0968969 -79.85831569 -42.38297107
v -78.0968969 -49.6814641 -231.43038616
v -134.64907495 -49.6814641 -231.43038616
v -78.0968969 -107.50032202 -363.55112077
v -134.64907495 -107.50032202 -363.55112077
v -134.64907495 -38.44211858 -309.23491368
v -78.0968969 -38.44211858 -309.23491368
v -78.0968969 -45.50242021 -205.04501932
v -134.64907495 -45.50242021 -205.04501932
v -134.64907495 -9.95062443 -280.74333238
v -78.0968969 -9.95062443 -280.74333238
v -78.0968969 -104.50199526 270.10407258
v -134.64907495 -104.50199526 270.10407258
v -134.64907495 -126.13507287 234.2006334
v -78.0968969 -126.13507287 234.2006334
v -78.0968969 -49.68145787 -178.6595013
v -134.64907495 -49.68145787 -178.6595013
v -78.0968969 -81.38394946 451.02285129
v -134.64907495 -81.38394946 451.02285129
v -134.64907495 -85.56098359 484.98723332
v -78.0968969 -85.56098359 484.98723332
v -134.64907495 -79.858283 234.20062793
v -78.0968969 -79.858283 234.20062793
v -78.0968969 -85.56098359 484.98723332
v -134.64907495 -85.56098359 484.98723332
v -134.64907495 -113.69433788 461.23062319
v -78.0968969 -113.69433788 461.23062319
v -78.0968969 -61.80959002 -154.85692602
v -134.64907495 -61.80959002 -154.85692602
v -78.0968969 -45.50246709 351.31003824
v -134.64907495 -45.50246709 351.31003824
v -78.0968969 -37.80977173 250.03279961
v -134.64907495 -37.80977173 250.03279961
v -134.64907495 -2.05615336 290.16324718
v -78.0968969 -2.05615336 290.16324718
v -78.0968969 -80.69944439 -135.96695455
v -134.64907495 -80.69944439 -135.96695455
v -78.0968969 -49.6813921 377.69542093
v -134.64907495 -49.6813921 377.69542093
v -134.64907495 6.07607134 310.43631394
v -78.0968969 6.07607134 310.43631394
v -78.0968969 -104.50204183 -123.83901702
v -134.64907495 -104.50204183 -123.83901702
v -78.0968969 -61.80952426 401.49812294
v -134.64907495 -61.80952426 401.49812294
v -134.64907495 11.98879439 347.76779689
v -78.0968969 11.98879439 347.76779689
v -78.0968969 -75.06416255 416.60541124
v -134.64907495 -75.06416255 416.60541124
v -78.0968969 -80.69939496 282.2321046
v -134.64907495 -80.69939496 282.2321046
v -134.64907495 6.07608017 385.09928123
v -78.0968969 6.07608017 385.09928123
v -134.64907495 8.3420299 -165.24803703
v -78.0968969 8.3420299 -165.24803703
v -134.64907495 -126.13510686 -53.30311342
v -78.0968969 -126.13510686 -53.30311342
v -78.0968969 -98.49676127 429.43398177
v -134.64907495 -98.49676127 429.43398177
v -78.0968969 -115.40585723 -348.68038139
v -134.64907495 -115.40585723 -348.68038139
v -134.64907495 -116.71977269 -362.47230223
v -78.0968969 -116.71977269 -362.47230223
v -78.0968969 -11.08334261 418.77639361
v -134.64907495 -11.08334261 418.77639361
v -134.64907495 -49.36608341 436.27674157
v -78.0968969 -49.36608341 436.27674157
v -78.0968969 -133.00843295 -119.65997288
v -134.64907495 -133.00843295 -119.65997288
v -78.0968969 -124.74658743 434.39365756
v -134.64907495 -124.74658743 434.39365756
v -134.64907495 -114.70773742 -327.02387732
v -78.0968969 -114.70773742 -327.02387732
v -134.64907495 -145.41124646 -57.3512299
v -78.0968969 -145.41124646 -57.3512299
v -134.64907495 -115.40585723 -348.68038139
v -78.0968969 -115.40585723 -348.68038139
v -78.0968969 -61.80960189 -255.23310877
v -78.0968969 -80.69946072 -274.12292558
v -78.0968969 -38.44211858 -309.23491368
v -78.0968969 -9.95062443 -280.74333238
v -78.0968969 -80.69939496 282.2321046
v -78.0968969 -104.50199526 270.10407258
v -78.0968969 -79.858283 234.20062793
v -78.0968969 -37.80977173 250.03279961
v -78.0968969 -126.13507287 234.2006334
v -78.0968969 -126.13510686 -53.30311342
v -78.0968969 -120.67691091 -57.50440908
v -78.0968969 -79.85831569 -42.38297107
v -78.0968969 -61.80953613 301.1220591
v -78.0968969 -2.05615336 290.16324718
v -78.0968969 -104.50204183 -123.83901702
v -78.0968969 -80.69944439 -135.96695455
v -78.0968969 -38.44209395 -100.85507657
v -78.0968969 -45.50246709 351.31003824
v -78.0968969 -49.68139834 324.92465654
v -78.0968969 6.07607134 310.43631394
v -78.0968969 11.98879439 347.76779689
v -78.0968969 -104.50206102 -286.25085748
v -78.0968969 -102.70549251 -324.12401866
v -78.0968969 -45.50242021 -205.04501932
v -78.0968969 -49.6814641 -231.43038616
v -78.0968969 8.34202049 -244.84201435
v -78.0968969 14.64532576 -205.04502643
v -78.0968969 -49.68145787 -178.6595013
v -78.0968969 8.3420299 -165.24803703
v -78.0968969 -61.80959002 -154.85692602
v -78.0968969 -9.95060653 -129.3466646
v -78.0968969 -133.00843295 -119.65997288
v -78.0968969 -145.41124646 -57.3512299
v -78.0968969 -49.6813921 377.69542093
v -78.0968969 6.07608017 385.09928123
v -78.0968969 -61.80952426 401.49812294
v -78.0968969 -11.08334261 418.77639361
v -78.0968969 -75.06416255 416.60541124
v -78.0968969 -49.36608341 436.27674157
v -78.0968969 -103.14185641 -350.11556851
v -78.0968969 -115.40585723 -348.68038139
v -78.0968969 -116.71977269 -362.47230223
v -78.0968969 -107.50032202 -363.55112077
v -78.0968969 -98.49676127 429.43398177
v -78.0968969 -81.38394946 451.02285129
v -78.0968969 -130.88744137 -290.42989514
v -78.0968969 -114.70773742 -327.02387732
v -78.0968969 -124.74658743 434.39365756
v -78.0968969 -113.69433788 461.23062319
v -78.0968969 -85.56098359 484.98723332
v -78.0968969 -114.56505458 -366.19439289
v -78.0968969 -110.78951901 -366.63612372
v -134.64907495 -38.44211858 -309.23491368
v -134.64907495 -80.69946072 -274.12292558
v -134.64907495 -61.80960189 -255.23310877
v -134.64907495 -9.95062443 -280.74333238
v -134.64907495 -79.858283 234.20062793
v -134.64907495 -104.50199526 270.10407258
v -134.64907495 -80.69939496 282.2321046
v -134.64907495 -37.80977173 250.03279961
v -134.64907495 -126.13510686 -53.30311342
v -134.64907495 -126.13507287 234.2006334
v -134.64907495 -79.85831569 -42.38297107
v -134.64907495 -120.67691091 -57.50440908
v -134.64907495 -61.80953613 301.1220591
v -134.64907495 -2.05615336 290.16324718
v -134.64907495 -38.44209395 -100.85507657
v -134.64907495 -80.69944439 -135.96695455
v -134.64907495 -104.50204183 -123.83901702
v -134.64907495 6.07607134 310.43631394
v -134.64907495 -49.68139834 324.92465654
v -134.64907495 -45.50246709 351.31003824
v -134.64907495 11.98879439 347.76779689
v -134.64907495 -102.70549251 -324.12401866
v -134.64907495 -104.50206102 -286.25085748
v -134.64907495 8.34202049 -244.84201435
v -134.64907495 -49.6814641 -231.43038616
v -134.64907495 -45.50242021 -205.04501932
v -134.64907495 14.64532576 -205.04502643
v -134.64907495 -49.68145787 -178.6595013
v -134.64907495 8.3420299 -165.24803703
v -134.64907495 -61.80959002 -154.85692602
v -134.64907495 -9.95060653 -129.3466646
v -134.64907495 -133.00843295 -119.65997288
v -134.64907495 -145.41124646 -57.3512299
v -134.64907495 -49.6813921 377.69542093
v -134.64907495 6.07608017 385.09928123
v -134.64907495 -61.80952426 401.49812294
v -134.64907495 -11.08334261 418.77639361
v -134.64907495 -75.06416255 416.60541124
v -134.64907495 -49.36608341 436.27674157
v -134.64907495 -116.71977269 -362.47230223
v -134.64907495 -115.40585723 -348.68038139
v -134.64907495 -103.14185641 -350.11556851
v -134.64907495 -107.50032202 -363.55112077
v -134.64907495 -98.49676127 429.43398177
v -134.64907495 -81.38394946 451.02285129
v -134.64907495 -114.70773742 -327.02387732
v -134.64907495 -130.88744137 -290.42989514
v -134.64907495 -124.74658743 434.39365756
v -134.64907495 -113.69433788 461.23062319
v -134.64907495 -85.56098359 484.98723332
v -134.64907495 -114.56505458 -366.19439289
v -134.64907495 -110.78951901 -366.63612372
v -186.24336391 -214.15754801 350.73835742
v -186.24336391 -209.97852915 377.12384356
v -193.14483164 -203.2710916 374.94445117
v -193.14483164 -207.10490665 350.73835658
v -189.20172585 -167.24408732 323.67448721
v -199.37998641 -167.42592636 322.65508536
v -199.37998641 -174.21231632 335.97419375
v -189.20172585 -173.61070084 336.16958946
v -186.24336391 -78.58456257 419.81628037
v -186.24336391 -59.69470821 400.92642467
v -193.14483164 -65.40038029 396.78098809
v -193.14483164 -82.72999737 414.11060926
v -193.14483164 -82.72999737 414.11060926
v -196.73578724 -98.4936115 392.41391354
v -196.73578724 -112.85395347 399.73084446
v -193.14483164 -104.56654927 425.23688673
v -186.24336391 -47.56656977 324.35295514
v -186.24336391 -59.69461994 300.5503577
v -193.14483164 -65.40039118 304.6957925
v -193.14483164 -54.27410744 326.53234753
v -193.14483164 -203.2710916 374.94445117
v -196.73578724 -177.76505559 366.65704383
v -196.73578724 -180.28629509 350.73835341
v -193.14483164 -207.10490665 350.73835658
v -186.24336391 -197.85049149 400.926441
v -193.14483164 -192.14482039 396.78100307
v -193.14483164 -128.7725402 429.07070178
v -196.73578724 -128.7726435 402.25210586
v -196.73568711 -144.69112134 399.73084822
v -193.14483164 -152.97853204 425.23689246
v -186.24336391 -43.38753839 350.73833723
v -193.14483164 -50.44019226 350.73833807
v -196.73578724 -159.05159021 392.41392069
v -193.14483164 -174.81519922 414.11062014
v -186.24336391 -128.77253937 436.12346205
v -186.24336391 -102.38716001 431.94431802
v -193.14483164 -104.56654927 425.23688673
v -193.14483164 -128.7725402 429.07070178
v -196.73568711 -170.44811528 381.01738893
v -193.14483164 -192.14482039 396.78100307
v -186.24336391 -78.5845789 281.66050959
v -186.24336391 -102.38717921 269.53237118
v -193.14483164 -104.56656688 276.23980298
v -193.14483164 -82.73001235 287.36617542
v -193.14483164 -65.40038029 396.78098809
v -196.73578724 -87.09707661 381.01737908
v -186.24336391 -128.77255955 265.35333978
v -186.24336391 -155.15803904 269.53237741
v -193.14483164 -152.97864978 276.23990883
v -193.14483164 -128.77255872 272.40599365
v -196.73578724 -177.76505935 334.81976801
v -193.14483164 -203.27109733 326.53236514
v -186.24336391 -178.96062015 419.81629223
v -193.14483164 -174.81519922 414.11062014
v -196.73578724 -170.44812244 320.45941961
v -193.14483164 -192.14483127 304.69580748
v -186.24336391 -155.15801984 431.94432426
v -193.14483164 -152.97853204 425.23689246
v -196.73578724 -159.05160006 309.06288516
v -193.14483164 -174.8152142 287.36618631
v -186.24336391 -178.96063648 281.66052146
v -186.24336391 -197.85050336 300.55037403
v -193.14483164 -192.14483127 304.69580748
v -193.14483164 -174.8152142 287.36618631
v -196.73578724 -144.69113293 301.74585097
v -193.14483164 -152.97864978 276.23990883
v -186.24336391 -209.97853539 324.35297434
v -193.14483164 -203.27109733 326.53236514
v -149.06853296 -77.25879131 350.73834124
v -149.06864561 -79.78005584 334.81975643
v -152.65948856 -54.27410744 326.53234753
v -152.65948856 -50.44019226 350.73833807
v -193.14483164 -50.44019226 350.73833807
v -196.73578724 -77.25879131 350.73834124
v -196.73578724 -79.78005208 366.65703225
v -193.14483164 -54.27410172 374.94443356
v -186.24336391 -47.56656353 377.12382436
v -193.14483164 -54.27410172 374.94443356
v -193.14483164 -104.56656688 276.23980298
v -196.73578724 -112.85396505 301.74584721
v -196.73578724 -98.49352122 309.062878
v -193.14483164 -82.73001235 287.36617542
v -186.24336391 -155.15803904 269.53237741
v -193.14483164 -152.97864978 276.23990883
v -193.14483164 -128.77255872 272.40599365
v -196.73578724 -128.77255555 299.2245927
v -152.65960121 -203.2710916 374.94445117
v -159.5609563 -209.97852915 377.12384356
v -159.5609563 -214.15754801 350.73835742
v -152.65960121 -207.10490665 350.73835658
v -196.73578724 -87.09708377 320.4593065
v -193.14483164 -65.40039118 304.6957925
v -196.73578724 -79.78005584 334.81975643
v -193.14483164 -54.27410744 326.53234753
v -199.37998641 -143.53681587 305.2986876
v -189.20172585 -143.34130892 305.90031242
v -189.20172585 -128.77255503 303.59282581
v -199.37998641 -128.77255511 302.96022589
v -199.37998641 -158.75537607 392.00622249
v -196.73578724 -159.05159021 392.41392069
v -196.73568711 -144.69112134 399.73084822
v -199.37998641 -144.53541682 399.25164984
v -189.20172585 -90.63102666 323.0268679
v -189.20172585 -83.93451416 336.16957886
v -199.37998641 -83.33278609 335.97407818
v -199.38008655 -90.11927933 322.65507622
v -196.73578724 -128.7726435 402.25210586
v -199.37998641 -128.77264356 401.74823133
v -189.20172585 -166.91417239 378.44982754
v -189.20172585 -173.6106974 365.30722061
v -199.37998641 -174.21231283 365.50272208
v -199.37998641 -167.42591972 378.82172247
v -196.73578724 -112.85395347 399.73084446
v -199.37998641 -113.00967062 399.25164612
v -196.73578724 -98.4936115 392.41391354
v -199.38008655 -98.78970058 392.0062154
v -189.20172585 -175.91818089 350.7383529
v -199.37998641 -176.55076203 350.73835297
v -196.73578724 -87.09707661 381.01737908
v -199.37998641 -87.50477482 380.72118684
v -199.37998641 -83.33278259 365.50271134
v -189.20172585 -83.93451072 365.30710519
v -189.20172585 -90.63102011 378.44981852
v -199.37998641 -90.11927269 378.82171334
v -196.73578724 -79.78005208 366.65703225
v -199.37998641 -80.25935685 366.50132382
v -199.37998641 -128.77255549 299.72856737
v -196.73578724 -128.77255555 299.2245927
v -196.73578724 -144.69113293 301.74585097
v -199.37998641 -144.53542829 302.22515571
v -199.37998641 -128.77254381 398.5165728
v -189.20172585 -128.77254389 397.88397602
v -189.20172585 -143.34129832 395.57648972
v -199.37998641 -143.53680513 396.17811458
v -199.38008655 -100.6892717 389.39172111
v -189.20172585 -101.0611729 388.87997377
v -189.20172585 -114.20377748 395.57648627
v -199.37998641 -114.00838318 396.17811109
v -196.73578724 -77.25879131 350.73834124
v -199.38008655 -77.76266585 350.7383413
v -199.37998641 -156.8558147 312.08507759
v -189.20172585 -156.42219491 312.56532728
v -196.73578724 -159.05160006 309.06288516
v -199.37998641 -158.75538582 309.47058329
v -189.20172585 -114.20378808 305.90030898
v -189.20172585 -101.06108178 312.5968215
v -199.37998641 -100.68928084 312.08507095
v -199.38008655 -114.00839392 305.29868411
v -196.73578724 -79.78005584 334.81975643
v -199.37998641 -80.25936058 334.97546419
v -189.20172585 -81.62703068 350.73834175
v -199.38008655 -80.9944245 350.73834168
v -199.37998641 -156.85580556 389.39172775
v -189.20172585 -156.48401713 388.87998033
v -199.38008655 -113.00968209 302.22515198
v -199.37998641 -98.78981046 309.47047294
v -199.38008655 -87.5047819 320.75549884
v -199.37998641 -170.04040463 380.7211966
v -199.37998641 -177.28585099 366.50133529
v -199.37998641 -179.78243307 350.73835336
v -199.37998641 -177.28585471 334.97547566
v -199.37998641 -170.04041172 320.75561185
v -196.73568711 -170.44811528 381.01738893
v -196.73578724 -177.76505559 366.65704383
v -196.73578724 -112.85396505 301.74584721
v -196.73578724 -180.28629509 350.73835341
v -196.73578724 -98.49352122 309.062878
v -196.73578724 -177.76505935 334.81976801
v -196.73578724 -87.09708377 320.4593065
v -196.73578724 -170.44812244 320.45941961
v -159.5609563 -178.96063648 281.66052146
v -159.5609563 -197.85050336 300.55037403
v -159.5609563 -47.56656977 324.35295514
v -159.5609563 -59.69461994 300.5503577
v -159.5609563 -209.97853539 324.35297434
v -159.5609563 -78.5845789 281.66050959
v -159.5609563 -197.85049149 400.926441
v -159.5609563 -178.96062015 419.81629223
v -159.5609563 -155.15801984 431.94432426
v -159.5609563 -128.77253937 436.12346205
v -159.5609563 -102.38716001 431.94431802
v -159.5609563 -78.58456257 419.81628037
v -159.5609563 -59.69470821 400.92642467
v -159.5609563 -102.38717921 269.53237118
v -159.5609563 -47.56656353 377.12382436
v -159.5609563 -43.38753839 350.73833723
v -159.5609563 -155.15803904 269.53237741
v -159.5609563 -128.77255955 265.35333978
v -159.5609563 -155.15803904 269.53237741
v -146.42433379 -174.21231632 335.97419375
v -146.42433379 -167.42592636 322.65508536
v -156.60259435 -167.24408732 323.67448721
v -156.60259435 -173.61070084 336.16958946
v -152.65948856 -65.40038029 396.78098809
v -152.65948856 -82.72999737 414.11060926
v -149.06864561 -112.85395347 399.73084446
v -149.06853296 -98.4936115 392.41391354
v -152.65948856 -82.72999737 414.11060926
v -152.65960121 -104.56654927 425.23688673
v -152.65948856 -65.40039118 304.6957925
v -152.65948856 -54.27410744 326.53234753
v -149.06864561 -180.28629509 350.73835341
v -149.06864561 -177.76505559 366.65704383
v -152.65960121 -203.2710916 374.94445117
v -152.65960121 -207.10490665 350.73835658
v -152.65960121 -192.14482039 396.78100307
v -149.06864561 -144.69112134 399.73084822
v -149.06864561 -128.7726435 402.25210586
v -152.65960121 -128.7725402 429.07070178
v -152.65960121 -152.97853204 425.23689246
v -152.65948856 -50.44019226 350.73833807
v -149.06864561 -159.05159021 392.41392069
v -152.65960121 -174.81519922 414.11062014
v -152.65960121 -104.56654927 425.23688673
v -152.65960121 -128.7725402 429.07070178
v -149.06864561 -170.44811528 381.01738893
v -152.65960121 -192.14482039 396.78100307
v -152.65948856 -104.56656688 276.23980298
v -152.65948856 -82.73001235 287.36617542
v -149.06864561 -87.09707661 381.01737908
v -152.65948856 -65.40038029 396.78098809
v -152.65948856 -152.97864978 276.23990883
v -152.65948856 -128.77255872 272.40599365
v -149.06864561 -177.76505935 334.81976801
v -152.65960121 -203.27109733 326.53236514
v -152.65960121 -174.81519922 414.11062014
v -149.06864561 -170.44812244 320.45941961
v -152.65960121 -192.14483127 304.69580748
v -152.65960121 -152.97853204 425.23689246
v -149.06864561 -159.05160006 309.06288516
v -152.65960121 -174.8152142 287.36618631
v -152.65960121 -192.14483127 304.69580748
v -152.65960121 -174.8152142 287.36618631
v -149.06853296 -144.69113293 301.74585097
v -152.65948856 -152.97864978 276.23990883
v -152.65960121 -203.27109733 326.53236514
v -149.06864561 -79.78005208 366.65703225
v -152.65948856 -54.27410172 374.94443356
v -152.65948856 -54.27410172 374.94443356
v -149.06864561 -98.49352122 309.062878
v -149.06853296 -112.85396505 301.74584721
v -152.65948856 -104.56656688 276.23980298
v -152.65948856 -82.73001235 287.36617542
v -152.65948856 -152.97864978 276.23990883
v -149.06864561 -128.77255555 299.2245927
v -152.65948856 -128.77255872 272.40599365
v -149.06853296 -87.09708377 320.4593065
v -152.65948856 -65.40039118 304.6957925
v -156.60259435 -128.77255503 303.59282581
v -156.60259435 -143.34130892 305.90031242
v -146.42433379 -143.53681587 305.2986876
v -146.42433379 -128.77255511 302.96022589
v -149.06864561 -144.69112134 399.73084822
v -149.06864561 -159.05159021 392.41392069
v -146.42433379 -158.75537607 392.00622249
v -146.42433379 -144.53541682 399.25164984
v -146.42433379 -83.33278609 335.97407818
v -156.60259435 -83.93451416 336.16957886
v -156.60259435 -90.63102666 323.0268679
v -146.42433379 -90.11927933 322.65507622
v -149.06864561 -128.7726435 402.25210586
v -146.42433379 -128.77264356 401.74823133
v -146.42433379 -174.21231283 365.50272208
v -156.60259435 -173.6106974 365.30722061
v -156.60259435 -166.91417239 378.44982754
v -146.42433379 -167.42591972 378.82172247
v -149.06864561 -112.85395347 399.73084446
v -146.42433379 -113.00967062 399.25164612
v -149.06853296 -98.4936115 392.41391354
v -146.42433379 -98.78970058 392.0062154
v -156.60259435 -175.91818089 350.7383529
v -146.42433379 -176.55076203 350.73835297
v -149.06864561 -87.09707661 381.01737908
v -146.42433379 -87.50477482 380.72118684
v -156.60259435 -90.63102011 378.44981852
v -156.60259435 -83.93451072 365.30710519
v -146.42433379 -83.33278259 365.50271134
v -146.42433379 -90.11927269 378.82171334
v -149.06864561 -79.78005208 366.65703225
v -146.42433379 -80.25935685 366.50132382
v -149.06853296 -144.69113293 301.74585097
v -149.06864561 -128.77255555 299.2245927
v -146.42433379 -128.77255549 299.72856737
v -146.42433379 -144.53542829 302.22515571
v -156.60259435 -143.34129832 395.57648972
v -156.60259435 -128.77254389 397.88397602
v -146.42433379 -128.77254381 398.5165728
v -146.42433379 -143.53680513 396.17811458
v -156.60259435 -114.20377748 395.57648627
v -156.60259435 -101.0611729 388.87997377
v -146.42433379 -100.6892717 389.39172111
v -146.42433379 -114.00838318 396.17811109
v -149.06853296 -77.25879131 350.73834124
v -146.42433379 -77.76266585 350.7383413
v -156.60259435 -156.42219491 312.56532728
v -146.42433379 -156.8558147 312.08507759
v -149.06864561 -159.05160006 309.06288516
v -146.42433379 -158.75538582 309.47058329
v -146.42433379 -100.68928084 312.08507095
v -156.60259435 -101.06108178 312.5968215
v -156.60259435 -114.20378808 305.90030898
v -146.42433379 -114.00839392 305.29868411
v -149.06864561 -79.78005584 334.81975643
v -146.42433379 -80.25936058 334.97546419
v -146.42433379 -80.9944245 350.73834168
v -156.60259435 -81.62703068 350.73834175
v -156.60259435 -156.48401713 388.87998033
v -146.42433379 -156.85580556 389.39172775
v -146.42433379 -113.00968209 302.22515198
v -146.42433379 -98.78981046 309.47047294
v -146.42433379 -87.5047819 320.75549884
v -146.42433379 -170.04040463 380.7211966
v -146.42433379 -177.28585099 366.50133529
v -146.42433379 -179.78243307 350.73835336
v -146.42433379 -177.28585471 334.97547566
v -146.42433379 -170.04041172 320.75561185
v -149.06864561 -170.44811528 381.01738893
v -149.06864561 -177.76505559 366.65704383
v -149.06853296 -112.85396505 301.74584721
v -149.06864561 -180.28629509 350.73835341
v -149.06864561 -98.49352122 309.062878
v -149.06864561 -177.76505935 334.81976801
v -149.06853296 -87.09708377 320.4593065
v -149.06864561 -170.44812244 320.45941961
v -189.20172585 -83.93451072 365.30710519
v -189.20172585 -81.62703068 350.73834175
v -189.20172585 -83.93451416 336.16957886
v -189.20172585 -90.63102666 323.0268679
v -189.20172585 -101.06108178 312.5968215
v -189.20172585 -90.63102011 378.44981852
v -189.20172585 -101.0611729 388.87997377
v -189.20172585 -114.20378808 305.90030898
v -189.20172585 -128.77255503 303.59282581
v -189.20172585 -114.20377748 395.57648627
v -189.20172585 -143.34130892 305.90031242
v -189.20172585 -128.77254389 397.88397602
v -189.20172585 -156.42219491 312.56532728
v -189.20172585 -143.34129832 395.57648972
v -189.20172585 -167.24408732 323.67448721
v -189.20172585 -156.48401713 388.87998033
v -189.20172585 -173.61070084 336.16958946
v -189.20172585 -166.91417239 378.44982754
v -189.20172585 -173.6106974 365.30722061
v -189.20172585 -175.91818089 350.7383529
v -156.60259435 -90.63102666 323.0268679
v -156.60259435 -83.93451416 336.16957886
v -156.60259435 -81.62703068 350.73834175
v -156.60259435 -101.06108178 312.5968215
v -156.60259435 -83.93451072 365.30710519
v -156.60259435 -114.20378808 305.90030898
v -156.60259435 -90.63102011 378.44981852
v -156.60259435 -128.77255503 303.59282581
v -156.60259435 -101.0611729 388.87997377
v -156.60259435 -143.34130892 305.90031242
v -156.60259435 -114.20377748 395.57648627
v -156.60259435 -156.42219491 312.56532728
v -156.60259435 -128.77254389 397.88397602
v -156.60259435 -167.24408732 323.67448721
v -156.60259435 -143.34129832 395.57648972
v -156.60259435 -173.61070084 336.16958946
v -156.60259435 -156.48401713 388.87998033
v -156.60259435 -175.91818089 350.7383529
v -156.60259435 -166.91417239 378.44982754
v -156.60259435 -173.6106974 365.30722061
v 220.02274798 -203.2710916 374.94434634
v 213.12128024 -209.97852915 377.12373873
v 213.12128024 -214.15754801 350.73835742
v 220.02274798 -207.10490665 350.73835658
v 226.25790275 -174.21231632 335.97408892
v 226.25790275 -167.42592636 322.65508536
v 216.07974232 -167.24408732 323.67448721
v 216.07974232 -173.61070084 336.16958946
v 220.02274798 -65.40038029 396.78098809
v 213.12128024 -59.69470821 400.92642467
v 213.12128024 -78.58456257 419.81628037
v 220.02274798 -82.72999737 414.11060926
v 223.61370358 -112.85395347 399.73084446
v 223.61370358 -98.4936115 392.41391354
v 220.02274798 -82.72999737 414.11060926
v 220.02274798 -104.56654927 425.23688673
v 220.02274798 -65.40039118 304.6957925
v 213.12128024 -59.69461994 300.5503577
v 213.12128024 -47.56656977 324.35295514
v 220.02274798 -54.27410744 326.53234753
v 223.61370358 -180.28629509 350.73835341
v 223.61370358 -177.76505559 366.65704383
v 220.02274798 -203.2710916 374.94434634
v 220.02274798 -207.10490665 350.73835658
v 220.02274798 -192.14482039 396.78100307
v 213.12128024 -197.85049149 400.926441
v 223.61360345 -144.69112134 399.73084822
v 223.61370358 -128.7726435 402.25210586
v 220.02274798 -128.7725402 429.07070178
v 220.02274798 -152.97853204 425.23689246
v 213.12128024 -43.38753839 350.73833723
v 220.02274798 -50.44019226 350.73833807
v 223.61370358 -159.05159021 392.41392069
v 220.02274798 -174.81519922 414.11062014
v 220.02274798 -104.56654927 425.23688673
v 213.12128024 -102.38716001 431.94431802
v 213.12128024 -128.77253937 436.12335566
v 220.02274798 -128.7725402 429.07070178
v 223.61360345 -170.44811528 381.01738893
v 220.02274798 -192.14482039 396.78100307
v 220.02274798 -104.56656688 276.23980298
v 213.12128024 -102.38717921 269.53237118
v 213.12128024 -78.5845789 281.6604032
v 220.02274798 -82.73001235 287.36617542
v 223.61370358 -87.09707661 381.01737908
v 220.02274798 -65.40038029 396.78098809
v 220.02274798 -152.97864978 276.2398087
v 213.12128024 -155.15803904 269.53237741
v 213.12128024 -128.77255955 265.35333978
v 220.02274798 -128.77255872 272.40599365
v 223.61370358 -177.76505935 334.81966318
v 220.02274798 -203.27109733 326.53226188
v 220.02274798 -174.81519922 414.11062014
v 213.12128024 -178.96062015 419.81629223
v 223.61370358 -170.44812244 320.45941961
v 220.02274798 -192.14483127 304.69580748
v 220.02274798 -152.97853204 425.23689246
v 213.12128024 -155.15801984 431.94432426
v 223.61370358 -159.05160006 309.06288516
v 220.02274798 -174.8152142 287.36618631
v 220.02274798 -192.14483127 304.69580748
v 213.12128024 -197.85050336 300.55037403
v 213.12128024 -178.96063648 281.66052146
v 220.02274798 -174.8152142 287.36618631
v 223.61370358 -144.69113293 301.74585097
v 220.02274798 -152.97864978 276.2398087
v 220.02274798 -203.27109733 326.53226188
v 213.12128024 -209.97853539 324.35297434
v 179.53751755 -54.27410744 326.53234753
v 175.94656194 -79.78005584 334.81975643
v 175.94656194 -77.25879131 350.73834124
v 179.53751755 -50.44019226 350.73833807
v 223.61370358 -79.78005208 366.65703225
v 223.61370358 -77.25879131 350.73834124
v 220.02274798 -50.44019226 350.73833807
v 220.02274798 -54.27410172 374.94432873
v 220.02274798 -54.27410172 374.94432873
v 213.12128024 -47.56656353 377.12382436
v 223.61370358 -98.49352122 309.06277474
v 223.61370358 -112.85396505 301.74584721
v 220.02274798 -104.56656688 276.23980298
v 220.02274798 -82.73001235 287.36617542
v 213.12128024 -155.15803904 269.53237741
v 220.02274798 -152.97864978 276.2398087
v 223.61370358 -128.77255555 299.2245927
v 220.02274798 -128.77255872 272.40599365
v 186.43887263 -214.15754801 350.73835742
v 186.43887263 -209.97852915 377.12373873
v 179.53751755 -203.2710916 374.94434634
v 179.53751755 -207.10490665 350.73835658
v 223.61370358 -87.09708377 320.4593065
v 220.02274798 -65.40039118 304.6957925
v 223.61370358 -79.78005584 334.81975643
v 220.02274798 -54.27410744 326.53234753
v 216.07974232 -128.77255503 303.59271942
v 216.07974232 -143.34130892 305.90031242
v 226.25790275 -143.53681587 305.29858434
v 226.25790275 -128.77255511 302.96022589
v 223.61360345 -144.69112134 399.73084822
v 223.61370358 -159.05159021 392.41392069
v 226.25790275 -158.75537607 392.00622249
v 226.25790275 -144.53541682 399.25164984
v 226.25790275 -83.33278609 335.97407818
v 216.07974232 -83.93451416 336.16957886
v 216.07974232 -90.63102666 323.0268679
v 226.25800288 -90.11927933 322.65507622
v 223.61370358 -128.7726435 402.25210586
v 226.25790275 -128.77264356 401.74823133
v 226.25790275 -174.21231283 365.50261726
v 216.07974232 -173.6106974 365.30711579
v 216.07974232 -166.91417239 378.44982754
v 226.25790275 -167.42591972 378.82161765
v 223.61370358 -112.85395347 399.73084446
v 226.25790275 -113.00967062 399.25153973
v 223.61370358 -98.4936115 392.41391354
v 226.25800288 -98.78970058 392.0062154
v 216.07974232 -175.91818089 350.7383529
v 226.25790275 -176.55076203 350.73835297
v 223.61370358 -87.09707661 381.01737908
v 226.25790275 -87.50477482 380.72118684
v 216.07974232 -90.63102011 378.44981852
v 216.07974232 -83.93451072 365.30710519
v 226.25790275 -83.33278259 365.50260651
v 226.25790275 -90.11927269 378.82160851
v 223.61370358 -79.78005208 366.65703225
v 226.25790275 -80.25935685 366.50121899
v 223.61370358 -144.69113293 301.74585097
v 223.61370358 -128.77255555 299.2245927
v 226.25790275 -128.77255549 299.72846098
v 226.25790275 -144.53542829 302.22515571
v 216.07974232 -143.34129832 395.57648972
v 216.07974232 -128.77254389 397.88386963
v 226.25790275 -128.77254381 398.5165728
v 226.25790275 -143.53680513 396.17811458
v 216.07974232 -114.20377748 395.57648627
v 216.07974232 -101.0611729 388.87986738
v 226.25800288 -100.6892717 389.39172111
v 226.25790275 -114.00838318 396.17811109
v 223.61370358 -77.25879131 350.73834124
v 226.25800288 -77.76266585 350.7383413
v 216.07974232 -156.42219491 312.56532728
v 226.25790275 -156.8558147 312.08507759
v 223.61370358 -159.05160006 309.06288516
v 226.25790275 -158.75538582 309.47058329
v 226.25790275 -100.68928084 312.08496769
v 216.07974232 -101.06108178 312.5968215
v 216.07974232 -114.20378808 305.90030898
v 226.25800288 -114.00839392 305.29858085
v 223.61370358 -79.78005584 334.81975643
v 226.25790275 -80.25936058 334.97535936
v 226.25800288 -80.9944245 350.73834168
v 216.07974232 -81.62703068 350.73834175
v 216.07974232 -156.48401713 388.87998033
v 226.25790275 -156.85580556 389.39172775
v 226.25800288 -113.00968209 302.22515198
v 226.25790275 -98.78981046 309.47047294
v 226.25800288 -87.5047819 320.75549884
v 226.25790275 -170.04040463 380.7211966
v 226.25790275 -177.28585099 366.50133529
v 226.25790275 -179.78243307 350.73835336
v 226.25790275 -177.28585471 334.97547566
v 226.25790275 -170.04041172 320.75561185
v 223.61360345 -170.44811528 381.01738893
v 223.61370358 -177.76505559 366.65704383
v 223.61370358 -112.85396505 301.74584721
v 223.61370358 -180.28629509 350.73835341
v 223.61370358 -98.49352122 309.06277474
v 223.61370358 -177.76505935 334.81966318
v 223.61370358 -87.09708377 320.4593065
v 223.61370358 -170.44812244 320.45941961
v 186.43887263 -197.85050336 300.55037403
v 186.43887263 -178.96063648 281.66052146
v 186.43887263 -59.69461994 300.5503577
v 186.43887263 -47.56656977 324.35295514
v 186.43887263 -209.97853539 324.35297434
v 186.43887263 -78.5845789 281.6604032
v 186.43887263 -197.85049149 400.926441
v 186.43887263 -178.96062015 419.81629223
v 186.43887263 -155.15801984 431.94432426
v 186.43887263 -128.77253937 436.12335566
v 186.43887263 -102.38716001 431.94431802
v 186.43887263 -78.58456257 419.81628037
v 186.43887263 -59.69470821 400.92642467
v 186.43887263 -102.38717921 269.53237118
v 186.43887263 -47.56656353 377.12382436
v 186.43887263 -43.38753839 350.73833723
v 186.43887263 -155.15803904 269.53237741
v 186.43887263 -155.15803904 269.53237741
v 186.43887263 -128.77255955 265.35333978
v 183.48051068 -167.24408732 323.67448721
v 173.30225012 -167.42592636 322.65508536
v 173.30225012 -174.21231632 335.97408892
v 183.48051068 -173.61070084 336.16958946
v 179.53751755 -65.40038029 396.78098809
v 179.53751755 -82.72999737 414.11060926
v 179.53751755 -82.72999737 414.11060926
v 175.94656194 -98.4936115 392.41391354
v 175.94656194 -112.85395347 399.73084446
v 179.53751755 -104.56654927 425.23688673
v 179.5374049 -65.40039118 304.6957925
v 179.53751755 -54.27410744 326.53234753
v 179.53751755 -203.2710916 374.94434634
v 175.94656194 -177.76505559 366.65704383
v 175.94656194 -180.28629509 350.73835341
v 179.53751755 -207.10490665 350.73835658
v 179.53751755 -192.14482039 396.78100307
v 179.53751755 -128.7725402 429.07070178
v 175.94656194 -128.7726435 402.25210586
v 175.94656194 -144.69112134 399.73084822
v 179.53751755 -152.97853204 425.23689246
v 179.53751755 -50.44019226 350.73833807
v 175.94656194 -159.05159021 392.41392069
v 179.53751755 -174.81519922 414.11062014
v 179.53751755 -104.56654927 425.23688673
v 179.53751755 -128.7725402 429.07070178
v 175.94656194 -170.44811528 381.01738893
v 179.53751755 -192.14482039 396.78100307
v 179.53751755 -104.56656688 276.23980298
v 179.53751755 -82.73001235 287.36617542
v 179.53751755 -65.40038029 396.78098809
v 175.94656194 -87.09707661 381.01737908
v 179.53751755 -152.97864978 276.2398087
v 179.53751755 -128.77255872 272.40599365
v 175.94656194 -177.76505935 334.81966318
v 179.53751755 -203.27109733 326.53226188
v 179.53751755 -174.81519922 414.11062014
v 175.94656194 -170.44812244 320.45941961
v 179.53751755 -192.14483127 304.69580748
v 179.53751755 -152.97853204 425.23689246
v 175.94656194 -159.05160006 309.06288516
v 179.53751755 -174.8152142 287.36618631
v 179.53751755 -192.14483127 304.69580748
v 179.53751755 -174.8152142 287.36618631
v 175.94656194 -144.69113293 301.74585097
v 179.53751755 -152.97864978 276.2398087
v 179.53751755 -203.27109733 326.53226188
v 175.94656194 -79.78005208 366.65703225
v 179.53751755 -54.27410172 374.94432873
v 179.53751755 -54.27410172 374.94432873
v 179.53751755 -104.56656688 276.23980298
v 175.94656194 -112.85396505 301.74584721
v 175.94656194 -98.49352122 309.06277474
v 179.53751755 -82.73001235 287.36617542
v 179.53751755 -152.97864978 276.2398087
v 179.53751755 -128.77255872 272.40599365
v 175.94656194 -128.77255555 299.2245927
v 175.94656194 -87.09708377 320.4593065
v 179.5374049 -65.40039118 304.6957925
v 173.30225012 -143.53681587 305.29858434
v 183.48051068 -143.34130892 305.90031242
v 183.48051068 -128.77255503 303.59271942
v 173.30225012 -128.77255511 302.96022589
v 173.30225012 -158.75537607 392.00622249
v 175.94656194 -159.05159021 392.41392069
v 175.94656194 -144.69112134 399.73084822
v 173.30225012 -144.53541682 399.25164984
v 183.48051068 -90.63102666 323.0268679
v 183.48051068 -83.93451416 336.16957886
v 173.30225012 -83.33278609 335.97407818
v 173.30225012 -90.11927933 322.65507622
v 175.94656194 -128.7726435 402.25210586
v 173.30225012 -128.77264356 401.74823133
v 183.48051068 -166.91417239 378.44982754
v 183.48051068 -173.6106974 365.30711579
v 173.30225012 -174.21231283 365.50261726
v 173.30225012 -167.42591972 378.82161765
v 175.94656194 -112.85395347 399.73084446
v 173.30225012 -113.00967062 399.25153973
v 175.94656194 -98.4936115 392.41391354
v 173.30225012 -98.78970058 392.0062154
v 183.48051068 -175.91818089 350.7383529
v 173.30225012 -176.55076203 350.73835297
v 175.94656194 -87.09707661 381.01737908
v 173.30225012 -87.50477482 380.72118684
v 173.30225012 -83.33278259 365.50260651
v 183.48051068 -83.93451072 365.30710519
v 183.48051068 -90.63102011 378.44981852
v 173.30225012 -90.11927269 378.82160851
v 175.94656194 -79.78005208 366.65703225
v 173.30225012 -80.25935685 366.50121899
v 173.30225012 -128.77255549 299.72846098
v 175.94656194 -128.77255555 299.2245927
v 175.94656194 -144.69113293 301.74585097
v 173.30225012 -144.53542829 302.22515571
v 173.30225012 -128.77254381 398.5165728
v 183.48051068 -128.77254389 397.88386963
v 183.48051068 -143.34129832 395.57648972
v 173.30225012 -143.53680513 396.17811458
v 173.30225012 -100.6892717 389.39172111
v 183.48051068 -101.0611729 388.87986738
v 183.48051068 -114.20377748 395.57648627
v 173.30225012 -114.00838318 396.17811109
v 175.94656194 -77.25879131 350.73834124
v 173.30225012 -77.76266585 350.7383413
v 173.30225012 -156.8558147 312.08507759
v 183.48051068 -156.42219491 312.56532728
v 175.94656194 -159.05160006 309.06288516
v 173.30225012 -158.75538582 309.47058329
v 183.48051068 -114.20378808 305.90030898
v 183.48051068 -101.06108178 312.5968215
v 173.30225012 -100.68928084 312.08496769
v 173.30225012 -114.00839392 305.29858085
v 175.94656194 -79.78005584 334.81975643
v 173.30225012 -80.25936058 334.97535936
v 183.48051068 -81.62703068 350.73834175
v 173.30225012 -80.9944245 350.73834168
v 173.30225012 -156.85580556 389.39172775
v 183.48051068 -156.48401713 388.87998033
v 173.30225012 -113.00968209 302.22515198
v 173.30225012 -98.78981046 309.47047294
v 173.30225012 -87.5047819 320.75549884
v 173.30225012 -170.04040463 380.7211966
v 173.30225012 -177.28585099 366.50133529
v 173.30225012 -179.78243307 350.73835336
v 173.30225012 -177.28585471 334.97547566
v 173.30225012 -170.04041172 320.75561185
v 175.94656194 -170.44811528 381.01738893
v 175.94656194 -177.76505559 366.65704383
v 175.94656194 -112.85396505 301.74584721
v 175.94656194 -180.28629509 350.73835341
v 175.94656194 -98.49352122 309.06277474
v 175.94656194 -177.76505935 334.81966318
v 175.94656194 -87.09708377 320.4593065
v 175.94656194 -170.44812244 320.45941961
v 216.07974232 -83.93451416 336.16957886
v 216.07974232 -81.62703068 350.73834175
v 216.07974232 -83.93451072 365.30710519
v 216.07974232 -90.63102666 323.0268679
v 216.07974232 -90.63102011 378.44981852
v 216.07974232 -101.06108178 312.5968215
v 216.07974232 -101.0611729 388.87986738
v 216.07974232 -114.20378808 305.90030898
v 216.07974232 -114.20377748 395.57648627
v 216.07974232 -128.77255503 303.59271942
v 216.07974232 -128.77254389 397.88386963
v 216.07974232 -143.34130892 305.90031242
v 216.07974232 -143.34129832 395.57648972
v 216.07974232 -156.42219491 312.56532728
v 216.07974232 -156.48401713 388.87998033
v 216.07974232 -167.24408732 323.67448721
v 216.07974232 -166.91417239 378.44982754
v 216.07974232 -173.61070084 336.16958946
v 216.07974232 -173.6106974 365.30711579
v 216.07974232 -175.91818089 350.7383529
v 183.48051068 -81.62703068 350.73834175
v 183.48051068 -83.93451416 336.16957886
v 183.48051068 -90.63102666 323.0268679
v 183.48051068 -101.06108178 312.5968215
v 183.48051068 -83.93451072 365.30710519
v 183.48051068 -114.20378808 305.90030898
v 183.48051068 -90.63102011 378.44981852
v 183.48051068 -128.77255503 303.59271942
v 183.48051068 -143.34130892 305.90031242
v 183.48051068 -101.0611729 388.87986738
v 183.48051068 -156.42219491 312.56532728
v 183.48051068 -114.20377748 395.57648627
v 183.48051068 -128.77254389 397.88386963
v 183.48051068 -167.24408732 323.67448721
v 183.48051068 -173.61070084 336.16958946
v 183.48051068 -143.34129832 395.57648972
v 183.48051068 -175.91818089 350.7383529
v 183.48051068 -156.48401713 388.87998033
v 183.48051068 -173.6106974 365.30711579
v 183.48051068 -166.91417239 378.44982754
v -186.24336391 -214.15761368 -204.84558738
v -186.24336391 -209.97859482 -178.46012041
v -193.14483164 -203.27115728 -180.6395347
v -193.14483164 -207.10497232 -204.84558822
v -189.20182598 -167.24415299 -231.90925146
v -199.38008655 -167.42599203 -232.92889113
v -199.38008655 -174.21238199 -219.60979056
v -189.20182598 -173.61076651 -219.41438389
v -186.24336391 -78.58462824 -135.76759286
v -186.24336391 -59.69467374 -154.65756433
v -193.14483164 -65.40044596 -158.80296023
v -193.14483164 -82.73006304 -141.47333906
v -193.14483164 -82.73006304 -141.47333906
v -196.73578724 -98.49367717 -163.16994404
v -196.73578724 -112.85401914 -155.85302876
v -193.14483164 -104.56661494 -130.34706784
v -186.24336391 -47.56663544 -231.23102447
v -186.24336391 -59.69478574 -255.03359688
v -193.14483164 -65.40045685 -250.88814957
v -193.14483164 -54.27417311 -229.05151005
v -193.14483164 -203.27115728 -180.6395347
v -196.73578724 -177.76512126 -188.92702652
v -196.73578724 -180.28636076 -204.84559139
v -193.14483164 -207.10497232 -204.84558822
v -186.24336391 -197.85055716 -154.657548
v -193.14483164 -192.14488606 -158.80284512
v -193.14483164 -128.77260587 -126.5131777
v -196.73578724 -128.77260904 -153.33186436
v -196.73578724 -144.69118701 -155.853025
v -193.14483164 -152.97869784 -130.34706212
v -186.24336391 -43.38760406 -204.84560757
v -193.14483164 -50.44025793 -204.84560673
v -196.73578724 -159.05165588 -163.16993688
v -193.14483164 -174.81526489 -141.47332818
v -186.24336391 -128.77260504 -119.46061144
v -186.24336391 -102.38722568 -123.63965533
v -193.14483164 -104.56661494 -130.34706784
v -193.14483164 -128.77260587 -126.5131777
v -196.73578724 -170.44818095 -174.56645926
v -193.14483164 -192.14488606 -158.80284512
v -186.24336391 -78.58464457 -273.92356389
v -186.24336391 -102.38724488 -286.05159592
v -193.14483164 -104.56663255 -279.34418289
v -193.14483164 -82.73007802 -268.21776664
v -193.14483164 -65.40044596 -158.80296023
v -196.73578724 -87.09714228 -174.56656924
v -186.24336391 -128.77262522 -290.23053345
v -186.24336391 -155.15810471 -286.05148955
v -193.14483164 -152.97871545 -279.34417717
v -193.14483164 -128.77262439 -283.17796719
v -196.73578724 -177.76512502 -220.76420691
v -193.14483164 -203.271163 -229.05159257
v -186.24336391 -178.96068582 -135.76758099
v -193.14483164 -174.81526489 -141.47332818
v -196.73578724 -170.44818811 -235.12452558
v -193.14483164 -192.14489694 -250.88813459
v -186.24336391 -155.15808551 -123.6396491
v -193.14483164 -152.97869784 -130.34706212
v -196.73578724 -159.05166573 -246.52110071
v -193.14483164 -174.81527987 -268.21775576
v -186.24336391 -178.96070215 -273.9234519
v -186.24336391 -197.85056903 -255.03348042
v -193.14483164 -192.14489694 -250.88813459
v -193.14483164 -174.81527987 -268.21775576
v -196.73578724 -144.6911986 -253.83801599
v -193.14483164 -152.97871545 -279.34417717
v -186.24336391 -209.97860106 -231.23090514
v -193.14483164 -203.271163 -229.05159257
v -149.06864561 -77.25885698 -204.8457037
v -149.06864561 -79.78012151 -220.76431862
v -152.65960121 -54.27417311 -229.05151005
v -152.65960121 -50.44025793 -204.84560673
v -193.14483164 -50.44025793 -204.84560673
v -196.73578724 -77.25885698 -204.8457037
v -196.73578724 -79.78011775 -188.9270381
v -193.14483164 -54.27416739 -180.63955231
v -186.24336391 -47.5666292 -178.46013961
v -193.14483164 -54.27416739 -180.63955231
v -193.14483164 -104.56663255 -279.34418289
v -196.73578724 -112.85403072 -253.83801975
v -196.73578724 -98.49358689 -246.52110787
v -193.14483164 -82.73007802 -268.21776664
v -186.24336391 -155.15810471 -286.05148955
v -193.14483164 -152.97871545 -279.34417717
v -193.14483164 -128.77262439 -283.17796719
v -196.73578724 -128.77262122 -256.35938065
v -152.65960121 -203.27115728 -180.6395347
v -159.5609563 -209.97859482 -178.46012041
v -159.5609563 -214.15761368 -204.84558738
v -152.65960121 -207.10497232 -204.84558822
v -196.73578724 -87.09714944 -235.12463556
v -193.14483164 -65.40045685 -250.88814957
v -196.73578724 -79.78012151 -220.76431862
v -193.14483164 -54.27417311 -229.05151005
v -199.38008655 -143.53688154 -250.2853984
v -189.20182598 -143.34137459 -249.6836578
v -189.20182598 -128.7726207 -251.99114129
v -199.38008655 -128.77262078 -252.62372243
v -199.38008655 -158.75544174 -163.57762257
v -196.73578724 -159.05165588 -163.16993688
v -196.73578724 -144.69118701 -155.853025
v -199.37998641 -144.53548249 -156.3322046
v -189.20182598 -90.63109233 -232.55711172
v -189.20182598 -83.93457983 -219.41439449
v -199.38008655 -83.33285176 -219.60990143
v -199.38008655 -90.119345 -232.92890026
v -196.73578724 -128.77260904 -153.33186436
v -199.38008655 -128.7726091 -153.83572638
v -189.20182598 -166.91423806 -177.13403317
v -189.20182598 -173.61076307 -190.27685053
v -199.38008655 -174.2123785 -190.08124345
v -199.37998641 -167.42598539 -176.76224462
v -196.73578724 -112.85401914 -155.85302876
v -199.38008655 -113.00973629 -156.33220833
v -196.73578724 -98.49367717 -163.16994404
v -199.38008655 -98.78986638 -163.57772979
v -189.20182598 -175.91824656 -204.8455919
v -199.37998641 -176.5508277 -204.84559183
v -196.73578724 -87.09714228 -174.56656924
v -199.38008655 -87.50484049 -174.86275835
v -199.38008655 -83.3329484 -190.08135432
v -189.20182598 -83.93457639 -190.27686113
v -189.20182598 -90.63108578 -177.13414232
v -199.38008655 -90.11933836 -176.76225376
v -196.73578724 -79.78011775 -188.9270381
v -199.38008655 -80.25942252 -189.08274263
v -199.38008655 -128.77262116 -255.8554185
v -196.73578724 -128.77262122 -256.35938065
v -196.73578724 -144.6911986 -253.83801599
v -199.38008655 -144.53549396 -253.35868623
v -199.38008655 -128.77260948 -157.06727226
v -189.20182598 -128.77260956 -157.69990346
v -189.20172585 -143.34136399 -160.00738351
v -199.37998641 -143.5368708 -159.405743
v -199.38008655 -100.68933737 -166.19226476
v -189.20182598 -101.06123857 -166.70398706
v -189.20182598 -114.20384315 -160.00738695
v -199.38008655 -114.00844885 -159.40574649
v -196.73578724 -77.25885698 -204.8457037
v -199.38008655 -77.76273152 -204.84570364
v -199.38008655 -156.85588037 -243.49877999
v -189.20182598 -156.42226058 -243.01854907
v -196.73578724 -159.05166573 -246.52110071
v -199.38008655 -158.75545149 -246.11336503
v -189.20182598 -114.20385375 -249.68366125
v -189.20182598 -101.06124759 -242.98716437
v -199.38008655 -100.68934651 -243.49888676
v -199.38008655 -114.00835946 -250.28540189
v -196.73578724 -79.78012151 -220.76431862
v -199.38008655 -80.25942625 -220.60861399
v -189.20182598 -81.62709635 -204.84570318
v -199.38008655 -80.99449017 -204.84570325
v -199.38008655 -156.85587123 -166.19210793
v -189.20182598 -156.4840828 -166.70388038
v -199.38008655 -113.00974776 -253.35868995
v -199.38008655 -98.789776 -246.11347225
v -199.38008655 -87.50484757 -234.82844636
v -199.37998641 -170.0404703 -174.86264846
v -199.38008655 -177.28591666 -189.08273116
v -199.37998641 -179.78249874 -204.84559145
v -199.38008655 -177.28592038 -220.60850239
v -199.38008655 -170.04047739 -234.82823634
v -196.73578724 -170.44818095 -174.56645926
v -196.73578724 -177.76512126 -188.92702652
v -196.73578724 -112.85403072 -253.83801975
v -196.73578724 -180.28636076 -204.84559139
v -196.73578724 -98.49358689 -246.52110787
v -196.73578724 -177.76512502 -220.76420691
v -196.73578724 -87.09714944 -235.12463556
v -196.73578724 -170.44818811 -235.12452558
v -159.5609563 -178.96070215 -273.9234519
v -159.5609563 -197.85056903 -255.03348042
v -159.5609563 -47.56663544 -231.23102447
v -159.5609563 -59.69478574 -255.03359688
v -159.5609563 -209.97860106 -231.23090514
v -159.5609563 -78.58464457 -273.92356389
v -159.5609563 -197.85055716 -154.657548
v -159.5609563 -178.96068582 -135.76758099
v -159.5609563 -155.15808551 -123.6396491
v -159.5609563 -128.77260504 -119.46061144
v -159.5609563 -102.38722568 -123.63965533
v -159.5609563 -78.58462824 -135.76759286
v -159.5609563 -59.69467374 -154.65756433
v -159.5609563 -102.38724488 -286.05159592
v -159.5609563 -47.5666292 -178.46013961
v -159.5609563 -43.38760406 -204.84560757
v -159.5609563 -155.15810471 -286.05148955
v -159.5609563 -128.77262522 -290.23053345
v -159.5609563 -155.15810471 -286.05148955
v -146.42433379 -174.21238199 -219.60979056
v -146.42433379 -167.42599203 -232.92889113
v -156.60259435 -167.24415299 -231.90925146
v -156.60259435 -173.61076651 -219.41438389
v -152.65960121 -65.40044596 -158.80296023
v -152.65960121 -82.73006304 -141.47333906
v -149.06864561 -112.85401914 -155.85302876
v -149.06864561 -98.49367717 -163.16994404
v -152.65960121 -82.73006304 -141.47333906
v -152.65960121 -104.56661494 -130.34706784
v -152.65948856 -65.40045685 -250.88814957
v -152.65960121 -54.27417311 -229.05151005
v -149.06864561 -180.28636076 -204.84559139
v -149.06864561 -177.76512126 -188.92702652
v -152.65960121 -203.27115728 -180.6395347
v -152.65960121 -207.10497232 -204.84558822
v -152.65960121 -192.14488606 -158.80284512
v -149.06864561 -144.69118701 -155.853025
v -149.06864561 -128.77260904 -153.33186436
v -152.65960121 -128.77260587 -126.5131777
v -152.65960121 -152.97869784 -130.34706212
v -152.65960121 -50.44025793 -204.84560673
v -149.06864561 -159.05165588 -163.16993688
v -152.65960121 -174.81526489 -141.47332818
v -152.65960121 -104.56661494 -130.34706784
v -152.65960121 -128.77260587 -126.5131777
v -149.06864561 -170.44818095 -174.56645926
v -152.65960121 -192.14488606 -158.80284512
v -152.65960121 -104.56663255 -279.34418289
v -152.65960121 -82.73007802 -268.21776664
v -149.06864561 -87.09714228 -174.56656924
v -152.65960121 -65.40044596 -158.80296023
v -152.65960121 -152.97871545 -279.34417717
v -152.65960121 -128.77262439 -283.17796719
v -149.06864561 -177.76512502 -220.76420691
v -152.65960121 -203.271163 -229.05159257
v -152.65960121 -174.81526489 -141.47332818
v -149.06864561 -170.44818811 -235.12452558
v -152.65960121 -192.14489694 -250.88813459
v -152.65960121 -152.97869784 -130.34706212
v -149.06864561 -159.05166573 -246.52110071
v -152.65960121 -174.81527987 -268.21775576
v -152.65960121 -192.14489694 -250.88813459
v -152.65960121 -174.81527987 -268.21775576
v -149.06864561 -144.6911986 -253.83801599
v -152.65960121 -152.97871545 -279.34417717
v -152.65960121 -203.271163 -229.05159257
v -149.06864561 -79.78011775 -188.9270381
v -152.65960121 -54.27416739 -180.63955231
v -152.65960121 -54.27416739 -180.63955231
v -149.06864561 -98.49358689 -246.52110787
v -149.06864561 -112.85403072 -253.83801975
v -152.65960121 -104.56663255 -279.34418289
v -152.65960121 -82.73007802 -268.21776664
v -152.65960121 -152.97871545 -279.34417717
v -149.06864561 -128.77262122 -256.35938065
v -152.65960121 -128.77262439 -283.17796719
v -149.06864561 -87.09714944 -235.12463556
v -152.65948856 -65.40045685 -250.88814957
v -156.60259435 -128.7726207 -251.99114129
v -156.60259435 -143.34137459 -249.6836578
v -146.42433379 -143.53688154 -250.2853984
v -146.42433379 -128.77262078 -252.62372243
v -149.06864561 -144.69118701 -155.853025
v -149.06864561 -159.05165588 -163.16993688
v -146.42433379 -158.75544174 -163.57762257
v -146.42433379 -144.53548249 -156.3322046
v -146.42433379 -83.33285176 -219.60990143
v -156.60259435 -83.93457983 -219.41439449
v -156.60259435 -90.63109233 -232.55711172
v -146.42433379 -90.119345 -232.92890026
v -149.06864561 -128.77260904 -153.33186436
v -146.42433379 -128.7726091 -153.83572638
v -146.42433379 -174.2123785 -190.08124345
v -156.60259435 -173.61076307 -190.27685053
v -156.60259435 -166.91423806 -177.13403317
v -146.42433379 -167.42598539 -176.76224462
v -149.06864561 -112.85401914 -155.85302876
v -146.42433379 -113.00973629 -156.33220833
v -149.06864561 -98.49367717 -163.16994404
v -146.42433379 -98.78986638 -163.57772979
v -156.60259435 -175.91824656 -204.8455919
v -146.42433379 -176.5508277 -204.84559183
v -149.06864561 -87.09714228 -174.56656924
v -146.42433379 -87.50484049 -174.86275835
v -156.60259435 -90.63108578 -177.13414232
v -156.60259435 -83.93457639 -190.27686113
v -146.42433379 -83.3329484 -190.08135432
v -146.42433379 -90.11933836 -176.76225376
v -149.06864561 -79.78011775 -188.9270381
v -146.42433379 -80.25942252 -189.08274263
v -149.06864561 -144.6911986 -253.83801599
v -149.06864561 -128.77262122 -256.35938065
v -146.42433379 -128.77262116 -255.8554185
v -146.42433379 -144.53549396 -253.35868623
v -156.60259435 -143.34136399 -160.00738351
v -156.60259435 -128.77260956 -157.69990346
v -146.42433379 -128.77260948 -157.06727226
v -146.42433379 -143.5368708 -159.405743
v -156.60259435 -114.20384315 -160.00738695
v -156.60259435 -101.06123857 -166.70398706
v -146.42433379 -100.68933737 -166.19226476
v -146.42433379 -114.00844885 -159.40574649
v -149.06864561 -77.25885698 -204.8457037
v -146.42433379 -77.76273152 -204.84570364
v -156.60259435 -156.42226058 -243.01854907
v -146.42433379 -156.85588037 -243.49877999
v -149.06864561 -159.05166573 -246.52110071
v -146.42433379 -158.75545149 -246.11336503
v -146.42433379 -100.68934651 -243.49888676
v -156.60259435 -101.06124759 -242.98716437
v -156.60259435 -114.20385375 -249.68366125
v -146.42433379 -114.00835946 -250.28540189
v -149.06864561 -79.78012151 -220.76431862
v -146.42433379 -80.25942625 -220.60861399
v -146.42433379 -80.99449017 -204.84570325
v -156.60259435 -81.62709635 -204.84570318
v -156.60259435 -156.4840828 -166.70388038
v -146.42433379 -156.85587123 -166.19210793
v -146.42433379 -113.00974776 -253.35868995
v -146.42433379 -98.789776 -246.11347225
v -146.42433379 -87.50484757 -234.82844636
v -146.42433379 -170.0404703 -174.86264846
v -146.42433379 -177.28591666 -189.08273116
v -146.42433379 -179.78249874 -204.84559145
v -146.42433379 -177.28592038 -220.60850239
v -146.42433379 -170.04047739 -234.82823634
v -149.06864561 -170.44818095 -174.56645926
v -149.06864561 -177.76512126 -188.92702652
v -149.06864561 -112.85403072 -253.83801975
v -149.06864561 -180.28636076 -204.84559139
v -149.06864561 -98.49358689 -246.52110787
v -149.06864561 -177.76512502 -220.76420691
v -149.06864561 -87.09714944 -235.12463556
v -149.06864561 -170.44818811 -235.12452558
v -189.20182598 -83.93457639 -190.27686113
v -189.20182598 -81.62709635 -204.84570318
v -189.20182598 -83.93457983 -219.41439449
v -189.20182598 -90.63109233 -232.55711172
v -189.20182598 -101.06124759 -242.98716437
v -189.20182598 -90.63108578 -177.13414232
v -189.20182598 -101.06123857 -166.70398706
v -189.20182598 -114.20385375 -249.68366125
v -189.20182598 -128.7726207 -251.99114129
v -189.20182598 -114.20384315 -160.00738695
v -189.20182598 -143.34137459 -249.6836578
v -189.20182598 -128.77260956 -157.69990346
v -189.20182598 -156.42226058 -243.01854907
v -189.20172585 -143.34136399 -160.00738351
v -189.20182598 -167.24415299 -231.90925146
v -189.20182598 -156.4840828 -166.70388038
v -189.20182598 -173.61076651 -219.41438389
v -189.20182598 -166.91423806 -177.13403317
v -189.20182598 -173.61076307 -190.27685053
v -189.20182598 -175.91824656 -204.8455919
v -156.60259435 -90.63109233 -232.55711172
v -156.60259435 -83.93457983 -219.41439449
v -156.60259435 -81.62709635 -204.84570318
v -156.60259435 -101.06124759 -242.98716437
v -156.60259435 -83.93457639 -190.27686113
v -156.60259435 -114.20385375 -249.68366125
v -156.60259435 -90.63108578 -177.13414232
v -156.60259435 -128.7726207 -251.99114129
v -156.60259435 -101.06123857 -166.70398706
v -156.60259435 -143.34137459 -249.6836578
v -156.60259435 -114.20384315 -160.00738695
v -156.60259435 -156.42226058 -243.01854907
v -156.60259435 -128.77260956 -157.69990346
v -156.60259435 -167.24415299 -231.90925146
v -156.60259435 -143.34136399 -160.00738351
v -156.60259435 -173.61076651 -219.41438389
v -156.60259435 -156.4840828 -166.70388038
v -156.60259435 -175.91824656 -204.8455919
v -156.60259435 -166.91423806 -177.13403317
v -156.60259435 -173.61076307 -190.27685053
v 220.02274798 -203.27115728 -180.6395347
v 213.12128024 -209.97859482 -178.46012041
v 213.12128024 -214.15761368 -204.84558738
v 220.02274798 -207.10497232 -204.84558822
v 226.25790275 -174.21238199 -219.60979056
v 226.25790275 -167.42599203 -232.92889113
v 216.07974232 -167.24415299 -231.90925146
v 216.07974232 -173.61076651 -219.41438389
v 220.02274798 -65.40044596 -158.80296023
v 213.12128024 -59.69467374 -154.65756433
v 213.12128024 -78.58462824 -135.76759286
v 220.02274798 -82.73006304 -141.47323893
v 223.61370358 -112.85401914 -155.85302876
v 223.61370358 -98.49367717 -163.16994404
v 220.02274798 -82.73006304 -141.47323893
v 220.02274798 -104.56661494 -130.34706784
v 220.02274798 -65.40045685 -250.88814957
v 213.12128024 -59.69478574 -255.03359688
v 213.12128024 -47.56663544 -231.23102447
v 220.02274798 -54.27417311 -229.05151005
v 223.61370358 -180.28636076 -204.84559139
v 223.61370358 -177.76512126 -188.92682626
v 220.02274798 -203.27115728 -180.6395347
v 220.02274798 -207.10497232 -204.84558822
v 220.02274798 -192.14488606 -158.80284512
v 213.12128024 -197.85055716 -154.657548
v 223.61360345 -144.69118701 -155.853025
v 223.61370358 -128.77260904 -153.33186436
v 220.02274798 -128.77260587 -126.5131777
v 220.02274798 -152.97869784 -130.34706212
v 213.12128024 -43.38760406 -204.84560757
v 220.02274798 -50.44025793 -204.84560673
v 223.61370358 -159.05165588 -163.16993688
v 220.02274798 -174.81526489 -141.47322805
v 220.02274798 -104.56661494 -130.34706784
v 213.12128024 -102.38722568 -123.63965533
v 213.12128024 -128.77260504 -119.46061144
v 220.02274798 -128.77260587 -126.5131777
v 223.61360345 -170.44818095 -174.56645926
v 220.02274798 -192.14488606 -158.80284512
v 220.02274798 -104.56663255 -279.34418289
v 213.12128024 -102.38724488 -286.05159592
v 213.12128024 -78.58464457 -273.92356389
v 220.02274798 -82.73007802 -268.21776664
v 223.61370358 -87.09714228 -174.56656924
v 220.02274798 -65.40044596 -158.80296023
v 220.02274798 -152.97871545 -279.34417717
v 213.12128024 -155.15810471 -286.05148955
v 213.12128024 -128.77262522 -290.23053345
v 220.02274798 -128.77262439 -283.17796719
v 223.61370358 -177.76512502 -220.76420691
v 220.02274798 -203.271163 -229.05159257
v 220.02274798 -174.81526489 -141.47322805
v 213.12128024 -178.96068582 -135.76758099
v 223.61370358 -170.44818811 -235.12452558
v 220.02274798 -192.14489694 -250.88813459
v 220.02274798 -152.97869784 -130.34706212
v 213.12128024 -155.15808551 -123.6396491
v 223.61370358 -159.05166573 -246.52110071
v 220.02274798 -174.81527987 -268.21775576
v 220.02274798 -192.14489694 -250.88813459
v 213.12128024 -197.85056903 -255.03348042
v 213.12128024 -178.96070215 -273.9234519
v 220.02274798 -174.81527987 -268.21775576
v 223.61370358 -144.6911986 -253.83801599
v 220.02274798 -152.97871545 -279.34417717
v 220.02274798 -203.271163 -229.05159257
v 213.12128024 -209.97860106 -231.23090514
v 179.53751755 -54.27417311 -229.05151005
v 175.94656194 -79.78012151 -220.76421849
v 175.94656194 -77.25885698 -204.8457037
v 179.53751755 -50.44025793 -204.84560673
v 223.61370358 -79.78011775 -188.92693797
v 223.61370358 -77.25885698 -204.8457037
v 220.02274798 -50.44025793 -204.84560673
v 220.02274798 -54.27416739 -180.63955231
v 220.02274798 -54.27416739 -180.63955231
v 213.12128024 -47.5666292 -178.46013961
v 223.61370358 -98.49358689 -246.52110787
v 223.61370358 -112.85403072 -253.83801975
v 220.02274798 -104.56663255 -279.34418289
v 220.02274798 -82.73007802 -268.21776664
v 213.12128024 -155.15810471 -286.05148955
v 220.02274798 -152.97871545 -279.34417717
v 223.61370358 -128.77262122 -256.35938065
v 220.02274798 -128.77262439 -283.17796719
v 186.43887263 -214.15761368 -204.84558738
v 186.43887263 -209.97859482 -178.46012041
v 179.53751755 -203.27115728 -180.6395347
v 179.53751755 -207.10497232 -204.84558822
v 223.61370358 -87.09714944 -235.12463556
v 220.02274798 -65.40045685 -250.88814957
v 223.61370358 -79.78012151 -220.76421849
v 220.02274798 -54.27417311 -229.05151005
v 216.07974232 -128.7726207 -251.99114129
v 216.07974232 -143.34137459 -249.6836578
v 226.25790275 -143.53688154 -250.2853984
v 226.25790275 -128.77262078 -252.62372243
v 223.61360345 -144.69118701 -155.853025
v 223.61370358 -159.05165588 -163.16993688
v 226.25790275 -158.75544174 -163.57762257
v 226.25790275 -144.53548249 -156.3322046
v 226.25790275 -83.33285176 -219.60990143
v 216.07974232 -83.93457983 -219.41429436
v 216.07974232 -90.63109233 -232.55711172
v 226.25800288 -90.119345 -232.92890026
v 223.61370358 -128.77260904 -153.33186436
v 226.25790275 -128.7726091 -153.83572638
v 226.25790275 -174.2123785 -190.08124345
v 216.07974232 -173.61076307 -190.27685053
v 216.07974232 -166.91423806 -177.13403317
v 226.25790275 -167.42598539 -176.76224462
v 223.61370358 -112.85401914 -155.85302876
v 226.25790275 -113.00973629 -156.33220833
v 223.61370358 -98.49367717 -163.16994404
v 226.25800288 -98.78986638 -163.57772979
v 216.07974232 -175.91824656 -204.8455919
v 226.25790275 -176.5508277 -204.84559183
v 223.61370358 -87.09714228 -174.56656924
v 226.25790275 -87.50484049 -174.86275835
v 216.07974232 -90.63108578 -177.13414232
v 216.07974232 -83.93457639 -190.27686113
v 226.25790275 -83.3329484 -190.08125419
v 226.25790275 -90.11933836 -176.76225376
v 223.61370358 -79.78011775 -188.92693797
v 226.25790275 -80.25942252 -189.08264249
v 223.61370358 -144.6911986 -253.83801599
v 223.61370358 -128.77262122 -256.35938065
v 226.25790275 -128.77262116 -255.8554185
v 226.25790275 -144.53549396 -253.35868623
v 216.07974232 -143.34136399 -160.00738351
v 216.07974232 -128.77260956 -157.69990346
v 226.25790275 -128.77260948 -157.06727226
v 226.25790275 -143.5368708 -159.405743
v 216.07974232 -114.20384315 -160.00738695
v 216.07974232 -101.06123857 -166.70398706
v 226.25800288 -100.68933737 -166.19226476
v 226.25790275 -114.00844885 -159.40574649
v 223.61370358 -77.25885698 -204.8457037
v 226.25800288 -77.76273152 -204.84570364
v 216.07974232 -156.42226058 -243.01854907
v 226.25790275 -156.85588037 -243.49877999
v 223.61370358 -159.05166573 -246.52110071
v 226.25790275 -158.75545149 -246.11336503
v 226.25790275 -100.68934651 -243.49888676
v 216.07974232 -101.06124759 -242.98716437
v 216.07974232 -114.20385375 -249.68366125
v 226.25800288 -114.00835946 -250.28540189
v 223.61370358 -79.78012151 -220.76421849
v 226.25790275 -80.25942625 -220.60851386
v 226.25800288 -80.99449017 -204.84570325
v 216.07974232 -81.62709635 -204.84570318
v 216.07974232 -156.4840828 -166.70388038
v 226.25790275 -156.85587123 -166.19210793
v 226.25800288 -113.00974776 -253.35868995
v 226.25790275 -98.789776 -246.11347225
v 226.25800288 -87.50484757 -234.82844636
v 226.25790275 -170.0404703 -174.86264846
v 226.25790275 -177.28591666 -189.08253089
v 226.25790275 -179.78249874 -204.84559145
v 226.25790275 -177.28592038 -220.60840226
v 226.25790275 -170.04047739 -234.82823634
v 223.61360345 -170.44818095 -174.56645926
v 223.61370358 -177.76512126 -188.92682626
v 223.61370358 -112.85403072 -253.83801975
v 223.61370358 -180.28636076 -204.84559139
v 223.61370358 -98.49358689 -246.52110787
v 223.61370358 -177.76512502 -220.76420691
v 223.61370358 -87.09714944 -235.12463556
v 223.61370358 -170.44818811 -235.12452558
v 186.43887263 -197.85056903 -255.03348042
v 186.43887263 -178.96070215 -273.9234519
v 186.43887263 -59.69478574 -255.03359688
v 186.43887263 -47.56663544 -231.23102447
v 186.43887263 -209.97860106 -231.23090514
v 186.43887263 -78.58464457 -273.92356389
v 186.43887263 -197.85055716 -154.657548
v 186.43887263 -178.96068582 -135.76758099
v 186.43887263 -155.15808551 -123.6396491
v 186.43887263 -128.77260504 -119.46061144
v 186.43887263 -102.38722568 -123.63965533
v 186.43887263 -78.58462824 -135.76759286
v 186.43887263 -59.69467374 -154.65756433
v 186.43887263 -102.38724488 -286.05159592
v 186.43887263 -47.5666292 -178.46013961
v 186.43887263 -43.38760406 -204.84560757
v 186.43887263 -155.15810471 -286.05148955
v 186.43887263 -155.15810471 -286.05148955
v 186.43887263 -128.77262522 -290.23053345
v 183.48051068 -167.24415299 -231.90925146
v 173.30225012 -167.42599203 -232.92889113
v 173.30225012 -174.21238199 -219.60979056
v 183.48051068 -173.61076651 -219.41438389
v 179.53751755 -65.40044596 -158.80296023
v 179.53751755 -82.73006304 -141.47323893
v 179.53751755 -82.73006304 -141.47323893
v 175.94656194 -98.49367717 -163.16994404
v 175.94656194 -112.85401914 -155.85302876
v 179.53751755 -104.56661494 -130.34706784
v 179.5374049 -65.40045685 -250.88814957
v 179.53751755 -54.27417311 -229.05151005
v 179.53751755 -203.27115728 -180.6395347
v 175.94656194 -177.76512126 -188.92682626
v 175.94656194 -180.28636076 -204.84559139
v 179.53751755 -207.10497232 -204.84558822
v 179.53751755 -192.14488606 -158.80284512
v 179.53751755 -128.77260587 -126.5131777
v 175.94656194 -128.77260904 -153.33186436
v 175.94656194 -144.69118701 -155.853025
v 179.53751755 -152.97869784 -130.34706212
v 179.53751755 -50.44025793 -204.84560673
v 175.94656194 -159.05165588 -163.16993688
v 179.53751755 -174.81526489 -141.47322805
v 179.53751755 -104.56661494 -130.34706784
v 179.53751755 -128.77260587 -126.5131777
v 175.94656194 -170.44818095 -174.56645926
v 179.53751755 -192.14488606 -158.80284512
v 179.53751755 -104.56663255 -279.34418289
v 179.53751755 -82.73007802 -268.21776664
v 179.53751755 -65.40044596 -158.80296023
v 175.94656194 -87.09714228 -174.56656924
v 179.53751755 -152.97871545 -279.34417717
v 179.53751755 -128.77262439 -283.17796719
v 175.94656194 -177.76512502 -220.76420691
v 179.53751755 -203.271163 -229.05159257
v 179.53751755 -174.81526489 -141.47322805
v 175.94656194 -170.44818811 -235.12452558
v 179.53751755 -192.14489694 -250.88813459
v 179.53751755 -152.97869784 -130.34706212
v 175.94656194 -159.05166573 -246.52110071
v 179.53751755 -174.81527987 -268.21775576
v 179.53751755 -192.14489694 -250.88813459
v 179.53751755 -174.81527987 -268.21775576
v 175.94656194 -144.6911986 -253.83801599
v 179.53751755 -152.97871545 -279.34417717
v 179.53751755 -203.271163 -229.05159257
v 175.94656194 -79.78011775 -188.92693797
v 179.53751755 -54.27416739 -180.63955231
v 179.53751755 -54.27416739 -180.63955231
v 179.53751755 -104.56663255 -279.34418289
v 175.94656194 -112.85403072 -253.83801975
v 175.94656194 -98.49358689 -246.52110787
v 179.53751755 -82.73007802 -268.21776664
v 179.53751755 -152.97871545 -279.34417717
v 179.53751755 -128.77262439 -283.17796719
v 175.94656194 -128.77262122 -256.35938065
v 175.94656194 -87.09714944 -235.12463556
v 179.5374049 -65.40045685 -250.88814957
v 173.30225012 -143.53688154 -250.2853984
v 183.48051068 -143.34137459 -249.6836578
v 183.48051068 -128.7726207 -251.99114129
v 173.30225012 -128.77262078 -252.62372243
v 173.30225012 -158.75544174 -163.57762257
v 175.94656194 -159.05165588 -163.16993688
v 175.94656194 -144.69118701 -155.853025
v 173.30225012 -144.53548249 -156.3322046
v 183.48051068 -90.63109233 -232.55711172
v 183.48051068 -83.93457983 -219.41429436
v 173.30225012 -83.33285176 -219.60990143
v 173.30225012 -90.119345 -232.92890026
v 175.94656194 -128.77260904 -153.33186436
v 173.30225012 -128.7726091 -153.83572638
v 183.48051068 -166.91423806 -177.13403317
v 183.48051068 -173.61076307 -190.27685053
v 173.30225012 -174.2123785 -190.08124345
v 173.30225012 -167.42598539 -176.76224462
v 175.94656194 -112.85401914 -155.85302876
v 173.30225012 -113.00973629 -156.33220833
v 175.94656194 -98.49367717 -163.16994404
v 173.30225012 -98.78986638 -163.57772979
v 183.48051068 -175.91824656 -204.8455919
v 173.30225012 -176.5508277 -204.84559183
v 175.94656194 -87.09714228 -174.56656924
v 173.30225012 -87.50484049 -174.86275835
v 173.30225012 -83.3329484 -190.08125419
v 183.48051068 -83.93457639 -190.27686113
v 183.48051068 -90.63108578 -177.13414232
v 173.30225012 -90.11933836 -176.76225376
v 175.94656194 -79.78011775 -188.92693797
v 173.30225012 -80.25942252 -189.08264249
v 173.30225012 -128.77262116 -255.8554185
v 175.94656194 -128.77262122 -256.35938065
v 175.94656194 -144.6911986 -253.83801599
v 173.30225012 -144.53549396 -253.35868623
v 173.30225012 -128.77260948 -157.06727226
v 183.48051068 -128.77260956 -157.69990346
v 183.48051068 -143.34136399 -160.00738351
v 173.30225012 -143.5368708 -159.405743
v 173.30225012 -100.68933737 -166.19226476
v 183.48051068 -101.06123857 -166.70398706
v 183.48051068 -114.20384315 -160.00738695
v 173.30225012 -114.00844885 -159.40574649
v 175.94656194 -77.25885698 -204.8457037
v 173.30225012 -77.76273152 -204.84570364
v 173.30225012 -156.85588037 -243.49877999
v 183.48051068 -156.42226058 -243.01854907
v 175.94656194 -159.05166573 -246.52110071
v 173.30225012 -158.75545149 -246.11336503
v 183.48051068 -114.20385375 -249.68366125
v 183.48051068 -101.06124759 -242.98716437
v 173.30225012 -100.68934651 -243.49888676
v 173.30225012 -114.00835946 -250.28540189
v 175.94656194 -79.78012151 -220.76421849
v 173.30225012 -80.25942625 -220.60851386
v 183.48051068 -81.62709635 -204.84570318
v 173.30225012 -80.99449017 -204.84570325
v 173.30225012 -156.85587123 -166.19210793
v 183.48051068 -156.4840828 -166.70388038
v 173.30225012 -113.00974776 -253.35868995
v 173.30225012 -98.789776 -246.11347225
v 173.30225012 -87.50484757 -234.82844636
v 173.30225012 -170.0404703 -174.86264846
v 173.30225012 -177.28591666 -189.08253089
v 173.30225012 -179.78249874 -204.84559145
v 173.30225012 -177.28592038 -220.60840226
v 173.30225012 -170.04047739 -234.82823634
v 175.94656194 -170.44818095 -174.56645926
v 175.94656194 -177.76512126 -188.92682626
v 175.94656194 -112.85403072 -253.83801975
v 175.94656194 -180.28636076 -204.84559139
v 175.94656194 -98.49358689 -246.52110787
v 175.94656194 -177.76512502 -220.76420691
v 175.94656194 -87.09714944 -235.12463556
v 175.94656194 -170.44818811 -235.12452558
v 216.07974232 -83.93457983 -219.41429436
v 216.07974232 -81.62709635 -204.84570318
v 216.07974232 -83.93457639 -190.27686113
v 216.07974232 -90.63109233 -232.55711172
v 216.07974232 -90.63108578 -177.13414232
v 216.07974232 -101.06124759 -242.98716437
v 216.07974232 -101.06123857 -166.70398706
v 216.07974232 -114.20385375 -249.68366125
v 216.07974232 -114.20384315 -160.00738695
v 216.07974232 -128.7726207 -251.99114129
v 216.07974232 -128.77260956 -157.69990346
v 216.07974232 -143.34137459 -249.6836578
v 216.07974232 -143.34136399 -160.00738351
v 216.07974232 -156.42226058 -243.01854907
v 216.07974232 -156.4840828 -166.70388038
v 216.07974232 -167.24415299 -231.90925146
v 216.07974232 -166.91423806 -177.13403317
v 216.07974232 -173.61076651 -219.41438389
v 216.07974232 -173.61076307 -190.27685053
v 216.07974232 -175.91824656 -204.8455919
v 183.48051068 -81.62709635 -204.84570318
v 183.48051068 -83.93457983 -219.41429436
v 183.48051068 -90.63109233 -232.55711172
v 183.48051068 -101.06124759 -242.98716437
v 183.48051068 -83.93457639 -190.27686113
v 183.48051068 -114.20385375 -249.68366125
v 183.48051068 -90.63108578 -177.13414232
v 183.48051068 -128.7726207 -251.99114129
v 183.48051068 -143.34137459 -249.6836578
v 183.48051068 -101.06123857 -166.70398706
v 183.48051068 -156.42226058 -243.01854907
v 183.48051068 -114.20384315 -160.00738695
v 183.48051068 -128.77260956 -157.69990346
v 183.48051068 -167.24415299 -231.90925146
v 183.48051068 -173.61076651 -219.41438389
v 183.48051068 -143.34136399 -160.00738351
v 183.48051068 -175.91824656 -204.8455919
v 183.48051068 -156.4840828 -166.70388038
v 183.48051068 -173.61076307 -190.27685053
v 183.48051068 -166.91423806 -177.13403317
v -37.76936742 -43.58333546 -410.12672329
v -64.15485366 -39.4043072 -410.12672378
v -61.97545894 -32.69688273 -417.02819231
v -37.76936742 -36.5306824 -417.02819186
v -10.70550394 3.3301406 -413.08521594
v -9.68620689 3.14828796 -423.263489
v -23.00510326 -3.63809732 -423.2634882
v -23.20060387 -3.0364744 -413.08521519
v -106.84740927 91.98964495 -410.12673931
v -87.95745254 110.87960481 -410.12674155
v -83.81201841 105.17383226 -417.0282086
v -101.14163754 87.84421001 -417.02820656
v -101.14163754 87.84421001 -417.02820656
v -79.44493682 72.08070245 -420.61917281
v -86.76196931 57.72025049 -420.61917111
v -112.26790617 66.00765523 -417.02820398
v -11.38398601 123.00763965 -410.12674298
v 12.4186114 110.87960481 -410.12674155
v 8.27317718 105.17383226 -417.0282086
v -13.56337917 116.30010403 -417.02820992
v -61.97545894 -32.69688273 -417.02819231
v -53.68805775 -7.19083364 -420.61916344
v -37.76936742 -9.71209003 -420.61916314
v -37.76936742 -36.5306824 -417.02819186
v -87.95745254 -27.27627236 -410.12672522
v -83.81201841 -21.57060783 -417.02819362
v -116.10171836 41.80166541 -417.02820111
v -89.28312557 41.80166498 -420.61916923
v -86.76196931 25.88307792 -420.61916735
v -112.26790617 17.59557076 -417.02819825
v -37.76936742 127.18667417 -410.12674347
v -37.76936742 120.13401635 -417.02821037
v -79.44493682 11.52262869 -420.61916565
v -101.14163754 -4.24098245 -417.02819567
v -123.15448488 41.80166623 -410.12673338
v -118.97534397 68.18704842 -410.1267365
v -112.26790617 66.00765523 -417.02820398
v -116.10171836 41.80166541 -417.02820111
v -68.04840684 0.12609246 -420.61916431
v -83.81201841 -21.57060783 -417.02819362
v 31.30846633 91.98964495 -410.12673931
v 43.436606 68.18704842 -410.1267365
v 36.72917602 66.00765523 -417.02820398
v 25.60279786 87.84421001 -417.02820656
v -83.81201841 105.17383226 -417.0282086
v -68.04840684 83.47712956 -420.61917416
v 47.61553413 41.80166623 -410.12673338
v 43.436606 15.41628325 -410.12673026
v 36.72917602 17.59557076 -417.02819825
v 40.56298351 41.80166541 -417.02820111
v -21.85078036 -7.19083364 -420.61916344
v -13.56327278 -32.69688273 -417.02819231
v -106.84740927 -8.38641576 -410.12672745
v -101.14163754 -4.24098245 -417.02819567
v -7.49043596 0.12609246 -420.61916431
v 8.27317718 -21.57060783 -417.02819362
v -118.97534397 15.41628325 -410.12673026
v -112.26790617 17.59557076 -417.02819825
v 3.90609715 11.52262869 -420.61916565
v 25.60279786 -4.24098245 -417.02819567
v 31.30846633 -8.38641576 -410.12672745
v 12.4186114 -27.27627236 -410.12672522
v 8.27317718 -21.57060783 -417.02819362
v 25.60279786 -4.24098245 -417.02819567
v 11.22313198 25.88307792 -420.61916735
v 36.72917602 17.59557076 -417.02819825
v -11.38398601 -39.4043072 -410.12672378
v -13.56327278 -32.69688273 -417.02819231
v -37.76936742 120.13401635 -417.02821037
v -37.76936742 93.31542313 -420.61917532
v -53.68805775 90.79416518 -420.61917502
v -61.97545894 116.30010403 -417.02820992
v -64.15485366 123.00763965 -410.12674298
v -61.97545894 116.30010403 -417.02820992
v 36.72917602 66.00765523 -417.02820398
v 11.22313198 57.72025049 -420.61917111
v 3.90609715 72.08070245 -420.61917281
v 25.60279786 87.84421001 -417.02820656
v 43.436606 15.41628325 -410.12673026
v 36.72917602 17.59557076 -417.02819825
v 40.56298351 41.80166541 -417.02820111
v 13.74439023 41.80166498 -420.61916923
v -7.49032957 83.47712956 -420.61917416
v 8.27317718 105.17383226 -417.0282086
v -21.85078036 90.79416518 -420.61917502
v -13.56337917 116.30010403 -417.02820992
v 7.67039769 27.0374005 -423.26349183
v 7.06866803 27.23290232 -413.08521877
v 9.37615527 41.80166588 -413.08522049
v 10.00875362 41.80166467 -423.26349357
v -79.03723865 11.81881754 -423.26349003
v -79.44493682 11.52262869 -420.61916565
v -86.76196931 25.88307792 -420.61916735
v -86.28266456 26.03878844 -423.26349171
v -10.05799694 79.94318999 -413.085225
v -23.20071026 86.63970133 -413.08522579
v -23.00510326 87.24132497 -423.26349894
v -9.68610206 80.45493734 -423.26349814
v -89.28312557 41.80166498 -420.61916923
v -88.77925104 41.80166467 -423.26349357
v -65.48084587 3.66014293 -413.08521598
v -52.33823424 -3.0364744 -413.08521519
v -52.53373485 -3.63809732 -423.2634882
v -65.85274074 3.14828796 -423.263489
v -86.76196931 57.72025049 -420.61917111
v -86.28266456 57.56454247 -423.26349543
v -79.44493682 72.08070245 -420.61917281
v -79.03723865 71.78450946 -423.26349711
v -37.76936742 -5.34396243 -413.08521492
v -37.76936742 -5.97656354 -423.26348792
v -68.04840684 83.47712956 -420.61917416
v -67.75221143 83.06943186 -423.26349845
v -52.53373485 87.24132497 -423.26349894
v -52.33823424 86.63970133 -413.08522579
v -65.48084587 79.94318999 -413.085225
v -65.85274074 80.45493734 -423.26349814
v -53.68805775 90.79416518 -420.61917502
v -53.53234691 90.31486011 -423.2634993
v 13.24051658 41.80166467 -423.26349357
v 13.74439023 41.80166498 -420.61916923
v 11.22313198 25.88307792 -420.61916735
v 10.74382743 26.03878844 -423.26349171
v -85.54759251 41.80166467 -423.26349357
v -84.9149926 41.80166588 -413.08522049
v -82.60751083 27.23290232 -413.08521877
v -83.20913254 27.0374005 -423.26349183
v -76.42274726 69.88493004 -423.26349689
v -75.91099363 69.51314197 -413.08522377
v -82.60751083 56.37042943 -413.08522221
v -83.20913254 56.56592884 -423.26349532
v -37.76936742 93.31542313 -420.61917532
v -37.76936742 92.81144346 -423.2634996
v 0.88390524 13.71840087 -423.26349025
v 0.4036555 14.15203432 -413.08521722
v 3.90609715 11.52262869 -420.61916565
v 3.49839898 11.81881754 -423.26349003
v 7.06866803 56.37042943 -413.08522221
v 0.37215708 69.51314197 -413.08522377
v 0.88390524 69.88493004 -423.26349689
v 7.67039769 56.56592884 -423.26349532
v -21.85078036 90.79416518 -420.61917502
v -22.0064912 90.31486011 -423.2634993
v -37.76936742 88.94718935 -413.08522606
v -37.76936742 89.57978493 -423.26349922
v -76.42274726 13.71840087 -423.26349025
v -75.91099363 14.09019056 -413.08521722
v 10.74382743 57.56454247 -423.26349543
v 3.49850459 71.78450946 -423.26349711
v -7.78652342 83.06943186 -423.26349845
v -67.75221143 0.53379031 -423.26348869
v -53.53234691 -6.71163559 -423.26348784
v -37.76936742 -9.20822207 -423.26348754
v -22.0064912 -6.71163559 -423.26348784
v -7.78662825 0.53379031 -423.26348869
v -68.04840684 0.12609246 -420.61916431
v -53.68805775 -7.19083364 -420.61916344
v 11.22313198 57.72025049 -420.61917111
v -37.76936742 -9.71209003 -420.61916314
v 3.90609715 72.08070245 -420.61917281
v -21.85078036 -7.19083364 -420.61916344
v -7.49032957 83.47712956 -420.61917416
v -7.49043596 0.12609246 -420.61916431
v 31.30846633 -8.38641261 -383.44441997
v 12.4186114 -27.2762692 -383.44441774
v -11.38398601 123.0076428 -383.4444355
v 12.4186114 110.87960796 -383.44443407
v -11.38398601 -39.40430404 -383.4444163
v 31.30846633 91.9896481 -383.44443183
v -37.76936742 -43.5833323 -383.44441581
v -64.15485366 -39.40430404 -383.4444163
v -87.95745254 -27.2762692 -383.44441774
v -106.84740927 -8.38641261 -383.44441997
v -118.97534397 15.4162864 -383.44442278
v -123.15448488 41.80166938 -383.4444259
v -118.97534397 68.18705158 -383.44442902
v -106.84740927 91.9896481 -383.44443183
v -87.95745254 110.87960796 -383.44443407
v 43.436606 68.18705158 -383.44442902
v -64.15485366 123.0076428 -383.4444355
v -37.76936742 127.18667732 -383.44443599
v 43.436606 15.4162864 -383.44442278
v 47.61553413 41.80166938 -383.4444259
v 2.75282563 97.57572785 -373.09378293
v -16.46556105 107.36803288 -373.09378409
v -37.76936742 110.74216923 -373.09378449
v -59.07317693 107.36803288 -373.09378409
v -78.29166531 97.57572785 -373.09378293
v -93.5435295 82.32386366 -373.09378113
v -103.33573283 63.10547854 -373.09377886
v -106.70996618 41.8016706 -373.09377634
v -103.33573283 20.49786423 -373.09377382
v -93.5435295 1.27936959 -373.09377155
v -78.29166531 -13.9724946 -373.09376975
v -59.07317693 -23.76469167 -373.09376859
v -37.76936742 -27.13893128 -373.09376819
v -16.46556105 -23.76469167 -373.09376859
v 2.75282563 -13.9724946 -373.09376975
v 18.00468983 1.27936959 -373.09377155
v 27.79699485 20.49786423 -373.09377382
v 31.1711312 41.8016706 -373.09377634
v 27.79699485 63.10547854 -373.09377886
v 18.00468983 82.32386366 -373.09378113
v -52.33823424 86.63970133 -413.08522579
v -37.76936742 88.94718935 -413.08522606
v -23.20071026 86.63970133 -413.08522579
v -10.05799694 79.94318999 -413.085225
v 0.37215708 69.51314197 -413.08522377
v -65.48084587 79.94318999 -413.085225
v -75.91099363 69.51314197 -413.08522377
v 7.06866803 56.37042943 -413.08522221
v 9.37615527 41.80166588 -413.08522049
v -82.60751083 56.37042943 -413.08522221
v 7.06866803 27.23290232 -413.08521877
v -84.9149926 41.80166588 -413.08522049
v 0.4036555 14.15203432 -413.08521722
v -82.60751083 27.23290232 -413.08521877
v -10.70550394 3.3301406 -413.08521594
v -75.91099363 14.09019056 -413.08521722
v -23.20060387 -3.0364744 -413.08521519
v -65.48084587 3.66014293 -413.08521598
v -52.33823424 -3.0364744 -413.08521519
v -37.76936742 -5.34396243 -413.08521492
v -62.57781912 22.48721065 485.85312074
v -85.93691654 21.89408701 480.87705783
v -86.97322187 24.66996225 480.28951054
v -62.6490064 25.48084383 485.00097576
v -14.01475347 10.1377418 491.63605781
v 40.89256655 10.1377418 491.63605781
v 40.89266981 6.88266511 492.54059665
v -14.01475347 6.88266511 492.54059665
v -18.17226284 26.05737362 488.53617053
v -18.17236923 22.89176132 489.15469608
v -58.46157335 22.55829161 486.46219598
v -58.53465061 25.58111315 485.59399241
v 112.99479432 21.89408701 480.88294056
v 89.45573546 22.48721066 485.98372984
v 89.52692274 25.48084385 485.13158487
v 114.03109966 24.66996225 480.2954934
v 40.89256655 22.92546186 489.24993371
v -14.01465021 22.92546186 489.24993371
v -14.01465021 26.09706328 488.6331855
v 40.89256655 26.09706328 488.6331855
v -18.17299818 6.88508077 492.45429576
v -58.07791927 7.21917582 491.07696106
v -58.18575471 10.40936095 489.76776556
v -18.17278853 10.13952538 491.54535113
v 84.95583561 7.21917584 491.20757017
v 45.05091451 6.88508077 492.45429576
v 45.05070486 10.13952538 491.54535113
v 85.06367104 10.40936097 489.89848731
v -62.18072864 7.32459549 490.30482155
v -82.3227617 7.80494447 482.73936886
v -84.10663676 11.14905688 481.72805221
v -62.30189409 10.52118279 489.04529129
v 110.25094547 7.8049444 482.1015183
v 89.05864498 7.32459551 490.43544317
v 89.17981042 10.52118281 489.17601305
v 112.03482053 11.1489505 481.83661986
v 85.34022816 23.00567967 488.56619785
v 85.41330542 26.02850121 487.69788162
v 45.05091451 26.50476167 490.50946316
v 45.05101777 23.33914624 491.12798871
v 85.33948969 22.55829163 486.59291774
v 85.41256695 25.58111316 485.72460151
v 45.05017917 26.05737362 488.53617053
v 45.05028556 22.89176132 489.15469608
v -18.1719468 34.12838079 485.71620197
v -14.01465021 34.19033094 485.81625842
v 45.04986313 34.12838079 485.71620197
v 40.89256655 34.19033094 485.81625842
v -62.82424915 32.98309109 481.12474446
v -58.7199691 33.19150561 481.68247723
v 89.70216549 32.98309109 481.12474446
v 85.59788544 33.19150561 481.68247723
v 45.05122742 -4.03235712 493.41080379
v 40.89266981 -4.06742193 493.49343737
v -18.17331109 -4.03235712 493.41080379
v -14.01475347 -4.06742193 493.49343737
v -61.9218072 -2.52073379 491.09165652
v -57.85669736 -2.95205664 492.06024168
v 88.79972353 -2.52073379 491.09165652
v 84.73450731 -2.95205664 492.06024168
v -86.97248966 25.11734717 482.26279065
v -85.93618432 22.34147506 482.85035046
v -62.57708691 22.93459557 487.82640085
v -62.6481678 25.92822875 486.97425587
v 40.89340515 7.19576422 494.51388929
v 40.89340515 10.45083465 493.60935045
v -14.01391487 10.45083465 493.60935045
v -14.01391487 7.19576422 494.51388929
v -18.17163388 23.33914624 491.12798871
v -18.17152749 26.50476167 490.50946316
v -58.5339184 26.0285012 487.56727252
v -58.46084114 23.00567966 488.43547609
v 89.52766121 25.92822877 487.10487749
v 89.45647393 22.93459558 487.95702247
v 112.99553279 22.34147506 482.85623319
v 114.03183813 25.11734717 482.26877351
v 40.89329876 26.5444482 490.60636547
v -14.01391487 26.5444482 490.60636547
v -14.01391487 23.37284991 491.22321382
v 40.89329876 23.37284991 491.22321382
v -18.17226284 7.19817988 494.42757589
v -18.17205319 10.45261823 493.51863126
v -58.18501624 10.72246006 491.7410582
v -58.07718706 7.53227493 493.05025371
v 45.0514402 10.45261823 493.51863126
v 45.05164985 7.19817988 494.42757589
v 84.95657408 7.53227495 493.18076268
v 85.06440325 10.72246008 491.8716673
v -84.10589829 11.4620496 483.70133234
v -82.32202323 8.11804358 484.7126615
v -62.17999643 7.63768834 492.27811419
v -62.30115562 10.83417551 491.01858394
v 89.18054264 10.83417552 491.14919304
v 89.05937719 7.63768836 492.4087233
v 110.25168394 8.11804351 484.07469829
v 112.035559 11.46204961 483.80989998
v -14.01391487 7.19576422 494.51388929
v 40.89340515 7.19576422 494.51388929
v -14.01391487 34.63771586 487.7894384
v -18.17121145 34.5758721 487.68948208
v 45.05059847 34.5758721 487.68948208
v 40.89329876 34.63771586 487.7894384
v -58.71923689 33.63889366 483.65576985
v -62.82351068 33.43047601 483.09803708
v 89.7028977 33.43047601 483.09803708
v 85.59862391 33.63889366 483.65576985
v 40.89340515 -3.62004014 495.46661735
v 45.05196277 -3.58496907 495.38398377
v -18.17247249 -3.58496907 495.38398377
v -14.01401813 -3.62004014 495.46661735
v -61.92107499 -2.07334575 493.06494915
v -57.85585876 -2.50466859 494.03342166
v 84.73534591 -2.50466859 494.03342166
v 88.800462 -2.07334575 493.06494915
v -84.10589829 11.4620496 483.70133234
v -82.32202323 8.11804358 484.7126615
v 84.95657408 7.53227495 493.18076268
v 45.05164985 7.19817988 494.42757589
v -18.17247249 -3.58496907 495.38398377
v -14.01401813 -3.62004014 495.46661735
v -58.5339184 26.0285012 487.56727252
v -58.71923689 33.63889366 483.65576985
v 45.05091451 26.50476167 490.50946316
v 85.41330542 26.02850121 487.69788162
v 89.52766121 25.92822877 487.10487749
v 89.7028977 33.43047601 483.09803708
v 110.25168394 8.11804351 484.07469829
v 112.035559 11.46204961 483.80989998
v 114.03183813 25.11734717 482.26877351
v 45.0514402 10.45261823 493.51863126
v 45.05101777 23.33914624 491.12798871
v 85.59862391 33.63889366 483.65576985
v -58.46084114 23.00567966 488.43547609
v -18.17163388 23.33914624 491.12798871
v 40.89329876 23.37284991 491.22321382
v 40.89340515 10.45083465 493.60935045
v -14.01391487 23.37284991 491.22321382
v -62.17999643 7.63768834 492.27811419
v -61.92107499 -2.07334575 493.06494915
v -14.01391487 10.45083465 493.60935045
v -57.85585876 -2.50466859 494.03342166
v -18.17205319 10.45261823 493.51863126
v -58.18501624 10.72246006 491.7410582
v -58.07718706 7.53227493 493.05025371
v 85.34022816 23.00567967 488.56619785
v -62.57708691 22.93459557 487.82640085
v -62.30115562 10.83417551 491.01858394
v -85.93618432 22.34147506 482.85035046
v 89.18054264 10.83417552 491.14919304
v 89.45647393 22.93459558 487.95702247
v 85.06440325 10.72246008 491.8716673
v 84.73534591 -2.50466859 494.03342166
v 88.800462 -2.07334575 493.06494915
v 89.05937719 7.63768836 492.4087233
v -18.17152749 26.50476167 490.50946316
v 40.89329876 26.5444482 490.60636547
v -14.01391487 26.5444482 490.60636547
v -18.17226284 7.19817988 494.42757589
v 112.99553279 22.34147506 482.85623319
v -14.01391487 34.63771586 487.7894384
v -18.17121145 34.5758721 487.68948208
v -62.6481678 25.92822875 486.97425587
v -86.97248966 25.11734717 482.26279065
v 45.05059847 34.5758721 487.68948208
v 40.89340515 -3.62004014 495.46661735
v 45.05196277 -3.58496907 495.38398377
v 40.89329876 34.63771586 487.7894384
v -62.82351068 33.43047601 483.09803708
vn 0.00068 -1 0
vn 0.00332 -0.10074 0.99491
vn 0.00078 -0.03046 0.99954
vn 0.00078 -0.03071 0.99953
vn 0.00343 -0.10328 0.99465
vn 0.01316 -0.19637 0.98044
vn 0.01342 -0.19784 0.98014
vn 0.27926 -0.94291 -0.18148
vn 0.04504 -0.25322 0.96636
vn 0.03297 -0.24692 0.96847
vn 0.0331 -0.24699 0.96845
vn -0.00067 1 0
vn -0.99872 -0.05066 -0.0012
vn -0.99876 -0.0497 -0.00112
vn -0.99976 -0.02169 -0.00025
vn -0.99976 -0.02182 -0.00026
vn 0.00017 -0.0053 0.99999
vn 1E-05 4E-05 1
vn 0.00017 -0.00516 0.99999
vn -0.00335 0.10126 -0.99485
vn -0.01318 0.19664 -0.98039
vn -0.01349 0.1984 -0.98003
vn -0.00346 0.10374 -0.9946
vn -0 -0 1
vn -0 0 -1
vn -0.00017 0.00528 -0.99999
vn -0.0008 0.03089 -0.99952
vn -0.00081 0.03113 -0.99951
vn -0.00017 0.00514 -0.99999
vn -0.03308 0.24788 -0.96822
vn -0.03336 0.24803 -0.96818
vn -1 -0.00256 0
vn -0.99975 -0.02234 0.00261
vn -0.99978 -0.02056 0.00283
vn -0 -0 -1
vn -1E-05 -0 -1
vn -1E-05 3E-05 -1
vn -0.00068 1 1E-05
vn -0.99941 -0.03407 0.00343
vn -0.99951 -0.03116 0.00366
vn -1 -0.00138 2E-05
vn 0.00066 -0.99977 0.02156
vn -0.00066 0.99977 -0.02156
vn -1 -0.00268 4E-05
vn -0.97151 -0.23655 -0.01445
vn -0.98791 -0.15485 -0.00694
vn -0.98656 -0.16324 -0.00771
vn -1 -0.00283 0
vn 1E-05 -0 1
vn -0 -0 1
vn 0.00068 -0.99999 0.00338
vn -0.00068 0.99999 -0.00337
vn -0.04531 0.25444 -0.96603
vn -0 0 1
vn -0.99984 -0.0181 -0
vn 0.00068 1 -0
vn -0.00067 -1 0
vn 0 0 -1
vn 0 0 1
vn -0.99999 0.00333 0
vn 1E-05 0 1
vn -0.99988 -0.0157 -0
vn 0 0 -1
vn -0 0 1
vn -0.99999 0.00329 -0
vn 0.00027 -0.37319 0.92776
vn -0.00025 0.3711 0.92859
vn -0.00026 0.39194 0.91999
vn 0.00027 -0.37543 0.92685
vn -0.00025 0.3711 -0.92859
vn 0.00026 -0.37552 -0.92682
vn 0.00027 -0.37776 -0.9259
vn -0.00026 0.39195 -0.91998
vn -0.9979 -0.06481 0
vn -0.9979 -0.06481 0
vn -0.99971 -0.02422 0.00011
vn -0.99971 -0.02402 0.00011
vn 0.00048 -0.91992 0.39211
vn 0.00047 -0.92293 -0.38497
vn 0.00047 -0.92205 -0.38707
vn 0.00048 -0.91904 0.39417
vn 0.00035 -0.37273 0.92794
vn -0.00032 0.37123 0.92854
vn -0.00033 0.39183 0.92004
vn 0.00035 -0.37523 0.92693
vn -0.00032 0.37123 -0.92854
vn 0.00034 -0.37569 -0.92674
vn 0.00034 -0.37821 -0.92572
vn -0.00033 0.39184 -0.92003
vn -0.99792 -0.06442 0
vn -0.99792 -0.06441 0
vn -0.99972 -0.02385 0.00015
vn -0.99972 -0.0236 0.00015
vn 0.00062 -0.91951 0.39308
vn 0.00062 -0.92335 -0.38395
vn 0.00062 -0.92245 -0.38612
vn 0.00062 -0.91859 0.39521
vn 0.99807 0.06209 0
vn -0.98246 -0.1865 -0
vn -0.00043 0.92849 0.37137
vn -0.00043 0.91898 0.3943
vn -0.00043 0.91899 -0.39429
vn -0.00042 0.92849 -0.37136
vn -0.99764 -0.0686 0.00034
vn 0.99569 -0.09273 0.0005
vn 0.99809 0.06185 0
vn -0.98253 -0.18612 -0
vn -0.00054 0.92847 0.37139
vn -0.00055 0.919 0.39425
vn -0.00055 0.91901 -0.39424
vn -0.00054 0.92848 -0.37139
vn -0.99767 -0.06822 0.00044
vn 0.99567 -0.09297 0.00063
vn -0.00068 -1 0
vn -0.00078 -0.03071 0.99953
vn -0.00077 -0.03046 0.99954
vn -0.00332 -0.10074 0.99491
vn -0.00343 -0.10328 0.99465
vn -0.01316 -0.19637 0.98044
vn -0.01342 -0.19783 0.98014
vn -0.27926 -0.94291 -0.18148
vn -0.0331 -0.24699 0.96845
vn -0.03297 -0.24692 0.96847
vn -0.04504 -0.25322 0.96636
vn 0.00067 1 0
vn 0.99976 -0.02182 -0.00026
vn 0.99976 -0.02169 -0.00025
vn 0.99876 -0.0497 -0.00112
vn 0.99872 -0.05066 -0.0012
vn -1E-05 4E-05 1
vn -0.00017 -0.0053 0.99999
vn -0.00017 -0.00516 0.99999
vn 0.01349 0.1984 -0.98003
vn 0.01318 0.19664 -0.98039
vn 0.00336 0.10126 -0.99485
vn 0.00346 0.10374 -0.9946
vn 0 0 -1
vn 0.00081 0.03113 -0.99951
vn 0.0008 0.03089 -0.99952
vn 0.00017 0.00528 -0.99999
vn 0.00017 0.00514 -0.99999
vn 0.03336 0.24803 -0.96818
vn 0.03308 0.24788 -0.96822
vn 1 -0.00256 -0
vn 0.99978 -0.02056 0.00283
vn 0.99975 -0.02234 0.00261
vn 1E-05 -0 -1
vn 1E-05 3E-05 -1
vn 0.00068 1 1E-05
vn 0.99951 -0.03116 0.00366
vn 0.99941 -0.03407 0.00343
vn 1 -0.00138 2E-05
vn -0.00066 -0.99977 0.02156
vn 0.00066 0.99977 -0.02156
vn 1 -0.00268 4E-05
vn 0.98656 -0.16324 -0.00771
vn 0.98791 -0.15485 -0.00694
vn 0.97151 -0.23655 -0.01445
vn 1 -0.00283 0
vn -1E-05 -0 1
vn -0.00068 -0.99999 0.00338
vn 0.00068 0.99999 -0.00338
vn 0.04531 0.25444 -0.96603
vn 0.99984 -0.0181 -0
vn -0.00068 1 -0
vn 0.00067 -1 0
vn 0.99999 0.00333 -0
vn -1E-05 0 1
vn 0.99988 -0.0157 0
vn -1E-05 0 -1
vn 0.99999 0.00329 0
vn 0.00027 0.37278 0.92792
vn 0.00027 0.38048 0.92479
vn -0.00028 -0.3843 0.92321
vn -0.00026 -0.36284 0.93185
vn -0.00026 -0.36503 -0.931
vn -0.00028 -0.38676 -0.92218
vn 0.00027 0.38048 -0.92479
vn 0.00027 0.37279 -0.92792
vn 0.99758 -0.0695 0.00035
vn 0.99754 -0.0701 0.00035
vn 0.99934 0.03631 0
vn 0.99934 0.03631 0
vn -0.00048 -0.92657 -0.37612
vn -0.00048 -0.91819 -0.39614
vn -0.00048 -0.91515 0.40311
vn -0.00048 -0.92359 0.38339
vn 0.00034 0.37265 0.92797
vn 0.00034 0.38062 0.92473
vn -0.00036 -0.38382 0.92341
vn -0.00034 -0.36266 0.93192
vn -0.00034 -0.36546 -0.93083
vn -0.00035 -0.38695 -0.9221
vn 0.00035 0.38062 -0.92473
vn 0.00034 0.37266 -0.92797
vn 0.99761 -0.06903 0.00045
vn 0.99756 -0.06979 0.00046
vn 0.99933 0.03671 0
vn -0.00062 -0.92696 -0.37516
vn -0.00062 -0.91861 -0.39516
vn -0.00062 -0.91473 0.40406
vn -0.00062 -0.92314 0.38447
vn -0.99964 0.02699 0
vn 0.9937 0.11211 0
vn 0.00047 0.91993 0.39208
vn 0.00047 0.92296 0.38489
vn 0.00047 0.92297 -0.38488
vn 0.00047 0.91993 -0.39208
vn 0.97917 -0.20302 0.00104
vn -0.99939 0.03506 -0.00017
vn -0.99964 0.02673 0
vn 0.99365 0.11249 0
vn 0.00061 0.91992 0.3921
vn 0.0006 0.92298 0.38484
vn 0.0006 0.92299 -0.38483
vn 0.00061 0.91993 -0.39209
vn 0.97924 -0.20268 0.00134
vn -0.9994 0.03475 -0.00022
vn -0.00268 -0.00425 -0.99999
vn -0.00193 -0.00306 -0.99999
vn 0.53278 0.84625 0
vn -0.00473 -0.00752 -0.99996
vn 0.00053 0.00077 -1
vn 0.00035 0.00051 -1
vn 0.00017 0.00024 -1
vn 0.69324 -0.72071 -2E-05
vn 0.94919 -0.31471 -2E-05
vn 0.94897 -0.31536 -2E-05
vn 0.69324 -0.72071 -2E-05
vn 0 0 1
vn 0.00035 0.00051 1
vn 0.00017 0.00024 1
vn -0 -0 1
vn -0 -0 1
vn -0 -1E-05 1
vn -0.58784 -0.80898 0
vn -0.12914 -0.99163 -1E-05
vn -0.12914 -0.99163 -1E-05
vn 0.99886 -0.04776 -2E-05
vn 0.00052 0.00077 1
vn 0.44603 -0.89502 -1E-05
vn 0.44603 -0.89502 -1E-05
vn 0.00144 -0.00229 -1
vn 0.00202 -0.0032 -0.99999
vn -0.88392 0.46763 -1E-05
vn -0.53278 0.84625 0
vn -0.88342 0.46858 -1E-05
vn 0.00356 -0.00565 -0.99998
vn -0.00017 0.00024 -1
vn -0.00035 0.00051 -1
vn -0.00053 0.00077 -1
vn -0.95086 -0.30962 -2E-05
vn -0.95102 -0.30912 -2E-05
vn -0.69324 -0.72071 -2E-05
vn -0.69324 -0.72071 -2E-05
vn -0.00017 0.00024 1
vn -0.00035 0.00051 1
vn -0 -0 1
vn -0 -0 1
vn 0 -1E-05 1
vn 0.12915 -0.99163 -1E-05
vn 0.58784 -0.80898 0
vn 0.12914 -0.99163 -1E-05
vn -0.00052 0.00077 1
vn -0.44603 -0.89502 -1E-05
vn -0.44603 -0.89502 -1E-05
vn 0.00193 -0.00306 -0.99999
vn 0.00268 -0.00425 -0.99999
vn 0 0 -1
vn -0.53278 0.84625 0
vn 0.00473 -0.00752 -0.99996
vn -0.00016 0.00024 -1
vn -0.00035 0.00051 -1
vn -0.94897 -0.31537 -2E-05
vn -0.94919 -0.31471 -2E-05
vn -0.00035 0.00051 1
vn 0 -0 1
vn 0 -0 1
vn 0 -1E-05 1
vn 0.12915 -0.99163 -1E-05
vn -0.99886 -0.04776 -2E-05
vn -0.00052 0.00077 1
vn -0.00202 -0.0032 -0.99999
vn -0.00144 -0.00229 -1
vn 0.53278 0.84625 -0
vn 0.88393 0.46763 -1E-05
vn 0.88342 0.46858 -1E-05
vn -0.00356 -0.00565 -0.99998
vn 0.00052 0.00077 -1
vn 0.95102 -0.30912 -2E-05
vn 0.95086 -0.30962 -2E-05
vn 0 0 1
vn 0.00035 0.00051 1
vn 0.00017 0.00024 1
vn 0 -0 1
vn 0 -0 1
vn 0 -1E-05 1
vn 0.00052 0.00077 1
vn 0.44603 -0.89502 -1E-05
vn -0.16388 0 -0.98648
vn 0.16388 0 -0.98648
vn 0.16388 0 -0.98648
vn -0.16388 0 -0.98648
vn 0.32332 0 0.94629
vn 0.16388 0 0.98648
vn -0.32332 0 -0.94629
vn -1 0 0
vn 1 0 0
vn -0 -1 0
vn 0 -1 0
vn 0.32332 0 -0.94629
vn -0.16388 0 0.98648
vn -0.16388 0 0.98648
vn -0.32332 0 0.94629
vn -0 -1 0
vn 0 -1 0
vn 0.32332 0 0.94629
vn 0.16388 0 0.98648
vn -0.32332 0 0.94629
vn -0.16388 0 -0.98648
vn 0.16388 0 -0.98648
vn 0.32332 0 0.94629
vn 0.16388 0 0.98648
vn -0.32332 0 -0.94629
vn 0.32332 0 -0.94629
vn -0.16388 0 0.98648
vn -0.32332 0 0.94629
vn 0.32332 0 0.94629
vn -0.32332 0 0.94629
vn 0 1 0
vn -0.95711 0.28972 0
vn 0.95711 0.28972 0
vn 0.41353 0.91049 0
vn 0.24322 0.94237 -0.22975
vn 0.15558 0.96712 -0.20119
vn 0.21156 0.97737 0
vn -0.5743 0.60374 -0.55289
vn -0.63954 0.71275 -0.28806
vn -0.31725 0.90722 -0.27623
vn -0.23255 0.80301 -0.54873
vn -0.7227 0.50366 0.47332
vn -0.7318 0.6199 0.2832
vn -0.89294 0.43462 0.11732
vn -0.94672 0.26178 0.18762
vn -0.67206 0.7405 0
vn -0.31797 0.9481 0
vn -0.89115 0.4537 -0.0003
vn -0.98047 0.19669 -0.00057
vn -0.84362 0.49124 -0.21677
vn -0.89175 0.45253 -0.0003
vn -0.87389 0.39952 -0.27695
vn 0.23361 0.94591 0.22514
vn 0.1574 0.96987 0.18597
vn -0.33044 0.90436 0.2701
vn -0.25456 0.81486 0.52078
vn -0.98107 0.19366 -0.00057
vn -0.31797 0.9481 0
vn 0.25456 0.81486 0.52078
vn 0.7227 0.50366 0.47332
vn 0.7318 0.6199 0.2832
vn 0.33044 0.90436 0.2701
vn -0.41353 0.91049 0
vn -0.21156 0.97737 0
vn -0.15558 0.96712 -0.20119
vn -0.24322 0.94237 -0.22975
vn 0.23255 0.80301 -0.54872
vn 0.31725 0.90722 -0.27622
vn 0.63954 0.71275 -0.28806
vn 0.5743 0.60374 -0.55289
vn 0.89294 0.43462 0.11732
vn 0.94672 0.26178 0.18762
vn 0.31797 0.9481 0
vn 0.67206 0.7405 0
vn 0.98047 0.19669 -0.00057
vn 0.89115 0.4537 -0.0003
vn 0.89175 0.45253 -0.0003
vn 0.84362 0.49124 -0.21677
vn 0.87389 0.39952 -0.27695
vn -0.1574 0.96986 0.18597
vn -0.23361 0.94591 0.22514
vn 0.98107 0.19366 -0.00057
vn 0.31797 0.9481 0
vn -0.14001 -0.94089 -0.30841
vn -0.27329 -0.91272 -0.30373
vn -0.23331 -0.78414 -0.57506
vn -0.02111 -0.8801 -0.47432
vn -0.99998 -0.00545 0.00111
vn -0 0.0013 -1
vn 0 -0.00283 -1
vn -0 0.00161 1
vn 0 -0.00079 1
vn 0.00087 -0.92058 -0.39055
vn -0.00086 0.90513 -0.42514
vn -0.99987 0.01557 0.0033
vn 0.99998 -0.00545 0.00111
vn 0 0.0013 -1
vn -0 -0.00283 -1
vn 0 0.00161 1
vn -0 -0.00079 1
vn -0.00087 -0.92058 -0.39055
vn 0.00086 0.90513 -0.42514
vn 0.99987 0.01557 0.0033
vn -1 -0.00085 0
vn -1 -0.00096 -0
vn -1 -0.00106 0
vn -0.37389 0.62309 0.687
vn -0.40607 0.52762 0.74614
vn -0.12623 0.35068 0.92795
vn -0.08595 0.23877 0.96727
vn -0.37381 -0.62328 -0.68686
vn -0.40587 -0.52831 -0.74576
vn -0.28743 -0.79903 -0.52815
vn -0.1639 -0.00017 0.98648
vn -0.16377 -0.00017 0.9865
vn -0.47803 -0.00046 0.87835
vn -0.47802 -0.00051 -0.87835
vn -0.47802 -0.00046 -0.87835
vn -0.4728 -0.14742 -0.86875
vn -0.47157 -0.16374 -0.86649
vn -0.47287 0.14649 0.86887
vn -0.47162 0.16312 0.86658
vn -1 -0.00085 0
vn -1 -0.00085 0
vn 1 -0.00096 -0
vn 1 -0.00085 0
vn 1 -0.00106 0
vn 1 -0.00086 0
vn 0.12623 0.35068 0.92795
vn 0.40607 0.52762 0.74614
vn 0.37389 0.62309 0.687
vn 0.08595 0.23877 0.96727
vn 0.28744 -0.79903 -0.52815
vn 0.40587 -0.52831 -0.74576
vn 0.37381 -0.62328 -0.68686
vn 0.47803 -0.00046 0.87835
vn 0.16377 -0.00017 0.9865
vn 0.1639 -0.00017 0.98648
vn 0.47802 -0.00046 -0.87835
vn 0.47802 -0.00051 -0.87835
vn 0.4728 -0.14742 -0.86875
vn 0.47157 -0.16374 -0.86649
vn 0.47287 0.14649 0.86887
vn 0.47162 0.16312 0.86658
vn 1 -0.00085 0
vn 1 -0.00086 -0
vn 1 -0.00086 -0
vn -0 0.2872 -0.95787
vn -0 0.28745 -0.9578
vn 0 0.9028 -0.43007
vn 0.96864 0.24845 0.00264
vn 0.94947 0.31384 0.00334
vn 0 -0.99571 -0.09256
vn -0 -0.8664 -0.49934
vn -0 -0.73576 -0.67724
vn -0.49674 0.86778 0.01436
vn -0.87215 0.48919 0.00645
vn -0.87227 0.48899 0.00643
vn -0.50142 0.86509 0.01431
vn 0.41034 -0.00316 -0.91193
vn 0.40887 -0.00315 -0.91259
vn -0.0009 1E-05 -1
vn -0.41012 -0 -0.91203
vn -0.40108 0.40108 -0.82357
vn -0.40108 -0.40108 -0.82357
vn 0.0003 -0 1
vn 0.00032 -0 1
vn -0.96908 0.24674 0.00262
vn -0.95018 0.3117 0.00331
vn 0.91305 0.40782 0.00517
vn 0.94225 0.33486 0.00522
vn 0.91251 0.40901 0.00517
vn 0 0.47258 -0.88129
vn 0 0.51442 -0.85754
vn -0 -0.2634 -0.96469
vn -0 -0.26443 -0.9644
vn 0 -0.41012 -0.91203
vn 0 -0.41206 -0.91115
vn 0.99997 -0.00752 -0.00131
vn 0.99997 -0.00706 -0.00149
vn 0.99997 -0.00728 -0.0014
vn 0.99997 -0.00752 -0.00041
vn 0.0009 -1E-05 1
vn -0.00757 -0.99568 -0.09256
vn 0.00841 0.97567 0.2191
vn -0.00443 -0.73576 -0.67723
vn -0.00448 -0.86638 -0.49937
vn 0.00245 -2E-05 1
vn 0.00163 -2E-05 1
vn 0 0.9757 0.21911
vn 0 0.99986 0.01701
vn -0.003 -0.18486 -0.98276
vn -0.00221 -0.58724 -0.80941
vn -0.00683 -0.72939 -0.68407
vn -0.006 -0.18487 -0.98274
vn 0.00754 0.99983 0.01701
vn -0.00896 -0.86643 -0.49921
vn -0.00885 -0.73573 -0.67721
vn 0.0049 -4E-05 0.99999
vn 0.0049 -5E-05 0.99999
vn 0.99996 -0.00897 -0.00149
vn 0.99996 -0.00836 -0.00141
vn 0.99996 -0.00835 -0.0014
vn -0.01559 0.07293 -0.99722
vn 0.01341 0.07276 -0.99726
vn 0.00939 -0.12663 -0.99191
vn -0.01099 -0.12723 -0.99181
vn -0 -0.69303 -0.72091
vn -0.00437 -0.69279 -0.72113
vn -0 -0.18516 -0.98271
vn -0.00874 -0.69256 -0.72131
vn 0.02703 0.0803 -0.9964
vn 0.00245 -1E-05 1
vn 0.00244 -2E-05 1
vn 0.0049 -4E-05 0.99999
vn 0.0049 -3E-05 0.99999
vn 0.99997 -0.00727 -0.00281
vn 0.99997 -0.00756 -0.00248
vn 0.99998 -0.00625 -0.00229
vn 0.99995 -0.00851 -0.00447
vn 0.99995 -0.00735 -0.00677
vn 0.99998 -0.00673 -0.00162
vn 0.40233 0.39924 -0.82386
vn 0.39982 -0.40291 -0.82329
vn 0 -0.58768 -0.8091
vn -0.00033 -0.72845 -0.6851
vn -0.00242 0.01942 -0.99981
vn 0 0.01939 -0.99981
vn -0.00246 0.01942 -0.99981
vn 0.99998 -0.00678 -0.00169
vn 0.99998 -0.00683 -0.00167
vn 0.00245 -1E-05 1
vn 0.0049 -3E-05 0.99999
vn -0.03158 0.0807 -0.99624
vn 0.01173 0.91778 -0.39692
vn 0.01189 0.91769 -0.39713
vn 0.01139 0.90352 -0.4284
vn 0.01153 0.9036 -0.42822
vn 0 -0.91119 -0.412
vn -0.00119 -0.91118 -0.412
vn -0.00108 0.01939 -0.99981
vn -0.00642 -0.91117 -0.41199
vn -0.00306 0.01943 -0.99981
vn -0.00308 0.01943 -0.99981
vn 0.99995 -0.00982 -0.00151
vn -0.00087 -0.91119 -0.41199
vn -0.00044 -0.91119 -0.41199
vn -0.00839 0.90366 -0.42818
vn -0.00817 0.90356 -0.42839
vn -0.0127 0.91771 -0.39704
vn -0.01256 0.91778 -0.39688
vn -0.01047 -0.91113 -0.41198
vn 0 -1 0
vn 0.99999 -0.00355 -0
vn -0 1 -0.00041
vn -0 1 -0.00042
vn -0 1 -0.00042
vn 1 0 0
vn -1 -0 0
vn -0 1 -0
vn -0.99716 0.07526 -0
vn 0 -1 0
vn -0 0.01331 -0.99991
vn 0.99716 0.07526 0
vn 0 -0.35179 0.93608
vn 0 -0.35179 -0.93608
vn -0.42494 -0.90522 0
vn 0.42494 -0.90522 0
vn 0 -0.99534 -0.09647
vn -0 0.99533 0.09649
vn -0.0171 0.99985 0
vn 0.0171 -0.99985 0
vn -0 0.99533 -0.0965
vn -0.0171 -0.99985 0
vn 0.0171 0.99985 0
vn 0 -0.99534 0.09647
vn 0.0171 0.99985 0
vn -0 0.99533 0.0965
vn -0 0.99533 -0.09649
vn 0 -0.99534 0.09645
vn -0.0171 0.99985 0
vn 0.0171 -0.99985 0
vn 0.00904 0.89585 -0.44426
vn -0.00126 0.0194 -0.99981
vn -0.47798 -0.54372 0.68986
vn -0.37546 -0.63436 0.67573
vn -0.22677 -0.42623 0.87573
vn -0.32512 -0.33013 0.88618
vn -0.22389 -0.70317 0.67486
vn -0.14377 -0.50998 0.84809
vn 0.23331 -0.78414 -0.57506
vn 0.27329 -0.91272 -0.30373
vn 0.14002 -0.94089 -0.30841
vn 0.02111 -0.8801 -0.47432
vn -0.94 -0.15263 -0.30514
vn -0.97897 0.19758 -0.0507
vn -0.84866 0.51969 -0.09846
vn -0.80992 -0.06262 -0.58318
vn -0.29712 -0.90894 -0.29249
vn -0.2419 -0.78908 -0.56466
vn 0.35151 -0.9326 0.08187
vn 0.33633 -0.92904 0.15418
vn -0.17253 -0.95441 0.2436
vn -0.15625 -0.98652 0.04854
vn -0.6167 0.04809 0.78572
vn -0.82422 0.5051 0.25601
vn -0.94454 0.24912 0.21398
vn -0.8065 -0.15509 0.57054
vn -0.30504 -0.95046 0.0598
vn -0.25756 -0.91633 0.30661
vn -0.29379 -0.90785 0.29915
vn -0.30418 -0.94897 0.08325
vn -0.49332 -0.8111 -0.31425
vn -0.70306 -0.61932 -0.3495
vn -0.61286 -0.45898 -0.64322
vn -0.39328 -0.69156 -0.60586
vn -0.64693 -0.75861 0.07743
vn -0.60751 -0.74496 0.27563
vn -0.83421 -0.50864 0.21302
vn -0.85738 -0.51158 0.0564
vn 0.64566 -0.75786 0.09371
vn 0.28525 -0.78856 0.54481
vn 0.21479 -0.89554 0.3897
vn -0.45173 -0.84203 0.29483
vn -0.47139 -0.87688 0.09422
vn -0.12969 -0.73879 0.66134
vn -0.00936 -0.63069 0.77598
vn 0.64566 -0.75786 0.09371
vn -0.0593 -0.80359 0.59223
vn 0.04545 -0.68508 0.72705
vn 0.30341 -0.95079 -0.06284
vn 0.32365 -0.91663 -0.23461
vn 0.22677 -0.42623 0.87573
vn 0.37546 -0.63436 0.67573
vn 0.47798 -0.54372 0.68986
vn 0.32512 -0.33013 0.88618
vn 0.14377 -0.50998 0.84809
vn 0.22389 -0.70317 0.67486
vn 0.84866 0.51969 -0.09846
vn 0.97897 0.19758 -0.0507
vn 0.94 -0.15263 -0.30514
vn 0.80992 -0.06262 -0.58318
vn 0.2419 -0.78908 -0.56466
vn 0.29712 -0.90894 -0.29249
vn 0.17253 -0.95441 0.2436
vn -0.33633 -0.92904 0.15418
vn -0.35151 -0.9326 0.08187
vn 0.15625 -0.98652 0.04854
vn 0.94454 0.24912 0.21398
vn 0.82422 0.5051 0.25601
vn 0.6167 0.04809 0.78572
vn 0.8065 -0.15509 0.57054
vn 0.29379 -0.90785 0.29915
vn 0.25756 -0.91633 0.30661
vn 0.30504 -0.95046 0.0598
vn 0.30419 -0.94897 0.08325
vn 0.61286 -0.45898 -0.64322
vn 0.70306 -0.61932 -0.3495
vn 0.49332 -0.8111 -0.31425
vn 0.39328 -0.69156 -0.60586
vn 0.83421 -0.50864 0.21302
vn 0.60751 -0.74496 0.27563
vn 0.64693 -0.75861 0.07743
vn 0.85738 -0.51158 0.0564
vn -0.21479 -0.89554 0.3897
vn -0.28525 -0.78856 0.54481
vn -0.64566 -0.75786 0.09371
vn 0.47139 -0.87688 0.09422
vn 0.45173 -0.84203 0.29483
vn 0.00936 -0.63069 0.77598
vn 0.12969 -0.73879 0.66134
vn -0.64566 -0.75786 0.09371
vn 0.0593 -0.80359 0.59223
vn -0.04545 -0.68508 0.72705
vn -0.30341 -0.95079 -0.06284
vn -0.32365 -0.91663 -0.23461
vn -0.01508 -0.99988 0.00413
vn -0.06528 -0.98664 0.14926
vn -0.06763 -0.98781 0.14019
vn -0.05834 -0.99444 0.08765
vn -0.11784 -0.98819 0.09795
vn -0.16675 -0.98547 0.03229
vn -0.16863 -0.98526 0.02865
vn -0.10967 -0.98804 0.10843
vn -0.16697 -0.93998 0.29759
vn 0.00159 -0.95271 0.30387
vn 0.00664 -0.95886 0.28381
vn -0.13341 -0.94633 0.29439
vn 0.05834 -0.99444 0.08765
vn 0.01508 -0.99988 0.00413
vn -0.30674 -0.92894 0.20732
vn -0.4157 -0.80588 0.42161
vn -0.36776 -0.85175 0.3732
vn -0.35749 -0.88887 0.28655
vn -0.01421 0 -0.9999
vn -0.08739 0 -0.99617
vn -0.10375 0 -0.9946
vn -0.01423 -0 -0.9999
vn -0.17169 -0.98503 0.01574
vn -0.17166 -0.98505 0.01459
vn -0.0529 -0 0.9986
vn -0.01177 -0 0.99993
vn -0.01235 0 0.99992
vn -0.05519 -0 0.99848
vn 0.73421 0 0.67892
vn 0.96392 0 0.2662
vn 0.96017 0 0.27943
vn 0.56102 0 0.8278
vn 0.08031 0 -0.99677
vn 0.05276 0 -0.99861
vn 0.0507 0 -0.99871
vn -0.01363 0 0.99991
vn -0.01359 0 0.99991
vn 0.01359 0 0.99991
vn 0.01363 0 0.99991
vn 0.99832 0 0.05791
vn 0.9999 0 0.01441
vn 0.99818 -0 0.06028
vn 0.01177 -0 0.99993
vn 0.01235 0 0.99992
vn -0.99846 -0 -0.05549
vn -0.96658 0 -0.25638
vn -0.96323 -0 -0.26868
vn -0.99834 0 -0.05766
vn 0.22521 -0 0.97431
vn 0.19838 0 0.98012
vn 0.10787 0 0.99416
vn 0.09067 0 0.99588
vn 0.01423 -0 -0.9999
vn 0.01421 0 -0.9999
vn -0.75022 0 -0.66119
vn -0.5892 0 -0.80799
vn -0.08389 0 0.99648
vn -0.9999 0 -0.01379
vn 0.01179 0 -0.99993
vn 0.01129 0 -0.99994
vn -0.24973 0 -0.96832
vn -0.20617 0 -0.97852
vn -0.01524 -0.97681 0.21354
vn -0.01516 -0.97684 0.21343
vn 0.01516 -0.97684 0.21343
vn 0.01524 -0.97681 0.21354
vn -0.01179 0 -0.99993
vn -0.01129 0 -0.99994
vn -0.09438 -0.96926 0.22721
vn -0.08764 -0.96966 0.2282
vn 0.06763 -0.98781 0.14019
vn 0.06528 -0.98664 0.14926
vn -0.25278 -0.9544 0.15881
vn -0.29019 -0.94747 0.1345
vn -0.53235 -0.84482 -0.0537
vn -0.52393 -0.85018 -0.05187
vn -0.13283 -0.99077 0.02722
vn 0.16863 -0.98526 0.02865
vn 0.16675 -0.98547 0.03229
vn 0.11784 -0.98819 0.09794
vn 0.10967 -0.98804 0.10843
vn -0.00664 -0.95886 0.28381
vn -0.00159 -0.95271 0.30387
vn 0.16697 -0.93998 0.29759
vn 0.13341 -0.94633 0.29439
vn 0.10375 0 -0.9946
vn 0.08739 0 -0.99617
vn 0.36776 -0.85175 0.3732
vn 0.4157 -0.80588 0.42161
vn 0.30674 -0.92894 0.20732
vn 0.35749 -0.88887 0.28655
vn 0.17166 -0.98505 0.01459
vn 0.17169 -0.98503 0.01574
vn 0.05519 -0 0.99848
vn 0.0529 -0 0.9986
vn -0.96017 -0 0.27943
vn -0.96392 0 0.2662
vn -0.73421 0 0.67892
vn -0.56102 0 0.8278
vn -0.0507 0 -0.99871
vn -0.05276 0 -0.99861
vn -0.08031 0 -0.99677
vn -0.09067 0 0.99588
vn -0.10787 0 0.99416
vn -0.9999 0 0.01441
vn -0.99832 0 0.05791
vn -0.99818 -0 0.06028
vn 0.96323 0 -0.26868
vn 0.96658 0 -0.25638
vn 0.99846 -0 -0.05549
vn 0.99834 0 -0.05766
vn -0.22521 -0 0.97431
vn -0.19838 0 0.98012
vn 0.5892 0 -0.80799
vn 0.75022 -0 -0.66119
vn 0.08389 0 0.99648
vn 0.9999 0 -0.01379
vn 0.20617 0 -0.97852
vn 0.24973 0 -0.96832
vn 0.08764 -0.96966 0.2282
vn 0.09438 -0.96926 0.22721
vn 0.25278 -0.9544 0.15881
vn 0.29019 -0.94747 0.1345
vn 0.53235 -0.84482 -0.0537
vn 0.52393 -0.85018 -0.05187
vn 0.13283 -0.99077 0.02722
vn 0 -1 0.00042
vn 0 -1 0.00042
vn -0.13546 -0.00561 -0.99077
vn -0.13534 -0.00561 -0.99078
vn 0.13534 -0.00561 -0.99078
vn 0.13546 -0.00561 -0.99077
vn 0.13533 0.00562 0.99078
vn 0.13545 0.00561 0.99077
vn -0.13546 0.00562 0.99077
vn -0.13534 0.00562 0.99078
vn 0 -1 0.00044
vn -0.9619 0.00155 0.27341
vn -0.96238 0.00154 0.27172
vn -0.9619 -0.00155 -0.2734
vn -0.96237 -0.00154 -0.27172
vn 0.9619 -0.00155 -0.2734
vn 0.96238 0.00154 0.27172
vn 0.9619 0.00155 0.2734
vn 0.96237 -0.00154 -0.27172
vn 0.60074 -0.00453 -0.79944
vn 0.60191 -0.00452 -0.79855
vn -0.60191 -0.00452 -0.79855
vn -0.60074 -0.00453 -0.79943
vn 0.6019 0.00452 0.79856
vn 0.60073 0.00453 0.79944
vn -0.6019 0.00453 0.79855
vn -0.60073 0.00453 0.79944
vn 0 -1 0.00041
vn 0 -1 0.00041
vn 0 -1 0.00043
vn -0.19522 0.00555 0.98074
vn -0.19498 0.00555 0.98079
vn 0.19498 0.00555 0.98079
vn 0.19522 0.00555 0.98074
vn 0.19497 -0.00556 -0.98079
vn 0.19521 -0.00556 -0.98075
vn -0.19521 -0.00556 -0.98074
vn -0.19497 -0.00556 -0.98079
vn 0 1 -0.00043
vn -0.98066 -0.00111 -0.19572
vn -0.98091 -0.0011 -0.19446
vn -0.98066 0.00111 0.19571
vn -0.98091 0.0011 0.19447
vn 0.98066 0.00111 0.19571
vn 0.98091 -0.0011 -0.19446
vn 0.98066 -0.00111 -0.19572
vn 0.98091 0.0011 0.19447
vn 0.70648 0.00401 0.70772
vn 0.70775 0.004 0.70645
vn -0.70775 0.004 0.70646
vn -0.70648 0.00401 0.70772
vn 0.70774 -0.004 -0.70646
vn 0.70647 -0.00401 -0.70773
vn -0.70774 -0.004 -0.70646
vn -0.70647 -0.00401 -0.70773
vn 0 1 -0.00041
vn 0 1 -0.00055
vn 0 0.86651 0.49917
vn -0.59082 0.44276 0.67447
vn 0.59082 0.44275 0.67446
vn 0.98984 -1E-05 0.14216
vn 0.78653 -0.00014 0.61755
vn -0.78653 -0.00014 0.61755
vn -0.18986 -0.00011 0.98181
vn -0.14816 0.1205 0.98159
vn 0.14816 0.1205 0.98159
vn 0.18986 -0.00011 0.98181
vn 0.19509 0 -0.98079
vn -0.19509 0 -0.98079
vn -0.19509 0 -0.98078
vn 0.19509 0 -0.98078
vn 0 1 0
vn 0 1 1E-05
vn 0.98079 0 0.19509
vn 0.98079 0 -0.19509
vn 0.98079 0 -0.19509
vn 0.98079 -0 0.19509
vn -0.19509 -0 0.98079
vn 0.19509 -0 0.98079
vn 0.19509 0 0.98079
vn -0.19509 0 0.98079
vn 0 1 2E-05
vn 0.70711 0 -0.70711
vn -0.70711 0 -0.70711
vn -0.98078 -0 -0.19509
vn -0.98078 0 -0.19509
vn 0.7071 -0 0.70711
vn 0.70711 -0 0.70711
vn -0.70711 0 0.70711
vn -0.98079 0 0.19509
vn -0.98078 0 0.19509
vn -0.7071 -0 0.70711
vn 0 1 0
vn 0 1 0
vn 0 1 -6E-05
vn 0 0.7071 0.70711
vn 0 1 0
vn 0 0.7071 0.70711
vn 0 0 1
vn 0 0 1
vn 0 -0.70711 0.70711
vn 0 -0.70711 0.70711
vn 0 -0.70711 -0.70711
vn 0 0.70711 -0.70711
vn 0 0.70711 0.70711
vn 0 -0.70711 0.70711
vn 0 -0.70711 -0.70711
vn 0 0.70711 -0.70711
vn 1 -0 0
vn 0.70147 -0.58622 -0.40533
vn 0.7986 -0.59691 -0.07702
vn 0.7986 -0.59691 0.07702
vn 0.70147 -0.58622 0.40533
vn -0.78535 -0.13927 -0.60318
vn -0.97999 -0.12062 -0.15834
vn -0.97609 -0.12086 -0.18067
vn -0.64375 -0.14462 -0.75144
vn 0.49202 -0.62801 -0.60293
vn 0.38695 -0.29824 -0.87254
vn 0.79094 -0.38376 -0.47659
vn -0.39647 0.91805 -1E-05
vn -0.39647 0.91805 -1E-05
vn -0.39647 0.91805 0
vn -0.39647 0.91805 0
vn -0.20345 -0.16688 -0.96476
vn -0.04079 -0.19556 -0.97984
vn 0.91425 -0.38789 -0.11701
vn 0.91425 -0.38789 0.11701
vn 0.79094 -0.38376 0.47659
vn -0.97999 -0.12062 0.15834
vn -0.97609 -0.12086 0.18067
vn 0.38695 -0.29824 0.87254
vn 0.49202 -0.62801 0.60293
vn -0.04079 -0.19556 0.97984
vn -0.20345 -0.16687 0.96476
vn -0.39647 0.91805 -0
vn -0.39647 0.91805 -1E-05
vn -0.78535 -0.13927 0.60318
vn -0.64376 -0.14462 0.75144
vn -0.90248 -0.38975 -0.18335
vn -0.90248 -0.38975 0.18335
vn -0.90248 -0.38975 0.18335
vn -0.39647 0.91805 0
vn -0.39647 0.91805 0
vn -0.39647 0.91805 -0
vn -0.39647 0.91805 0
vn -0.39647 0.91805 1E-05
vn -0.39647 0.91805 1E-05
vn -0.39646 0.91805 0
vn -0.39646 0.91805 1E-05
vn -0.39647 0.91805 0
vn -0.39647 0.91805 -0
vn -0.39647 0.91805 -0
vn -0.39647 0.91805 -0
vn -0.39646 0.91805 -0
vn -0.39646 0.91805 -0
vn 0.66304 0.28634 -0.69166
vn 0.18097 0.07816 -0.98038
vn 0.18097 0.07815 -0.98038
vn 0.66304 0.28634 -0.69166
vn -0.65303 -0.28202 0.70286
vn -0.65303 -0.28202 0.70286
vn -0.17372 -0.07502 0.98193
vn -0.17372 -0.07502 0.98193
vn 0.18097 0.07816 0.98038
vn 0.18097 0.07816 0.98038
vn 0.66304 0.28634 0.69166
vn 0.66304 0.28634 0.69166
vn 0.90374 0.39029 -0.17589
vn 0.90374 0.39029 -0.17589
vn -0.17372 -0.07502 -0.98193
vn -0.65303 -0.28202 -0.70286
vn -0.65303 -0.28202 -0.70286
vn 0.90374 0.39029 0.17589
vn 0.99619 0 0.08719
vn 0.99619 0 0.08719
vn 0.98976 0 -0.14273
vn 0.08719 -0 -0.99619
vn -0.08719 0 0.99619
vn -0.83723 0 0.54685
vn -0.90853 0 0.41782
vn -0.91271 0 0.4086
vn 0.99619 0 0.08719
vn 0.99619 0 0.08719
vn 0.98976 -0 -0.14273
vn -0.01195 0.99951 -0.02879
vn -0.01625 0.9991 -0.03916
vn -0.02762 0.9974 -0.06657
vn 0.84944 -0 -0.52769
vn 0.84297 -0 -0.53796
vn 0 1 0
vn 0 -1 -0
vn 0.01194 -0.99951 0.02879
vn 0.01624 -0.9991 0.03916
vn 0.02762 -0.9974 0.06657
vn -0.96296 0 0.26966
vn 0.97475 0 -0.22331
vn -0.7986 -0.59692 0.07702
vn -0.7986 -0.59692 -0.07702
vn -0.70147 -0.58622 -0.40533
vn -0.70147 -0.58622 0.40533
vn 0.97999 -0.12062 -0.15833
vn 0.78535 -0.13927 -0.60318
vn 0.64376 -0.14462 -0.75144
vn 0.97609 -0.12086 -0.18067
vn -0.79094 -0.38376 -0.4766
vn -0.38695 -0.29824 -0.87254
vn -0.49202 -0.62801 -0.60293
vn 0.39647 0.91805 1E-05
vn 0.39647 0.91805 -0
vn 0.39647 0.91805 1E-05
vn 0.39647 0.91805 1E-05
vn 0.20345 -0.16687 -0.96476
vn 0.04079 -0.19556 -0.97984
vn -0.91425 -0.38789 -0.11701
vn -0.79094 -0.38376 0.4766
vn -0.91425 -0.38789 0.11701
vn 0.97999 -0.12062 0.15833
vn 0.97609 -0.12086 0.18067
vn -0.49202 -0.62801 0.60293
vn -0.38695 -0.29824 0.87254
vn 0.20345 -0.16687 0.96476
vn 0.04079 -0.19556 0.97984
vn 0.39647 0.91805 -0
vn 0.39647 0.91805 -0
vn 0.78535 -0.13927 0.60318
vn 0.64376 -0.14462 0.75144
vn 0.90249 -0.38974 0.18335
vn 0.90249 -0.38974 -0.18335
vn 0.39647 0.91805 0
vn 0.39647 0.91805 0
vn 0.39647 0.91805 0
vn 0.39647 0.91805 0
vn 0.39647 0.91805 0
vn 0.39647 0.91805 0
vn 0.39647 0.91805 0
vn 0.39647 0.91805 0
vn 0.39647 0.91805 0
vn 0.39647 0.91805 0
vn 0.39647 0.91805 -0
vn 0.39647 0.91805 0
vn 0.39647 0.91805 -0
vn 0.39647 0.91805 -0
vn 0.39647 0.91805 -0
vn -0.66304 0.28634 -0.69166
vn -0.18097 0.07815 -0.98038
vn -0.18097 0.07815 -0.98038
vn -0.66303 0.28634 -0.69166
vn 0.17372 -0.07502 0.98193
vn 0.65303 -0.28201 0.70286
vn 0.65303 -0.28201 0.70286
vn -0.18097 0.07815 0.98038
vn -0.18097 0.07815 0.98038
vn -0.66303 0.28634 0.69166
vn -0.66303 0.28634 0.69166
vn -0.90373 0.3903 -0.17589
vn -0.90373 0.3903 -0.17589
vn 0.17372 -0.07502 -0.98193
vn 0.17372 -0.07502 -0.98193
vn 0.65303 -0.28201 -0.70286
vn 0.65304 -0.28201 -0.70286
vn -0.90373 0.3903 0.17589
vn -0.90373 0.3903 0.17589
vn -0.99619 1E-05 0.0872
vn -0.99619 0 0.08719
vn -0.98976 0 -0.14273
vn 0 -1 -0
vn -0.08719 0 -0.99619
vn 0.08719 0 0.99619
vn 0.90853 0 0.41782
vn 0.83723 0 0.54685
vn 0.91271 0 0.4086
vn -0.98976 0 -0.14274
vn -0.99619 0 0.08719
vn -0.99619 0 0.08719
vn 0.02762 0.9974 -0.06658
vn 0.01624 0.9991 -0.03916
vn 0.01194 0.99951 -0.02879
vn -0.84944 -0 -0.52769
vn -0.84297 0 -0.53796
vn -1E-05 1 0
vn -0.01194 -0.99951 0.02879
vn -0.01624 -0.9991 0.03916
vn -0.02762 -0.9974 0.06657
vn 0.96296 0 0.26965
vn -0.97475 0 -0.22331
vn -0.00097 0.8959 -0.44425
vn -1 0 0.00163
vn -0.00215 0.01939 -0.99981
vn 0.0016 0.01182 0.99993
vn 0.00215 0.01184 0.99993
vn -0.00246 -0.22656 -0.97399
vn 0 -0.22647 -0.97402
vn 0 0.39791 -0.91742
vn -0.00233 0.39811 -0.91734
vn 0 -0.93658 -0.35045
vn -0.00023 -0.93658 -0.35045
vn -0.00048 -0.7736 -0.63367
vn 0 -0.77369 -0.63356
vn -0.00027 0.97303 -0.2307
vn 0 0.97303 -0.2307
vn 0 0.85648 -0.51618
vn -0.0005 0.85641 -0.51629
vn -0.0008 -0.22642 -0.97403
vn -0.0008 0.39786 -0.91745
vn -0.00058 0.97303 -0.2307
vn 0.0045 0.97301 -0.2307
vn 0.00281 0.85664 -0.5159
vn -0.00131 0.8567 -0.51581
vn -0.00123 0.39873 -0.91707
vn -0.0049 -0.22529 -0.97428
vn -0.00648 -0.93656 -0.35044
vn -0.00089 -0.93658 -0.35045
vn -0.0016 -0.77394 -0.63325
vn -0.00664 -0.77307 -0.63428
vn -0.01008 -0.77395 -0.63317
vn -0.00486 -0.22651 -0.974
vn 0.00821 0.85617 -0.51663
vn 0.01019 0.97297 -0.2307
vn -0.00053 0.97303 -0.2307
vn -0.00099 0.85649 -0.51617
vn 0.00218 0.39781 -0.91747
vn -0.0016 0.39792 -0.91742
vn -0.0016 -0.22647 -0.97402
vn -0.00095 -0.77371 -0.63354
vn -0.00045 -0.93658 -0.35045
vn -0.01119 -0.93653 -0.35041
vn -0.05014 -0.16688 -0.9847
vn -0.02612 -0.17217 -0.98472
vn -0.06395 -0.56862 -0.82011
vn -0.1293 -0.55991 -0.8184
vn 0.00182 0.04892 -0.9988
vn 0.00402 0.05314 -0.99858
vn 0.01394 0.39411 -0.91896
vn 0.00882 0.23428 -0.97213
vn 0.0178 0.24145 -0.97025
vn 0.02883 0.39499 -0.91823
vn 0.01683 0.40524 -0.91405
vn 0.02196 0.58379 -0.81161
vn 0.04511 0.58678 -0.80849
vn 0.03794 0.47903 -0.87698
vn -0.00014 -0.00648 -0.99998
vn -0.00067 -0.00647 -0.99998
vn -0.0953 -0.48317 -0.87032
vn -0.04068 -0.41148 -0.91051
vn 0 0.38257 -0.92393
vn 0 0.39548 -0.91848
vn 0 0.58458 -0.81133
vn 0 -0.43368 -0.90107
vn 0 -0.55934 -0.82894
vn 0 -0.00648 -0.99998
vn 0 0.05113 -0.99869
vn 0 0.24027 -0.97071
vn 0 -0.15896 -0.98728
vn 0 1 1E-05
vn 0 1 2E-05
vn 0 1 -0
vn 0 1 -1E-05
vn 0.06395 -0.56862 -0.82011
vn 0.02612 -0.17218 -0.98472
vn 0.05014 -0.16688 -0.9847
vn 0.1293 -0.55991 -0.8184
vn -0.00182 0.04892 -0.9988
vn -0.00402 0.05314 -0.99858
vn -0.0178 0.24145 -0.97025
vn -0.00882 0.23428 -0.97213
vn -0.01394 0.39411 -0.91896
vn -0.02883 0.39499 -0.91823
vn -0.04511 0.58678 -0.80849
vn -0.02196 0.58379 -0.81161
vn -0.01683 0.40524 -0.91405
vn -0.03794 0.47903 -0.87698
vn 0.0953 -0.48317 -0.87032
vn 0.00067 -0.00647 -0.99998
vn 0.00014 -0.00648 -0.99998
vn 0.04068 -0.41148 -0.91051
vn 0 -0.55934 -0.82894
vn -0.58329 -0.81227 0
vn -0.58329 -0.81227 0
vn -0.58329 -0.81227 0
vn 0.58329 -0.81227 0
vn 0.58329 -0.81227 -0
vn 0.58329 -0.81227 0
vn 0 0.01331 0.99991
vn -0.98984 -1E-05 0.14216
vn 0.3023 -0.16685 0.9385
vn 0.316 -0.19042 0.92945
vn 0.34748 -0.54253 0.7648
vn 0.27811 -0.51431 0.81126
vn 0.03909 -0.13192 0.99049
vn 0.13931 -0.45199 0.88108
vn 0.31272 -0.4301 0.84689
vn 0.12238 -0.137 0.98298
vn 0.18157 -0.78629 0.59058
vn 0.29921 -0.79691 0.52479
vn 0.27541 -0.71023 0.64786
vn 0.21203 -0.6674 0.71388
vn 0.3539 -0.61399 0.70553
vn 0.60706 -0.32144 0.72674
vn 0.5133 -0.1101 0.85112
vn 0.8129 -0.33051 0.47954
vn 0.07826 -0.16349 0.98344
vn 0.12868 -0.15879 0.97889
vn -0.02541 -0.19334 0.9808
vn 0.94035 -0.07455 0.33193
vn 0.89531 -0.21687 0.38908
vn 0.99574 -0.0178 0.09051
vn 0.99426 -0.06178 0.08738
vn 0.89599 -0.43873 0.06872
vn 0.96744 -0.23233 0.10037
vn 0.96792 -0.03047 0.2494
vn 0.99545 -0.04996 0.08114
vn 0.99546 -0.05009 0.08087
vn 0.1055 -0.17899 0.97818
vn 0.67555 -0.10515 0.72978
vn 0.11678 -0.11819 0.9861
vn 0.07489 -0.14082 0.9872
vn 0 -0.08467 0.99641
vn 0 -0.08115 0.9967
vn -0 -0.13561 0.99076
vn 0.02136 -0.12654 0.99173
vn 0.99987 -0.0003 0.01618
vn 0.99886 -0.00726 0.04717
vn 0.99947 0.0246 0.02153
vn 0.03555 -0.41589 0.90872
vn -0 -0.45449 0.89075
vn 0 -0.76162 0.64802
vn 0.99044 -0.08895 0.10543
vn 0 -0.83725 0.54682
vn 0.08101 -0.84707 0.52528
vn 0.99533 -0.04122 0.08732
vn 0.23363 -0.95934 0.15838
vn 0.30235 -0.94962 0.08255
vn 0.23235 -0.955 0.18435
vn 0.18857 -0.8828 0.43023
vn 0.2416 -0.96276 0.12132
vn 0.243 -0.96216 0.12326
vn 0.18479 -0.97927 0.08294
vn 0.18655 -0.97887 0.08371
vn 0.87366 -0.48623 0.01729
vn 0.91084 -0.41249 0.01481
vn 0.68933 -0.72403 0.02439
vn 0.67985 -0.73294 0.02455
vn 0.49117 -0.86938 0.05413
vn 0.49814 -0.8655 0.05256
vn 0.31156 -0.94367 0.11139
vn 0.30773 -0.94466 0.11367
vn 0.31137 -0.94849 0.0585
vn 0.94386 -0.32886 0.03112
vn 0.9885 -0.14727 0.03441
vn 0.04396 -0.97959 0.19612
vn 0.04265 -0.97957 0.19654
vn 0 -0.97861 0.20573
vn 0.56244 -0.56691 0.60189
vn 0.56505 -0.68977 0.4527
vn 0.6213 -0.6814 0.38689
vn 0.70437 -0.55444 0.44323
vn 0.97334 -0.21936 0.0671
vn 0.96978 -0.19765 0.14304
vn 0.98729 -0.05969 0.14732
vn 0.99626 -0.06377 0.0583
vn 0.47574 -0.4058 0.78038
vn -0.09028 -0.31704 0.9441
vn 0.74291 -0.42333 0.51853
vn 0.09828 -0.22956 0.96832
vn 0.99998 0.00378 0.00561
vn 0.96981 -0.13196 0.20507
vn 0.94511 -0.27588 0.17507
vn 0.68962 -0.59364 0.41475
vn 0.99955 0.02984 -0.00047
vn 0.79938 -0.03885 0.59958
vn 0.75594 -0.17814 0.62994
vn 0.89974 -0.12857 0.41705
vn 0.90763 -0.02075 0.41926
vn 0.84825 0.02559 0.52897
vn 0.92035 0.03399 0.38961
vn 0.87946 0.29317 0.37498
vn 0.84914 0.13389 0.51091
vn 0.90172 0.13722 0.40997
vn 0.9164 0.29322 0.27246
vn 0.76995 0.02529 0.63761
vn 0.58993 -0.19636 0.78322
vn 0.67369 -0.04885 0.7374
vn 0.53404 -0.34885 0.77013
vn 0.73219 -0.29295 0.61489
vn 0.54304 -0.41619 0.72931
vn 0.72626 -0.38643 0.56852
vn 0.9522 0.11916 0.28126
vn 0.94707 0.25732 0.19197
vn 0.88498 0.40103 0.23661
vn 0.80099 -0.51003 0.31349
vn 0.85935 -0.34918 0.37361
vn 0.88548 -0.21286 0.41305
vn 0.53513 -0.74035 0.40685
vn 0.85477 0.44569 0.26594
vn -0.34748 -0.54253 0.7648
vn -0.316 -0.19042 0.92945
vn -0.3023 -0.16685 0.9385
vn -0.27811 -0.51431 0.81126
vn -0.31272 -0.4301 0.84689
vn -0.13931 -0.45199 0.88108
vn -0.03909 -0.13192 0.99049
vn -0.12238 -0.137 0.98298
vn -0.29921 -0.79691 0.52479
vn -0.18157 -0.78629 0.59058
vn -0.27541 -0.71023 0.64786
vn -0.21203 -0.6674 0.71388
vn -0.3539 -0.61399 0.70553
vn -0.5133 -0.1101 0.85112
vn -0.60706 -0.32144 0.72674
vn -0.8129 -0.33051 0.47954
vn -0.07826 -0.16349 0.98344
vn -0.12868 -0.15879 0.97889
vn 0.02541 -0.19334 0.9808
vn -0.99574 -0.0178 0.09051
vn -0.89531 -0.21687 0.38908
vn -0.94035 -0.07455 0.33193
vn -0.99426 -0.06178 0.08738
vn -0.96744 -0.23233 0.10037
vn -0.89599 -0.43873 0.06872
vn -0.99545 -0.04996 0.08114
vn -0.96792 -0.03047 0.2494
vn -0.99546 -0.05009 0.08087
vn -0.1055 -0.17899 0.97818
vn -0.67555 -0.10515 0.72978
vn -0.07489 -0.14082 0.9872
vn -0.11678 -0.11819 0.9861
vn -0.02136 -0.12654 0.99173
vn -0.99886 -0.00726 0.04717
vn -0.99987 -0.0003 0.01618
vn -0.99947 0.0246 0.02153
vn -0.03555 -0.41589 0.90872
vn -0.99044 -0.08895 0.10543
vn -0.08101 -0.84707 0.52528
vn -0.99533 -0.04122 0.08732
vn -0.23363 -0.95934 0.15838
vn -0.23235 -0.955 0.18435
vn -0.30235 -0.94962 0.08255
vn -0.18857 -0.8828 0.43023
vn -0.18479 -0.97927 0.08294
vn -0.243 -0.96216 0.12326
vn -0.2416 -0.96276 0.12132
vn -0.18655 -0.97887 0.08371
vn -0.68933 -0.72403 0.02439
vn -0.91084 -0.41249 0.01481
vn -0.87366 -0.48623 0.01729
vn -0.67985 -0.73294 0.02455
vn -0.31156 -0.94367 0.11139
vn -0.49814 -0.8655 0.05256
vn -0.49117 -0.86938 0.05413
vn -0.30773 -0.94466 0.11367
vn -0.31137 -0.94849 0.0585
vn -0.9885 -0.14727 0.03441
vn -0.94386 -0.32886 0.03112
vn -0.04265 -0.97957 0.19654
vn -0.04396 -0.97959 0.19612
vn -0.6213 -0.6814 0.38689
vn -0.56505 -0.68977 0.4527
vn -0.56244 -0.56691 0.60189
vn -0.70437 -0.55444 0.44323
vn -0.97334 -0.21936 0.0671
vn -0.99626 -0.06377 0.0583
vn -0.98729 -0.05969 0.14732
vn -0.96978 -0.19765 0.14304
vn -0.47574 -0.4058 0.78038
vn 0.09028 -0.31704 0.9441
vn -0.74291 -0.42333 0.51853
vn -0.09828 -0.22956 0.96832
vn -0.96981 -0.13196 0.20507
vn -0.99998 0.00378 0.00561
vn -0.94511 -0.27588 0.17507
vn -0.68962 -0.59364 0.41475
vn -0.99955 0.02984 -0.00047
vn -0.89974 -0.12857 0.41705
vn -0.75594 -0.17814 0.62994
vn -0.79938 -0.03885 0.59958
vn -0.90763 -0.02075 0.41926
vn -0.84825 0.02559 0.52897
vn -0.92035 0.03399 0.38961
vn -0.90172 0.13722 0.40997
vn -0.84914 0.13389 0.51091
vn -0.87946 0.29317 0.37498
vn -0.9164 0.29322 0.27246
vn -0.76995 0.0253 0.63761
vn -0.58993 -0.19636 0.78322
vn -0.67369 -0.04885 0.7374
vn -0.73219 -0.29295 0.61489
vn -0.53404 -0.34885 0.77013
vn -0.72626 -0.38643 0.56852
vn -0.54304 -0.41619 0.72931
vn -0.9522 0.11916 0.28126
vn -0.94707 0.25732 0.19197
vn -0.88498 0.40103 0.2366
vn -0.80099 -0.51003 0.31349
vn -0.85935 -0.34918 0.37361
vn -0.88548 -0.21286 0.41305
vn -0.53513 -0.74035 0.40685
vn -0.85477 0.44569 0.26594
vn -0.83517 -0.32879 0.44088
vn -0.73368 -0.49557 0.46489
vn -0.76471 -0.46776 0.44319
vn -0.77649 -0.41985 0.46988
vn 0 0.84967 0.52731
vn 0 0.96573 0.25954
vn -0.00203 0.96495 0.26243
vn -0.04041 0.82634 0.56172
vn -0.01143 -0.85352 0.52093
vn -0.00455 -0.85833 0.51307
vn -0.00542 -0.85384 0.5205
vn -0.02075 -0.83918 0.54345
vn 0 -0.72929 0.6842
vn -0.40326 -0.59995 0.69097
vn -0.33164 -0.66166 0.67248
vn 0 -0.72927 0.68423
vn -0.89182 -0.00559 0.45236
vn -0.89094 0.00144 0.45412
vn -0.59397 0.00029 0.80449
vn -0.54681 0.27722 0.79003
vn -0.70064 -0.46218 0.5436
vn -0.71666 -0.44804 0.53448
vn -0.27911 -0.67107 0.68685
vn 0 -0.72925 0.68425
vn -0.62548 -0.05603 0.77823
vn -0.57133 0.00469 0.82071
vn -0.72541 0.00204 0.68832
vn -0.75402 -0.01701 0.65663
vn -0.55227 -0.24786 0.79597
vn -0.08786 -0.37325 0.92356
vn -0.08485 -0.3741 0.9235
vn -0.55396 -0.13031 0.82228
vn -0.09711 -0.00013 0.99527
vn -0.08718 0.32495 0.94171
vn -0 -0.39408 0.91908
vn -0.03047 0.9863 -0.16214
vn -0.04148 0.97243 -0.22949
vn -0.0046 0.99999 0.0018
vn -0.0048 0.99999 0.00183
vn -0.95262 -0.06052 0.29809
vn -0.95596 -0.07186 0.28456
vn -0.93642 0.00866 0.35077
vn -0.94002 -0.00777 0.34104
vn -0.04898 -0.97104 -0.23386
vn -0.08994 -0.90931 -0.40627
vn -0.08622 -0.9165 -0.39064
vn -0.59295 -0.0026 0.80524
vn -0.09712 -0.0002 0.99527
vn -0.09713 -0.00018 0.99527
vn -0.59267 -0.00272 0.80544
vn -0.99561 0.04162 0.08383
vn -0.99995 0.0101 0.00092
vn -0.99987 -0.0063 0.01516
vn -0.9982 -0.01516 0.0581
vn -0.40552 0.80281 0.43709
vn -0.27361 0.789 0.5501
vn -0.99955 -0.02627 0.0147
vn -0.98733 -0.03866 0.15389
vn -0.95789 -0.05531 0.28175
vn -0.9579 -0.02753 0.28579
vn -0.98988 -0.01006 0.14156
vn -0.87811 0.36052 0.31456
vn -0.30068 0.90495 0.30111
vn -0.29266 0.9043 0.31078
vn -0.82012 0.46057 0.33952
vn -0.25122 0.90969 0.33068
vn -0.00551 0.95934 0.2822
vn -0.01013 0.94885 0.31556
vn -0.28029 0.90537 0.31897
vn -0.99972 -0.00076 0.02371
vn -0.99962 -0.0009 0.02739
vn -0.99991 0.00491 0.01251
vn -0.99992 0.00981 0.0083
vn -0.99888 0.0024 0.04736
vn 0.00577 -0.99998 -0.00209
vn 0.00576 -0.99998 -0.00212
vn 0.0649 -0.97693 0.20344
vn 0.05446 -0.98444 0.16707
vn -0.83861 0.5041 0.20642
vn -0.81151 0.52828 0.24975
vn -0.2775 0.91536 0.29174
vn 0.02196 0.98454 0.17377
vn 0.01184 0.97827 0.207
vn -0.94616 0.12119 0.30016
vn -0.93984 0.12252 0.3189
vn -0.94158 0.08073 0.32697
vn -0.93772 0.10371 0.33155
vn -0.91732 0.10669 0.3836
vn -0.92251 0.0784 0.37792
vn -0.99954 0.02378 0.01859
vn -0.99967 0.00713 0.02471
vn -0.9998 -0.00606 -0.01926
vn -0.95742 -0.00038 0.28871
vn -0.9838 0.01139 0.17893
vn -1 -0.00062 -0.0001
vn -1 -0.00071 -0.00024
vn -1 -0.00063 -0.00012
vn -0.7556 0.54011 0.37061
vn -1 -0.00059 4E-05
vn -0.99347 0.09176 0.06773
vn -0.99884 -0.00212 -0.0481
vn -1 -0.00068 -3E-05
vn -1 -0.0007 0.0001
vn -1 -0.00072 2E-05
vn -1 -0.00064 0.00014
vn -1 -0.00074 0.0002
vn -0.99856 0 0.05372
vn -0.88345 -0.13806 0.44772
vn -0.74894 -0.31251 0.58431
vn -0.90338 -0.21362 0.37184
vn -0.34625 -0.31527 0.88358
vn 0.5721 0.00469 0.82017
vn 0.17283 -0.00585 0.98493
vn 0.33712 -0.3196 0.88556
vn 0.63518 -0.06952 0.76923
vn -0.95326 0.08281 0.29057
vn -0.96675 -0.00013 0.25573
vn -0.94959 -0.02249 0.3127
vn -0.9466 -0.00455 0.32238
vn -0.94424 0.00088 0.32925
vn -0.94697 0.01204 0.32111
vn -0.94345 0.01248 0.33129
vn -0.96585 -0.01098 0.25888
vn -0.94071 0.03171 0.33774
vn -0.88914 -0.00493 0.45761
vn -0.86739 -0.05278 0.49482
vn -1 -0.00085 -0.00015
vn -0.99908 0.03117 -0.02932
vn -1 -0.00087 -0.00016
vn -0.94083 -0.10976 0.3206
vn -0.98308 -0.00417 0.18313
vn -0.96748 0.0137 0.25257
vn -0.72601 -0.48502 0.48751
vn -0.00591 -0.00215 -0.99998
vn -0.00296 -0.00209 -0.99999
vn -0.00291 0.04518 -0.99897
vn -0.00582 0.04512 -0.99896
vn -0.37078 -0.22755 0.90041
vn 0.00528 -0.24305 0.97
vn 0.00562 -0.12952 0.99156
vn -0.36708 -0.12169 0.92219
vn -0.0045 -0.87347 -0.48685
vn -0.00225 -0.87348 -0.48685
vn -0.00249 -0.80804 -0.58913
vn -0.00498 -0.80778 -0.58946
vn -0.36623 0.07329 0.92763
vn 0.00603 0.07784 0.99695
vn 0.00614 0.1791 0.98381
vn -0.36928 0.16796 0.91401
vn -0.36754 -0.04455 0.92894
vn 0.00581 -0.04726 0.99887
vn 0.00591 0.00216 0.99998
vn -0.36702 0.00191 0.93021
vn -0.00165 0.83914 -0.54391
vn -0.00082 0.83786 -0.54588
vn -0.00041 0.90783 -0.41934
vn -0.00078 0.90784 -0.41932
vn -0.37471 0.79862 0.47096
vn 0.00458 0.86403 0.50342
vn 0.00366 0.94712 0.32085
vn -0.35313 0.88611 0.30018
vn -0.00593 -0.01208 -0.99991
vn -0.00296 -0.01209 -0.99992
vn -0.00297 -0.01209 -0.99992
vn -0.00618 -0.36083 -0.93261
vn -0.00309 -0.36083 -0.93262
vn -0.00307 -0.1716 -0.98516
vn -0.00614 -0.17166 -0.98514
vn -1 -0.00094 -5E-05
vn -0.91663 -0.09556 0.38816
vn -0.91511 -0.05154 0.39989
vn -1 -0.00095 6E-05
vn -0.0029 -0.61945 -0.78503
vn -0.00579 -0.61922 -0.7852
vn -1 -0.00074 0.00048
vn -0.91643 0.0685 0.39428
vn -0.91226 0.14649 0.38251
vn -1 -0.00052 0.00046
vn -0.00328 0.64931 -0.76051
vn -0.00164 0.64987 -0.76004
vn -0.37772 -0.61684 0.69053
vn 0.00317 -0.66604 0.74591
vn 0.00453 -0.43077 0.90245
vn -0.3724 -0.40211 0.83644
vn -1 -0.00092 0.00017
vn -0.91725 -0.01919 0.39785
vn -0.91704 -0.00026 0.3988
vn -1 -0.00085 0.00028
vn 0.00617 0.37435 0.92727
vn -0.37215 0.35156 0.85902
vn -0.99809 0.02519 0.05635
vn -0.89597 -0.39921 0.19459
vn -0.90958 -0.35114 0.2222
vn -0.99946 0.01327 0.03012
vn -0.00581 0.04913 -0.99878
vn -0.00291 0.04913 -0.99879
vn -0.0029 0.04913 -0.99879
vn 0.00574 0.63571 0.77191
vn -0.38011 0.58896 0.7132
vn -1 -0.00079 0.00038
vn -0.91516 0.02908 0.40205
vn -0.37021 -0.79896 0.47393
vn 0.00134 -0.86561 0.50072
vn -0.00301 -0.07452 -0.99721
vn -0.00603 -0.07462 -0.99719
vn -0.00563 0.12375 -0.9923
vn -0.00282 0.12392 -0.99229
vn -0.00266 0.23302 -0.97247
vn -0.00531 0.23282 -0.97251
vn -0.91542 -0.26704 0.30115
vn -1 -0.00044 0.00013
vn -0.91287 -0.17229 0.37011
vn -1 -0.00076 -5E-05
vn -0.0046 0.4151 -0.90976
vn -0.0023 0.41566 -0.90952
vn -0.91666 0.25189 0.31031
vn -1 -0.00012 0.00022
vn -1 9E-05 5E-05
vn -0.91118 0.35887 0.20238
vn -0.89682 0.41901 0.14195
vn -1 0.0001 5E-05
vn -0.36295 -0.87141 0.33003
vn 0.00023 -0.94152 0.33695
vn -0.99465 0.0831 0.06129
vn -0.97044 0.19789 0.13818
vn -0.94 0.20479 0.27288
vn -0.17155 0.7111 -0.68184
vn -0.16497 0.72864 -0.66473
vn -0.11185 0.67547 0.72886
vn -0.03763 0.5189 0.85401
vn 0.17527 0.09655 0.97978
vn 0.12066 0.18498 0.97531
vn -0.24668 0.20492 -0.94718
vn -0.2467 0.20531 -0.94709
vn 0.37255 -0.26495 0.88939
vn 0.30344 -0.12925 0.94404
vn 0.45829 -0.69138 0.55854
vn 0.44334 -0.81159 0.38049
vn 0.15789 -0.98038 -0.11801
vn 0.17258 -0.97891 -0.10934
vn 0.00584 -0.99998 -0.00175
vn 0.00584 -0.99998 -0.00177
vn -0.01574 0.99971 0.01842
vn -0.01197 0.99909 0.04106
vn -0.14377 0.79473 -0.58969
vn -0.15079 0.76982 -0.62019
vn -0.08965 -0.74087 0.66564
vn -0.07972 -0.75296 0.65322
vn -0.25706 -0.17832 0.9498
vn -0.26503 -0.24716 0.93203
vn -0.00754 0.18386 0.98292
vn -0.00947 0.18238 0.98318
vn 0.17758 0.61194 0.77071
vn 0.17496 0.62602 0.75993
vn -0.03977 -0.97999 -0.19501
vn -0.03812 -0.98142 -0.18803
vn -0.16711 -0.66529 -0.72764
vn -0.1657 -0.67197 -0.72181
vn -0.22547 0.20486 -0.95247
vn -0.22572 0.19883 -0.95369
vn 0.08797 0.91316 0.39799
vn 0.08461 0.9195 0.38388
vn -0.00584 0.99998 0.0018
vn -0.00583 0.99998 0.00181
vn -0.11288 0.95739 0.26581
vn -0.11304 0.95726 0.26622
vn -0.97941 -0.06073 0.19254
vn -0.97927 -0.06126 0.19308
vn -0.96752 -0.09145 0.23569
vn -0.96437 -0.09125 0.24834
vn -0.17907 -0.60374 -0.77681
vn -0.17626 -0.61912 -0.76526
vn -0.22908 -0.00587 -0.97339
vn -0.22579 -0.14612 -0.96315
vn -0.22472 -0.1712 -0.95927
vn -0.22462 -0.17339 -0.9589
vn -0.92675 0.18581 0.32652
vn -0.98933 -0.01072 0.14533
vn -0.98801 -0.02028 0.15303
vn -0.98343 0.03841 0.17717
vn -0.98771 0.01768 0.15528
vn -0.95196 0.06378 0.29951
vn -0.95463 0.05776 0.29215
vn -0.97704 -0.01386 0.21262
vn -0.97286 -0.00763 0.23127
vn -0.96667 -0.00633 0.25593
vn -0.9647 -0.01254 0.26304
vn -0.95936 -0.02421 0.28113
vn -0.96023 -0.02263 0.27831
vn -0.95432 -0.01955 0.29815
vn -0.95359 -0.01601 0.30069
vn -0.967 0.08671 0.23957
vn -0.96692 0.0869 0.23983
vn -0.2258 -0.14579 -0.9632
vn -0.94841 0.02804 0.31581
vn -0.94849 0.02724 0.31563
vn -0.04898 -0.97103 -0.23387
vn 0.03498 0.97181 0.23317
vn 0.02093 0.97135 0.23675
vn 0.02086 0.9715 0.23611
vn 0.03376 0.97174 0.23361
vn -0.8889 -0.00283 0.45809
vn -0.939 0.00563 0.34387
vn -0.9372 0.00474 0.34875
vn -0.9547 -0.00229 0.29755
vn -0.95086 -0.002 0.30963
vn -0.97565 0.00548 0.21927
vn -0.98242 0.00346 0.18666
vn -0.9846 0.00367 0.17478
vn -0.97144 0.00594 0.23719
vn -0.95265 0.00858 0.30396
vn -0.95356 0.00834 0.30108
vn -0.97949 -0.00444 0.20144
vn -0.98015 -0.00454 0.19819
vn -0.95775 -0.00158 0.28759
vn -0.97366 -0.02483 0.22667
vn -0.97357 -0.02844 0.2266
vn -0.98167 -0.01599 0.18993
vn -0.98316 -0.03853 0.17865
vn -0.98731 -0.01365 0.15823
vn -0.98629 -0.01202 0.16457
vn -0.98558 -0.03674 0.1652
vn -0.79576 0.33009 0.50774
vn -0.95561 0.00149 0.29463
vn -0.097 -0.0002 0.99528
vn 0.84189 -0.10179 0.52996
vn 0.86739 -0.05278 0.49482
vn 0.55396 -0.13031 0.82228
vn 0.55227 -0.24786 0.79597
vn 0.99043 -0.12591 -0.05647
vn 0.98921 -0.13141 -0.0647
vn 0.98924 -0.13131 -0.06455
vn -0.03216 -0.56046 -0.82756
vn -0.04721 -0.55928 -0.82764
vn 0 -0.56345 -0.82615
vn 0.33564 0.5103 0.79179
vn 0 0.56213 0.82705
vn 0.30783 0.51737 0.79848
vn 0.98543 -0.14621 -0.08691
vn 0.98555 -0.14576 -0.08625
vn -0.98279 0.1551 0.10034
vn -0.98543 0.1462 0.08691
vn -0.98555 0.14576 0.08625
vn -0.58785 -0.41934 -0.6918
vn -0.30865 -0.5172 -0.79827
vn -0.33604 -0.51023 -0.79167
vn 0 -0.5621 -0.82707
vn -0.98924 0.1313 0.06456
vn -0.98921 0.1314 0.06471
vn -0.99044 0.12589 0.05647
vn 0 -0.85537 0.51801
vn -0.0707 -0.83659 0.54325
vn -0.00093 -0.81514 0.57927
vn 0 -0.80588 0.59207
vn -0.09771 -0.55437 -0.82652
vn 0.03168 0.56047 0.82757
vn 0.04684 0.55929 0.82765
vn 0.0977 0.55436 0.82652
vn 0.98279 -0.15512 -0.10034
vn 0 -0.89948 0.43695
vn -0.12384 -0.86797 0.48093
vn 0.58784 0.41933 0.69181
vn 0 0.56346 0.82614
vn -0.20319 -0.8632 0.46217
vn -0.34444 -0.85621 0.38507
vn -0.35577 -0.84332 0.40278
vn -0.28309 -0.84507 0.45356
vn 0 -0.81934 0.57331
vn -0.04355 -0.80368 0.59347
vn -0.05 -0.80769 0.58749
vn -0.03344 -0.82359 0.5662
vn -0.03466 -0.81746 0.57494
vn 0 -0.83598 0.54875
vn 0.40228 -0.60908 0.68352
vn 0 -0.40837 0.91282
vn -0.11948 -0.81541 0.56641
vn 0.01083 -0.82768 0.5611
vn -0.26325 -0.81252 0.52011
vn 0.01999 -0.84659 0.53187
vn -0.00298 -0.82491 0.56526
vn 0 -0.80778 0.58949
vn 0.02642 0.96556 0.25885
vn 0.01039 0.96601 0.25831
vn 0.01875 0.98312 0.18202
vn 0.00204 0.99898 0.045
vn 0.0043 0.99431 0.10645
vn 0.01213 0.99992 0.00442
vn 0.02211 0.99974 0.00475
vn 0.0232 0.99972 0.00479
vn 0.0047 0.99712 0.0757
vn 0 0.35259 0.93578
vn -0 -2E-05 1
vn -0 -1E-05 1
vn -0 -2E-05 1
vn 0 0.99899 0.0449
vn 0.03796 0.99927 0.00512
vn 0.03869 0.99924 0.00512
vn 0 0.04518 -0.99898
vn 0 -0.00209 -1
vn 0 -0.07453 -0.99722
vn 0 -0.17159 -0.98517
vn 0 0.04913 -0.99879
vn 0 0.23299 -0.97248
vn 0 0.1239 -0.9923
vn 0 -0.0121 -0.99993
vn 0 0.6497 -0.76019
vn 0 0.41553 -0.90958
vn 0 -0.36078 -0.93265
vn 0 -0.61936 -0.7851
vn 0 0.83663 -0.54777
vn 0 -0.80796 -0.58924
vn 0 0.90782 -0.41936
vn 0 -0.87348 -0.48685
vn 0.76471 -0.46776 0.44319
vn 0.73368 -0.49557 0.46489
vn 0.83453 -0.32848 0.44233
vn 0.77543 -0.41933 0.47209
vn 0.00203 0.96495 0.26243
vn 0.04041 0.82634 0.56172
vn 0.00542 -0.85384 0.5205
vn 0.00455 -0.85833 0.51307
vn 0.01143 -0.85352 0.52093
vn 0.02075 -0.83918 0.54345
vn 0.33162 -0.66465 0.66954
vn 0.89094 0.00144 0.45412
vn 0.89182 -0.00559 0.45236
vn 0.54681 0.27722 0.79003
vn 0.59397 0.00029 0.80449
vn 0.72053 -0.44283 0.5336
vn 0.69076 -0.47743 0.54305
vn 0.27936 -0.67081 0.687
vn 0.72549 0.00205 0.68823
vn 0.75542 -0.01499 0.65506
vn 0.08485 -0.3741 0.9235
vn 0.08786 -0.37325 0.92356
vn 0.08718 0.32495 0.94171
vn 0.09711 -0.00013 0.99527
vn 0.0046 0.99999 0.0018
vn 0.04148 0.97243 -0.22949
vn 0.03047 0.9863 -0.16214
vn 0.0048 0.99999 0.00183
vn 0.08622 -0.9165 -0.39064
vn 0.08995 -0.90931 -0.40628
vn 0.04898 -0.97104 -0.23386
vn 0.09713 -0.00018 0.99527
vn 0.09712 -0.0002 0.99527
vn 0.59295 -0.0026 0.80524
vn 0.59267 -0.00272 0.80544
vn 0.99987 -0.0063 0.01516
vn 0.99995 0.0101 0.00092
vn 0.99561 0.04162 0.08383
vn 0.9982 -0.01517 0.0581
vn 0.35008 0.86279 0.36474
vn 0.27361 0.789 0.5501
vn 0.99955 -0.02627 0.0147
vn 0.9579 -0.02753 0.28579
vn 0.95789 -0.05531 0.28175
vn 0.98733 -0.03866 0.15389
vn 0.98988 -0.01006 0.14156
vn 0.29266 0.9043 0.31078
vn 0.84558 0.3487 0.40423
vn 0.82012 0.46057 0.33952
vn 0.01013 0.94885 0.31556
vn 0.00551 0.95934 0.2822
vn 0.25122 0.90969 0.33068
vn 0.28029 0.90537 0.31897
vn 0.99991 0.00491 0.01251
vn 0.99962 -0.0009 0.02739
vn 0.99972 -0.00076 0.02371
vn 0.99992 0.00981 0.0083
vn 0.99888 0.0024 0.04736
vn -0.0649 -0.97693 0.20344
vn -0.00576 -0.99998 -0.00212
vn -0.00577 -0.99998 -0.00209
vn -0.05446 -0.98444 0.16707
vn 0.81151 0.52828 0.24975
vn 0.83861 0.5041 0.20642
vn 0.2775 0.91536 0.29174
vn -0.01184 0.97827 0.207
vn -0.02196 0.98454 0.17377
vn 0.94002 -0.00777 0.34104
vn 0.93642 0.00866 0.35077
vn 0.95596 -0.07186 0.28456
vn 0.95262 -0.06052 0.29809
vn 0.99967 0.00713 0.02471
vn 0.99954 0.02378 0.01859
vn 0.9998 -0.00606 -0.01926
vn 0.95742 -0.00038 0.28871
vn 0.9838 0.01139 0.17893
vn 1 -0.00062 -0.0001
vn 1 -0.00063 -0.00012
vn 1 -0.00071 -0.00024
vn 0.7556 0.54011 0.37061
vn 0.99347 0.09176 0.06773
vn 1 -0.00059 4E-05
vn 0.99884 -0.00212 -0.0481
vn 1 -0.0007 0.0001
vn 1 -0.00068 -3E-05
vn 1 -0.00072 2E-05
vn 1 -0.00074 0.0002
vn 1 -0.00064 0.00014
vn 0.99856 0 0.05372
vn 0.74997 -0.32714 0.57492
vn 0.88343 -0.14862 0.44436
vn 0.9017 -0.22059 0.37186
vn 0.96675 -0.00013 0.25573
vn 0.95326 0.08281 0.29057
vn 0.9466 -0.00455 0.32238
vn 0.94959 -0.02249 0.3127
vn 0.94697 0.01204 0.32111
vn 0.94424 0.00088 0.32925
vn 0.94345 0.01248 0.33129
vn 0.94071 0.03171 0.33774
vn 0.96585 -0.01098 0.25888
vn 0.88914 -0.00493 0.45761
vn 1 -0.00085 -0.00015
vn 0.99908 0.03117 -0.02932
vn 1 -0.00087 -0.00016
vn 0.94083 -0.10976 0.3206
vn 0.98308 -0.00417 0.18313
vn 0.96748 0.0137 0.25257
vn 0.72601 -0.48503 0.48751
vn 0.00291 0.04518 -0.99897
vn 0.00296 -0.00209 -0.99999
vn 0.00591 -0.00215 -0.99998
vn 0.00582 0.04512 -0.99896
vn -0.00562 -0.12952 0.99156
vn -0.00528 -0.24305 0.97
vn 0.37078 -0.22755 0.90041
vn 0.36708 -0.12169 0.92219
vn 0.00249 -0.80804 -0.58913
vn 0.00225 -0.87348 -0.48685
vn 0.0045 -0.87347 -0.48685
vn 0.00498 -0.80778 -0.58946
vn -0.00614 0.1791 0.98381
vn -0.00603 0.07784 0.99695
vn 0.36623 0.07329 0.92763
vn 0.36928 0.16796 0.91401
vn -0.00591 0.00216 0.99998
vn -0.00581 -0.04726 0.99887
vn 0.36754 -0.04455 0.92894
vn 0.36702 0.00191 0.93021
vn 0.00041 0.90783 -0.41934
vn 0.00082 0.83786 -0.54588
vn 0.00165 0.83914 -0.54391
vn 0.00078 0.90784 -0.41932
vn -0.00366 0.94712 0.32085
vn -0.00458 0.86403 0.50342
vn 0.37471 0.79862 0.47096
vn 0.35313 0.88611 0.30018
vn 0.00297 -0.01209 -0.99992
vn 0.00296 -0.01209 -0.99992
vn 0.00593 -0.01208 -0.99991
vn 0.00307 -0.1716 -0.98516
vn 0.00309 -0.36083 -0.93262
vn 0.00618 -0.36084 -0.93261
vn 0.00614 -0.17166 -0.98514
vn 0.91511 -0.05154 0.39989
vn 0.91663 -0.09556 0.38816
vn 1 -0.00094 -5E-05
vn 1 -0.00095 6E-05
vn 0.0029 -0.61945 -0.78503
vn 0.00579 -0.61922 -0.7852
vn 0.91226 0.14649 0.38251
vn 0.91643 0.0685 0.39428
vn 1 -0.00074 0.00048
vn 1 -0.00052 0.00046
vn 0.00164 0.64987 -0.76004
vn 0.00328 0.64931 -0.76051
vn -0.00453 -0.43077 0.90245
vn -0.00316 -0.66604 0.74591
vn 0.37772 -0.61684 0.69053
vn 0.3724 -0.40211 0.83644
vn 0.91704 -0.00026 0.3988
vn 0.91725 -0.01919 0.39785
vn 1 -0.00092 0.00017
vn 1 -0.00085 0.00028
vn -0.00617 0.37435 0.92727
vn 0.37215 0.35156 0.85902
vn 0.90958 -0.35114 0.2222
vn 0.89597 -0.39921 0.19459
vn 0.99809 0.02519 0.05635
vn 0.99946 0.01327 0.03012
vn 0.0029 0.04913 -0.99879
vn 0.00291 0.04913 -0.99879
vn 0.00581 0.04913 -0.99878
vn -0.00574 0.63571 0.77191
vn 0.38011 0.58896 0.7132
vn 0.91516 0.02908 0.40205
vn 1 -0.00079 0.00038
vn -0.00134 -0.86561 0.50072
vn 0.37021 -0.79896 0.47393
vn 0.00301 -0.07452 -0.99721
vn 0.00603 -0.07462 -0.99719
vn 0.00266 0.23302 -0.97247
vn 0.00282 0.12392 -0.99229
vn 0.00563 0.12375 -0.9923
vn 0.00531 0.23282 -0.97251
vn 0.91542 -0.26704 0.30115
vn 1 -0.00044 0.00013
vn 0.91287 -0.17229 0.37011
vn 1 -0.00076 -5E-05
vn 0.0023 0.41566 -0.90952
vn 0.0046 0.4151 -0.90976
vn 0.91666 0.25189 0.31031
vn 1 -0.00012 0.00022
vn 0.89682 0.41901 0.14195
vn 0.91118 0.35887 0.20238
vn 1 9E-05 5E-05
vn 1 0.0001 5E-05
vn 0.36295 -0.87141 0.33003
vn -0.00023 -0.94152 0.33695
vn 0.99465 0.0831 0.06129
vn 0.97044 0.19789 0.13818
vn 0.94 0.20479 0.27288
vn 0.16497 0.72864 -0.66473
vn 0.17155 0.7111 -0.68184
vn -0.17527 0.09655 0.97978
vn 0.03763 0.51889 0.85401
vn 0.11184 0.67547 0.72886
vn -0.12066 0.18498 0.97531
vn 0.2467 0.20531 -0.94709
vn 0.24668 0.20492 -0.94718
vn -0.37255 -0.26495 0.88939
vn -0.30344 -0.12925 0.94404
vn -0.15789 -0.98038 -0.11801
vn -0.44334 -0.81159 0.38049
vn -0.45829 -0.69138 0.55853
vn -0.17258 -0.97891 -0.10933
vn -0.00584 -0.99998 -0.00177
vn -0.00584 -0.99998 -0.00175
vn 0.14377 0.79474 -0.58968
vn 0.01197 0.99909 0.04106
vn 0.01574 0.99971 0.01843
vn 0.15079 0.76982 -0.62019
vn 0.25706 -0.17832 0.9498
vn 0.07972 -0.75296 0.65322
vn 0.08965 -0.74087 0.66564
vn 0.26503 -0.24716 0.93203
vn -0.17758 0.61194 0.77071
vn 0.00947 0.18238 0.98318
vn 0.00754 0.18386 0.98292
vn -0.17496 0.62602 0.75993
vn 0.03812 -0.98142 -0.18803
vn 0.03977 -0.97999 -0.19501
vn 0.1657 -0.67197 -0.72181
vn 0.16711 -0.66529 -0.72764
vn 0.22547 0.20486 -0.95247
vn 0.22572 0.19883 -0.95369
vn -0.08797 0.91316 0.39799
vn -0.08461 0.9195 0.38388
vn 0.11288 0.95739 0.26581
vn 0.00583 0.99998 0.00182
vn 0.00584 0.99998 0.0018
vn 0.11304 0.95726 0.26622
vn 0.17907 -0.60374 -0.77681
vn 0.17626 -0.61912 -0.76526
vn 0.22579 -0.14612 -0.96315
vn 0.22908 -0.00587 -0.97339
vn 0.22472 -0.1712 -0.95927
vn 0.22462 -0.17339 -0.9589
vn 0.92675 0.18581 0.32652
vn 0.98801 -0.02028 0.15303
vn 0.98343 0.03841 0.17717
vn 0.98771 0.01768 0.15528
vn 0.98933 -0.01071 0.14533
vn 0.92251 0.0784 0.37792
vn 0.91732 0.10669 0.3836
vn 0.95463 0.05776 0.29215
vn 0.95196 0.06378 0.29951
vn 0.97286 -0.00763 0.23127
vn 0.97704 -0.01386 0.21262
vn 0.96023 -0.02263 0.2783
vn 0.95936 -0.02421 0.28113
vn 0.9647 -0.01254 0.26304
vn 0.96667 -0.00633 0.25593
vn 0.95359 -0.01602 0.30069
vn 0.95432 -0.01955 0.29815
vn 0.96692 0.0869 0.23983
vn 0.967 0.08671 0.23957
vn 0.94616 0.12119 0.30016
vn 0.93984 0.12252 0.3189
vn 0.93772 0.10371 0.33155
vn 0.94158 0.08073 0.32697
vn 0.96752 -0.09145 0.23569
vn 0.96437 -0.09125 0.24834
vn 0.94841 0.02804 0.31581
vn 0.94849 0.02724 0.31563
vn 0.2258 -0.14579 -0.9632
vn 0.97927 -0.06126 0.19308
vn 0.97941 -0.06073 0.19254
vn 0.04898 -0.97103 -0.23387
vn -0.02086 0.9715 0.23611
vn -0.02093 0.97135 0.23675
vn -0.03498 0.97181 0.23317
vn -0.03376 0.97174 0.23361
vn 0.8889 -0.00283 0.45809
vn 0.9547 -0.00229 0.29755
vn 0.9372 0.00474 0.34875
vn 0.939 0.00563 0.34387
vn 0.95086 -0.002 0.30963
vn 0.9846 0.00367 0.17478
vn 0.98242 0.00346 0.18666
vn 0.97565 0.00548 0.21927
vn 0.97144 0.00594 0.23719
vn 0.95356 0.00834 0.30108
vn 0.95265 0.00858 0.30396
vn 0.98015 -0.00454 0.19819
vn 0.97949 -0.00444 0.20144
vn 0.95775 -0.00158 0.28759
vn 0.97357 -0.02844 0.2266
vn 0.97366 -0.02483 0.22667
vn 0.98167 -0.01599 0.18993
vn 0.98629 -0.01202 0.16457
vn 0.98731 -0.01365 0.15823
vn 0.98316 -0.03853 0.17865
vn 0.98558 -0.03674 0.1652
vn 0.95561 0.00149 0.29463
vn 0.097 -0.0002 0.99528
vn -0.84189 -0.10179 0.52996
vn -0.98921 -0.13141 -0.06471
vn -0.99043 -0.12591 -0.05647
vn -0.98924 -0.13131 -0.06456
vn 0.04721 -0.55928 -0.82764
vn 0.03216 -0.56046 -0.82756
vn -0.33564 0.5103 0.79179
vn -0.30783 0.51737 0.79848
vn -0.98543 -0.1462 -0.08691
vn -0.98555 -0.14576 -0.08625
vn 0.98543 0.1462 0.08691
vn 0.98279 0.15511 0.10034
vn 0.98555 0.14575 0.08625
vn 0.30865 -0.5172 -0.79827
vn 0.58785 -0.41934 -0.6918
vn 0.33604 -0.51022 -0.79167
vn 0.99043 0.1259 0.05647
vn 0.98921 0.13141 0.06471
vn 0.98924 0.1313 0.06456
vn 0.00093 -0.81514 0.57927
vn 0.0707 -0.83659 0.54325
vn 0.0977 -0.55437 -0.82652
vn -0.0977 0.55436 0.82652
vn -0.04684 0.55929 0.82765
vn -0.03168 0.56047 0.82757
vn -0.98279 -0.15512 -0.10034
vn 0.12384 -0.86797 0.48093
vn -0.58785 0.41933 0.69181
vn 0.28309 -0.84507 0.45356
vn 0.35577 -0.84332 0.40278
vn 0.34444 -0.85621 0.38507
vn 0.20319 -0.8632 0.46217
vn 0.03466 -0.81746 0.57494
vn 0.03344 -0.82359 0.5662
vn 0.05 -0.80769 0.58749
vn 0.04355 -0.80368 0.59347
vn 0 -0.01674 0.99986
vn -0.172 -0.00585 0.98508
vn -0.01083 -0.82768 0.5611
vn 0.11948 -0.81542 0.56641
vn 0.26325 -0.81252 0.52011
vn 0.00298 -0.82491 0.56526
vn -0.01999 -0.84659 0.53187
vn -0.02642 0.96556 0.25885
vn -0.01039 0.96601 0.25831
vn -0.01875 0.98312 0.18202
vn -0.0043 0.99431 0.10645
vn -0.00204 0.99898 0.045
vn -0.0232 0.99972 0.00479
vn -0.02211 0.99974 0.00475
vn -0.01213 0.99992 0.00442
vn -0.0047 0.99712 0.0757
vn -0.03869 0.99924 0.00512
vn -0.03796 0.99927 0.00512
vn 0 0.04518 -0.99898
vn 0 -0.0121 -0.99993
vn 0 0.41553 -0.90958
vn 0 -0.61936 -0.7851
vn -0.97726 0.05945 -0.20353
vn -0.98039 0.05526 -0.18915
vn -0.99595 -0.02394 0.08669
vn -0.99634 -0.02275 0.0824
vn 0.05312 0.96268 0.26539
vn 0.05299 0.96268 0.26539
vn 0.07356 0.96539 0.25021
vn 0.07341 0.96497 0.25187
vn 0.01233 0.98912 0.14658
vn 0.03419 0.9838 0.17601
vn -0.03419 0.98379 0.17601
vn -0.01233 0.98912 0.14658
vn 0 0.98679 0.16201
vn 0 0.99995 0.01016
vn -0.07341 0.96497 0.25187
vn -0.07356 0.96539 0.25021
vn -0.05299 0.96268 0.26539
vn -0.05312 0.96268 0.26539
vn 0.05672 0.97627 0.20901
vn 0.0634 0.97356 0.21945
vn -0.0634 0.97356 0.21945
vn -0.05672 0.97627 0.20902
vn 0.99634 -0.02275 0.0824
vn 0.99595 -0.02393 0.08669
vn 0.98039 0.05526 -0.18915
vn 0.97726 0.05945 -0.20353
vn 0.00292 0.96607 0.25825
vn 0.00843 0.95274 0.30368
vn -0.00843 0.95274 0.30368
vn -0.00292 0.96607 0.25825
vn 0.15758 0.26283 -0.95189
vn 0.15556 0.26291 -0.9522
vn 0.56793 0.21906 -0.79339
vn 0.57634 0.2175 -0.78774
vn -0.15556 0.26291 -0.9522
vn -0.15758 0.26283 -0.95189
vn -0.00169 0.94254 0.33408
vn -0.00517 0.94244 0.33433
vn -0.0328 0.95369 0.29899
vn -0.02483 0.9499 0.31157
vn 0.16325 -0.26259 0.951
vn 0.16125 -0.26268 0.95131
vn 0.5806 -0.2167 0.78482
vn 0.58832 -0.21522 0.77946
vn -0.58832 -0.21522 0.77946
vn -0.5806 -0.2167 0.78482
vn -0.16125 -0.26268 0.95131
vn -0.16325 -0.26259 0.951
vn -0.00153 0.95462 0.29783
vn -0.01173 0.95767 0.28762
vn 0.01173 0.95767 0.28762
vn 0.00153 0.95462 0.29783
vn -0.89359 -0.11948 0.43269
vn -0.89047 -0.12111 0.43863
vn -0.88714 0.12283 -0.44486
vn -0.88342 0.12472 -0.45168
vn -0.56793 0.21906 -0.79339
vn -0.57634 0.2175 -0.78774
vn 0.02576 0.94764 0.31831
vn -0.97387 -0.06045 0.21893
vn -0.97347 -0.0609 0.22057
vn 0.88714 0.12283 -0.44486
vn 0.88342 0.12472 -0.45168
vn 0.9714 0.0632 -0.22889
vn 0.97191 0.06264 -0.22687
vn -0.00384 0.9477 0.31913
vn -0.00144 0.95028 0.31139
vn 0.00144 0.95028 0.31139
vn 0.00384 0.9477 0.31913
vn 0.89359 -0.11948 0.43269
vn 0.89047 -0.12111 0.43863
vn 0.97347 -0.0609 0.22057
vn 0.97387 -0.06045 0.21893
vn -0.99607 0.02356 -0.08532
vn -0.9956 0.02493 -0.0903
vn -0.9714 0.0632 -0.22889
vn -0.97191 0.06264 -0.22687
vn 0.99607 0.02356 -0.08532
vn 0.9956 0.02494 -0.0903
vn 0.98069 -0.05489 0.1877
vn 0.97732 -0.05943 0.20326
vn 0.17143 -0.27685 0.9455
vn 0.1792 -0.27644 0.94417
vn -0.1792 -0.27644 0.94417
vn -0.17143 -0.27685 0.9455
vn -0.97732 -0.05943 0.20327
vn -0.98069 -0.05489 0.18771
vn 0.06735 0.96128 0.26723
vn 0.06697 0.96176 0.26558
vn 0.05413 0.96896 0.24123
vn 0.0485 0.9711 0.23368
vn 0.00169 0.94254 0.33409
vn 0.02483 0.9499 0.31157
vn 0.0328 0.95369 0.29899
vn 0.00517 0.94244 0.33434
vn 0.02811 0.97781 0.20759
vn 0.0107 0.98237 0.18662
vn 0.05889 0.95923 0.27642
vn 0.05888 0.95923 0.27642
vn -0.0485 0.9711 0.23369
vn -0.05413 0.96896 0.24123
vn -0.06697 0.96176 0.26559
vn -0.06735 0.96127 0.26724
vn 0.19464 0.27586 -0.94128
vn -0.19464 0.27586 -0.94129
vn -0.18771 0.27624 -0.94258
vn 0.18771 0.27625 -0.94258
vn -0.0107 0.98237 0.18662
vn -0.02811 0.97781 0.20759
vn -0.05888 0.95923 0.27642
vn -0.05889 0.95923 0.27642
vn -0.02576 0.94764 0.31831
vn -0.02418 0.95445 0.29738
vn 0.02418 0.95445 0.29738
vn -0.00399 0.94473 0.32782
vn -0.00371 0.94426 0.32918
vn 0.0037 0.94426 0.32917
vn 0.00399 0.94473 0.32781
vn -0.68727 0.20398 -0.69717
vn -0.70345 0.19957 -0.68215
vn -0.69454 -0.20183 0.69056
vn -0.67393 -0.20725 0.70912
vn 0.68728 0.20398 -0.69717
vn 0.70345 0.19957 -0.68215
vn 0.67394 -0.20725 0.70912
vn 0.69454 -0.20182 0.69056
vn 0 0.94067 0.33932
vn 0 0.93677 0.34993
vn 0 0.94135 0.33742
vn 0 0.94968 0.31322
vn 0 0.95635 0.29223
vn 0 0.95303 0.30289
vn 0 0.95109 0.30891
vn 0 0.94441 0.32877
vn -0.99501 0 0.09982
vn -0.99752 0 0.07045
vn -1 0 0.00204
vn -1 -0 0.00307
vn -1 -0 0.0008
vn -1 0 0.00065
vn 1 0 0.00065
vn 1 -0 0.0008
vn 1 0 0.00204
vn 1 -0 0.00307
vn -0.56413 0 0.82569
vn -0.61775 0 0.78637
vn -0.90883 0 0.41716
vn -0.88356 0 0.46832
vn 0.88356 0 0.46832
vn 0.90883 0 0.41716
vn 0.61775 0 0.78637
vn 0.56413 -0 0.82569
vn -0.15977 0 0.98715
vn -0.17066 0 0.98533
vn 0.17066 0 0.98533
vn 0.15978 0 0.98715
vn -0.97731 -0 0.21181
vn -0.97292 0 0.23116
vn 0.97292 0 0.23116
vn 0.97731 -0 0.21181
vn -1 -0 0.00143
vn 1 0 0.00143
vn 0.99752 0 0.07045
vn 0.99501 0 0.09982
vn -1 -0.00106 0
vn -1 -0.00096 0
vn -1 -0.00106 1E-05
vn -1 -0.00096 -1E-05
vn -1 -0.00106 1E-05
vn -0.99921 -0.0008 0.03976
vn -1 -0.00106 1E-05
vn -1 -0.00105 2E-05
vn -0.95647 -7E-05 0.29182
vn -0.98164 0.00033 0.19073
vn -0.98671 0.00347 0.16248
vn -0.95787 0.00205 0.28719
vn -0.96649 -0.06923 0.2472
vn -0.96752 -0.08117 0.2394
vn -0.96086 -0.05573 0.27139
vn -0.96134 -0.05818 0.26915
vn -0.9407 -0.01466 0.33892
vn -0.95837 0.00835 0.2854
vn -0.94372 -0.02781 0.32958
vn -0.95416 -0.03287 0.29748
vn -0.95335 -0.01805 0.30132
vn -0.95267 -0.01816 0.30346
vn -0.96091 -0.0173 0.27633
vn -0.96081 -0.01711 0.27668
vn -0.96136 0.01805 0.2747
vn -0.96126 0.01652 0.27516
vn -0.95696 0.0016 0.29022
vn -0.95063 -0.0096 0.31018
vn -0.94496 -0.00089 0.3272
vn -0.94328 -0.0012 0.33198
vn -0.94721 0.00606 0.32055
vn -0.95751 0.01957 0.28775
vn -0.23591 -0.49286 -0.83752
vn 0.00188 -0.99973 -0.02301
vn 0.00274 -0.99979 -0.02007
vn -0.2356 -0.49484 -0.83644
vn -0.96268 0.01295 0.27034
vn -0.96064 0.16531 0.22325
vn -0.97061 0.13689 0.19792
vn -0.98836 0.06629 0.13692
vn -0.99211 0.04338 0.11765
vn -0.34514 -0.9229 0.17068
vn -0.34514 -0.92288 0.1708
vn -0.33983 -0.92724 0.15729
vn -0.34081 -0.92683 0.15761
vn 0.27085 0.11035 0.95628
vn 0.2706 0.11627 0.95564
vn 0.2017 0.64668 0.73561
vn 0.20434 0.63568 0.74442
vn 0.03432 0.98626 0.16161
vn 0.03779 0.98407 0.17373
vn -0.02763 0.99807 -0.05558
vn -0.02762 0.99807 -0.05554
vn -0.45848 -0.88803 -0.03458
vn -0.44779 -0.89406 -0.01154
vn -0.27374 0.00224 -0.9618
vn -0.92679 0.14897 0.34477
vn -0.94019 0.18107 0.28854
vn -0.94098 0.18223 0.28522
vn -0.92931 0.15659 0.33446
vn -0.5062 -0.00091 -0.86241
vn -0.529 -0.06904 -0.84581
vn -0.521 -0.04419 -0.85241
vn -0.9591 0.08906 0.26869
vn -0.96577 0.17613 0.19043
vn -0.96531 0.16115 0.20547
vn -0.9689 0.03138 0.24544
vn -0.87833 -0.05237 0.47517
vn -0.89735 0.06003 0.43722
vn -0.87932 0.01654 0.47594
vn -0.89545 -0.01675 0.44485
vn -0.26006 0.36971 -0.89201
vn -0.12681 0.90708 -0.40141
vn -0.1267 0.90727 -0.401
vn -0.25943 0.37631 -0.88943
vn -0.02736 0.99813 -0.05462
vn -0.99788 0.06442 -0.00945
vn -0.9725 -0.10847 0.2061
vn -0.96451 0.09592 0.246
vn -0.95206 0.10316 0.288
vn 0.1462 -0.86629 0.47767
vn 0.14651 -0.86562 0.47879
vn 0.16297 -0.82689 0.53823
vn 0.16267 -0.82766 0.53713
vn 0.1717 -0.80361 0.56985
vn 0.17162 -0.80382 0.56958
vn 0.21661 -0.64329 0.73434
vn 0.21446 -0.65297 0.72638
vn 0.26881 -0.23181 0.93488
vn 0.26857 -0.23626 0.93384
vn -0.33573 -0.83193 0.44178
vn -0.32963 -0.78778 0.52033
vn -0.22838 -0.35185 0.90777
vn -0.21246 -0.29536 0.93146
vn -0.93627 0.01086 0.3511
vn -0.9346 0.05011 0.35215
vn -0.97194 -0.02678 0.2337
vn -0.99061 -0.05659 0.12445
vn -0.91614 0.11507 0.38399
vn -0.91138 0.09978 0.39928
vn -0.99667 0.00048 0.0815
vn -0.96559 -0.01238 0.25979
vn -0.96099 -0.00843 0.27647
vn -0.98707 0.00162 0.16026
vn -0.99453 -0.09345 -0.04676
vn -0.60638 -0.56955 -0.5549
vn -0.60761 -0.4826 -0.63079
vn -0.98262 -0.00389 0.18561
vn -0.96055 -0.0139 0.27774
vn -0.95752 -0.00225 0.28836
vn -0.27374 0.0024 -0.9618
vn -0.93399 -0.0077 0.35722
vn 0.39949 -0.9042 0.15112
vn 0.39612 -0.90544 0.15253
vn 0.39564 -0.90562 0.15273
vn -0.945 0.19952 0.25917
vn -0.94558 0.1957 0.25997
vn -0.95773 0.02842 0.28625
vn -0.95772 0.02808 0.28634
vn -0.37471 0.91618 -0.14213
vn -0.37096 0.91747 -0.14366
vn -0.37156 0.91727 -0.14341
vn -0.99909 4E-05 0.04273
vn -0.9991 -0 0.04237
vn -0.99818 0.00025 0.06024
vn -1 -0.00096 -3E-05
vn -1 -0.00088 -1E-05
vn -1 -0.00086 -1E-05
vn -0.98212 0.00047 0.18826
vn -0.12206 -0.0017 0.99252
vn -0.95648 -3E-05 0.2918
vn -0.12242 0.9646 -0.23357
vn -0.03947 0.965 -0.25926
vn -0.10142 0.96539 -0.24027
vn -0.24884 0.94965 -0.19037
vn -0.2459 0.9502 -0.19144
vn -0.95653 0.00879 0.29151
vn -0.95637 0.00668 0.29207
vn -0.95718 0.01858 0.28891
vn -0.95697 0.01523 0.2898
vn 0.10867 -0.9602 0.25732
vn 0.04262 -0.95979 0.27746
vn 0.13201 -0.95924 0.24987
vn 0.26254 -0.94292 0.20487
vn 0.26749 -0.94192 0.20305
vn -0.33669 0.92839 -0.1573
vn -0.34132 0.927 -0.15548
vn -0.95761 0.02611 0.28688
vn -0.95747 0.02361 0.28755
vn 0.36383 -0.91659 0.16582
vn 0.36019 -0.91776 0.16729
vn -0.96098 -0.0007 0.2766
vn -0.97192 -0.00068 0.23532
vn -0.95376 -0.00071 0.30055
vn -0.95078 -0.00353 0.30983
vn -0.95073 -0.00363 0.31001
vn -0.95352 -0.00646 0.30127
vn -0.95439 -0.00664 0.2985
vn -0.95776 -0.00501 0.28751
vn -0.9578 -0.0045 0.2874
vn -0.95881 -0.00173 0.28404
vn -0.95799 -0.00246 0.2868
vn -0.96075 -0 0.27743
vn -0.94791 -0.00157 0.31853
vn -0.9345 -0.13616 0.32888
vn -0.88309 -0.24217 0.40189
vn -0.87054 -0.31207 0.38048
vn -1 -0.00105 -1E-05
vn -1 -0.00105 -4E-05
vn -0.99811 0.00073 0.06141
vn -1 -0.00106 1E-05
vn 0.0005 -0.48117 -0.87663
vn 0.0005 -0.48117 -0.87663
vn 0.001 -0.96328 -0.26851
vn 0.001 -0.96328 -0.26851
vn -1 -0.00105 -5E-05
vn -1 -0.00106 1E-05
vn -1 -0.00106 0
vn 0.00047 -0.44649 0.89479
vn 0.00047 -0.44649 0.89479
vn -0.00044 0.42039 0.90734
vn -0.00044 0.42041 0.90734
vn 0.00104 -0.99973 0.02311
vn 0.00098 -0.9447 0.32793
vn 0.00098 -0.9447 0.32793
vn -1 -0.00105 -1E-05
vn -1 -0.00104 2E-05
vn -1 -0.00105 2E-05
vn -1 -0.00105 -2E-05
vn -1 -0.00105 -2E-05
vn -1 -0.00105 -3E-05
vn -1 -0.00105 -1E-05
vn -0.00099 0.94903 -0.31518
vn -0.00099 0.94903 -0.3152
vn -0.00044 0.42324 -0.90602
vn -0.00044 0.42326 -0.90601
vn -0.00097 0.92895 0.37021
vn -0.00097 0.92895 0.37021
vn -0.00104 0.99846 0.0554
vn -1 -0.00106 -1E-05
vn -1 -0.00106 1E-05
vn -0.00099 0.94087 -0.33878
vn -0.00094 0.89775 -0.44051
vn -0.00047 0.43665 -0.89963
vn -0.00047 0.43665 -0.89963
vn 0.00041 -0.41018 -0.91201
vn 0.00041 -0.41018 -0.912
vn 0.0009 -0.8743 -0.48539
vn 0.00096 -0.92424 -0.3818
vn -1 -0.00106 4E-05
vn -1 -0.00106 4E-05
vn -1 -0.00106 4E-05
vn -1 -0.00106 3E-05
vn -1 -0.00106 5E-05
vn -1 -0.00106 1E-05
vn -1 -0.00106 1E-05
vn -1 -0.00106 -1E-05
vn 0.00104 -0.99832 -0.05797
vn -0.00104 0.99971 -0.02418
vn 2E-05 0 1
vn -0.00047 0.43665 -0.89963
vn 0.00041 -0.41019 -0.912
vn 2E-05 0 1
vn 1 0.00106 1E-05
vn 0.00077 -0.74817 -0.6635
vn -0.00083 0.78565 -0.61867
vn 1 -0.00096 0
vn 1 -0.00106 0
vn 1 -0.00106 1E-05
vn 1 -0.00096 -1E-05
vn 1 -0.00106 1E-05
vn 1 -0.00106 1E-05
vn 0.99921 -0.0008 0.03976
vn 1 -0.00105 2E-05
vn 0.98671 0.00347 0.16248
vn 0.98164 0.00033 0.19073
vn 0.95647 -7E-05 0.29182
vn 0.95787 0.00205 0.28719
vn 0.96086 -0.05573 0.27139
vn 0.96752 -0.08117 0.2394
vn 0.96649 -0.06923 0.2472
vn 0.96134 -0.05818 0.26915
vn 0.94372 -0.0278 0.32958
vn 0.95837 0.00835 0.2854
vn 0.9407 -0.01466 0.33892
vn 0.95416 -0.03287 0.29748
vn 0.96091 -0.0173 0.27633
vn 0.95267 -0.01816 0.30346
vn 0.95335 -0.01805 0.30132
vn 0.96081 -0.01712 0.27668
vn 0.95696 0.0016 0.29022
vn 0.96126 0.01652 0.27516
vn 0.96136 0.01805 0.2747
vn 0.95063 -0.0096 0.31019
vn 0.94496 -0.00089 0.3272
vn 0.94328 -0.0012 0.33198
vn 0.88808 -0.21037 0.40874
vn 0.87362 -0.21613 0.43597
vn 0.89692 -0.20503 0.39178
vn 0.86919 -0.21739 0.44414
vn 0.95751 0.01957 0.28775
vn 0.94721 0.00606 0.32055
vn 0.91222 -0.22397 0.34307
vn 0.91171 -0.22293 0.34508
vn -0.00274 -0.99979 -0.02007
vn -0.00188 -0.99973 -0.02301
vn 0.23591 -0.49286 -0.83752
vn 0.2356 -0.49484 -0.83644
vn 0.96268 0.01295 0.27034
vn 0.91347 0.2273 0.33749
vn 0.88398 0.16016 0.43924
vn 0.62919 0.2316 0.74195
vn 0.78716 0.59757 0.15262
vn 0.33983 -0.92724 0.15729
vn 0.34514 -0.92288 0.1708
vn 0.34514 -0.9229 0.17068
vn 0.34081 -0.92683 0.15761
vn -0.20171 0.64668 0.73561
vn -0.2706 0.11627 0.95564
vn -0.27085 0.11035 0.95628
vn -0.20434 0.63568 0.74442
vn 0.50796 0.72768 -0.46094
vn 0.5004 0.73512 -0.45739
vn 0.49994 0.73557 -0.45717
vn 0.02763 0.99807 -0.05557
vn -0.0378 0.98407 0.17373
vn -0.03432 0.98626 0.1616
vn 0.02762 0.99807 -0.05554
vn 0.45848 -0.88803 -0.03457
vn 0.44779 -0.89406 -0.01153
vn 0.27374 0.00224 -0.9618
vn 0.94019 0.18107 0.28854
vn 0.92679 0.14897 0.34477
vn 0.92931 0.15659 0.33446
vn 0.94098 0.18223 0.28522
vn 0.529 -0.06904 -0.84581
vn 0.5062 -0.00091 -0.86241
vn 0.521 -0.04419 -0.85241
vn 0.99211 0.04338 0.11765
vn 0.98836 0.06629 0.13691
vn 0.97061 0.13689 0.19792
vn 0.96064 0.1653 0.22325
vn 0.89735 0.06002 0.43722
vn 0.87833 -0.05237 0.47517
vn 0.89545 -0.01675 0.44485
vn 0.87932 0.01654 0.47594
vn 0.1267 0.90727 -0.40101
vn 0.12681 0.90708 -0.40141
vn 0.26006 0.36971 -0.89201
vn 0.25943 0.37631 -0.88943
vn 0.02736 0.99813 -0.05461
vn 0.9592 -0.12064 0.25571
vn 0.48059 0.78062 -0.39958
vn 0.46003 0.81857 -0.34397
vn 0.4648 0.81315 -0.35036
vn 0.48377 0.77136 -0.41347
vn 0.91138 0.09978 0.39928
vn 0.91614 0.11507 0.38399
vn -0.16297 -0.82689 0.53823
vn -0.14651 -0.86562 0.47879
vn -0.1462 -0.8663 0.47766
vn -0.16266 -0.82767 0.53713
vn -0.1717 -0.80361 0.56985
vn -0.17162 -0.80382 0.56958
vn -0.26881 -0.23181 0.93488
vn -0.21446 -0.65297 0.72638
vn -0.21661 -0.64329 0.73434
vn -0.26856 -0.23626 0.93384
vn 0.22838 -0.35185 0.90777
vn 0.32963 -0.78778 0.52033
vn 0.33573 -0.83193 0.44178
vn 0.21246 -0.29536 0.93146
vn 0.98116 -0.0688 0.18054
vn 0.90972 -0.17313 0.3774
vn 0.93007 -0.08149 0.35824
vn 0.99666 0.00041 0.08166
vn 0.99667 0.00048 0.0815
vn 0.98707 0.00162 0.16026
vn 0.9896 0.00133 0.14384
vn 0.60761 -0.4826 -0.63079
vn 0.60639 -0.56955 -0.55489
vn 0.98262 -0.00389 0.18561
vn 0.96055 -0.0139 0.27774
vn 0.95752 -0.00225 0.28836
vn 0.27374 0.0024 -0.9618
vn 0.945 0.19951 0.25917
vn 0.94558 0.1957 0.25997
vn -0.39564 -0.90562 0.15273
vn -0.39612 -0.90544 0.15253
vn -0.39949 -0.90419 0.15112
vn 0.95772 0.02809 0.28634
vn 0.95773 0.02842 0.28625
vn 0.11859 -0.00167 0.99294
vn 0.37156 0.91727 -0.14342
vn 0.37096 0.91747 -0.14366
vn 0.37471 0.91618 -0.14213
vn 0.9991 -0 0.04237
vn 0.99909 4E-05 0.04273
vn 0.99818 0.00025 0.06024
vn 1 -0.00088 -1E-05
vn 1 -0.00096 -3E-05
vn 1 -0.00086 -1E-05
vn 0.98212 0.00047 0.18826
vn 0.12206 -0.0017 0.99252
vn 0.95648 -3E-05 0.2918
vn 0.03947 0.965 -0.25926
vn 0.12242 0.9646 -0.23356
vn 0.10142 0.96539 -0.24026
vn 0.24884 0.94965 -0.19037
vn 0.2459 0.9502 -0.19143
vn 0.95653 0.00879 0.29151
vn 0.95637 0.00668 0.29207
vn 0.95718 0.01858 0.28891
vn 0.95697 0.01524 0.2898
vn -0.04261 -0.95979 0.27746
vn -0.10867 -0.9602 0.25732
vn -0.13201 -0.95924 0.24987
vn -0.26254 -0.94292 0.20487
vn -0.26749 -0.94192 0.20305
vn 0.33668 0.92839 -0.1573
vn 0.34132 0.927 -0.15548
vn 0.95761 0.02611 0.28687
vn 0.95747 0.02361 0.28755
vn -0.36383 -0.91659 0.16582
vn -0.3602 -0.91776 0.16729
vn 0.97192 -0.00068 0.23532
vn 0.96098 -0.0007 0.2766
vn 0.95376 -0.00071 0.30056
vn 0.95073 -0.00363 0.31001
vn 0.95078 -0.00353 0.30983
vn 0.95439 -0.00664 0.2985
vn 0.95352 -0.00646 0.30127
vn 0.9578 -0.0045 0.2874
vn 0.95776 -0.00501 0.28751
vn 0.95799 -0.00246 0.2868
vn 0.95881 -0.00173 0.28404
vn 0.96075 -0 0.27743
vn 0.95551 0.00684 0.29489
vn 0.95272 0.0103 0.30367
vn 0.94791 -0.00158 0.31853
vn 0.93843 -0.10736 0.32836
vn 0.9345 -0.13616 0.32888
vn 0.88309 -0.24217 0.40189
vn 0.87054 -0.31207 0.38048
vn 0.87357 -0.26861 0.40586
vn 0.86845 -0.33147 0.36869
vn 1 -0.00105 -1E-05
vn 1 -0.00105 -4E-05
vn 0.99811 0.00073 0.06141
vn 1 -0.00106 1E-05
vn -0.001 -0.96328 -0.26851
vn -0.0005 -0.48117 -0.87663
vn -0.0005 -0.48117 -0.87663
vn -0.001 -0.96328 -0.26851
vn 1 -0.00105 -5E-05
vn 1 -0.00106 1E-05
vn 1 -0.00106 0
vn 0.00044 0.42039 0.90734
vn -0.00047 -0.44649 0.89479
vn -0.00047 -0.44649 0.89479
vn 0.00044 0.4204 0.90734
vn -0.00098 -0.9447 0.32793
vn -0.00104 -0.99973 0.02311
vn -0.00098 -0.9447 0.32792
vn 1 -0.00106 -1E-05
vn 1 -0.00106 2E-05
vn 1 -0.00107 2E-05
vn 1 -0.00105 -3E-05
vn 1 -0.00105 -2E-05
vn 1 -0.00105 -2E-05
vn 1 -0.00105 -1E-05
vn 0.00044 0.42324 -0.90602
vn 0.00099 0.94903 -0.3152
vn 0.00099 0.94903 -0.31518
vn 0.00044 0.42326 -0.90601
vn 0.00097 0.92895 0.37021
vn 0.00097 0.92895 0.37021
vn 0.00104 0.99846 0.0554
vn 1 -0.00106 -1E-05
vn 1 -0.00106 1E-05
vn 0.00047 0.43665 -0.89963
vn 0.00094 0.89775 -0.44051
vn 0.00099 0.94087 -0.33878
vn 0.00047 0.43665 -0.89963
vn -0.0009 -0.8743 -0.48539
vn -0.00041 -0.41018 -0.912
vn -0.00041 -0.41018 -0.91201
vn -0.00096 -0.92424 -0.3818
vn 1 -0.00106 4E-05
vn 1 -0.00106 4E-05
vn 1 -0.00106 4E-05
vn 1 -0.00106 3E-05
vn 1 -0.00106 1E-05
vn 1 -0.00106 1E-05
vn 1 -0.00106 5E-05
vn 1 -0.00106 -1E-05
vn -0.00104 -0.99832 -0.05797
vn 0.00104 0.99971 -0.02418
vn -2E-05 0 1
vn -0.00041 -0.41019 -0.912
vn 0.00047 0.43665 -0.89963
vn -1 0.00106 1E-05
vn -0.00077 -0.74817 -0.6635
vn 0.00083 0.78565 -0.61867
vn -0 -0.99544 0.09538
vn -0 -0.99572 0.09239
vn 0 -0.99918 0.04045
vn 0 0.99808 -0.06202
vn 0 0.99807 -0.06218
vn 0 0.99807 -0.06213
vn 0 0.99859 -0.05317
vn 0 0.99871 -0.05087
vn 0 0.99959 -0.02876
vn 0 0.99957 -0.02938
vn 0 0.99983 -0.01842
vn 0 0.99995 -0.01027
vn 0 -0.18363 0.983
vn 0 -0.10181 0.9948
vn 0 0.99805 -0.06247
vn 0 0.99805 -0.06244
vn 0 0.99805 -0.06239
vn 0 0.99805 -0.06244
vn 0 0.99871 -0.05087
vn 0 0.99859 -0.05317
vn 0 0.99983 -0.01842
vn 0 -0.9998 0.02023
vn 0 0.99995 -0.01027
vn 0 -0.99572 0.09239
vn 0 -0.95247 0.30464
vn 0 -0.94 0.34117
vn 0 -0.48838 0.87263
vn 0 -0.85175 0.52395
vn 0 0.99805 -0.06244
vn 0 0.99805 -0.06247
vn 0 -0.47441 0.88031
vn 0 -0.82245 0.56883
vn 0 0.99805 -0.06239
vn 0 -0.46066 0.88758
vn 0 -0.80903 0.58777
vn 0 -0.59795 0.80153
vn 0 -0.32827 0.94458
vn -0 -0.94 0.34117
vn -0 -0.85175 0.52395
vn -0 -0.48838 0.87263
vn 0 -0.82245 0.56884
vn 0 -0.46066 0.88758
vn 0 -0.32827 0.94458
vn 0 -0.59795 0.80153
vn -0.0145 0.98962 -0.14295
vn -0.00023 0.88086 -0.47339
vn -0.19044 0.83949 -0.50891
vn 0.03032 0.91127 -0.41069
vn -0.14811 0.86066 -0.48716
vn 0.01183 0.98837 -0.15162
vn 0.17274 0.98382 0.04747
vn -0.16836 -0.31 0.93571
vn -0.14295 -0.22421 0.964
vn -0.34428 -0.36369 0.86556
vn 0.10421 -0.4024 0.90951
vn 0.47741 -0.28754 0.8303
vn 0.07321 -0.21336 0.97423
vn 0.04963 -0.32045 0.94597
vn 0.31839 -0.89727 -0.30584
vn 0.08807 -0.24818 -0.9647
vn 0.0611 -0.37931 -0.92325
vn 0.16427 -0.92119 -0.35273
vn 0.72364 -0.64224 -0.25275
vn 0.51559 -0.3277 -0.79169
vn 0.89295 -0.34345 -0.291
vn 0.91941 -0.35362 -0.17219
vn 0.18423 -0.92996 -0.31818
vn 0.12054 -0.48576 -0.86574
vn -0.50637 -0.81178 -0.29085
vn -0.37492 -0.42999 -0.82131
vn -0.83071 -0.50346 -0.23758
vn -0.78302 -0.47456 -0.40209
vn -0.46746 -0.82598 -0.315
vn -0.20782 -0.3824 -0.90032
vn -0.16959 -0.2657 -0.94902
vn -0.51865 -0.81255 -0.26603
vn -0.45177 -0.7963 0.40226
vn -0.50828 -0.79662 0.32718
vn -0.01693 -0 0.99986
vn -0.01083 -0.34995 0.93671
vn -0.04963 -0.32045 0.94597
vn -0.92457 -0.25739 -0.28092
vn -0.92837 -0.32869 -0.17348
vn -0.99656 0.00061 -0.08286
vn -0.41092 -0.38035 -0.82854
vn -0.6126 -0.73872 -0.28108
vn 0.01693 0 0.99986
vn 0.01536 0.40862 0.91257
vn -0.00013 0.40895 0.91256
vn 0.11968 0.98687 -0.1085
vn -0.00027 0.95603 0.29328
vn -0.00017 0.95658 0.29148
vn 0.1073 0.93451 0.33938
vn 0.26943 0.95396 -0.13179
vn 0.30384 0.88214 0.35987
vn 0.41373 0.84641 0.33529
vn 0.36718 0.90283 0.22379
vn -0.00181 -0.91115 0.41206
vn -0.15715 -0.8916 0.42467
vn 0.09331 -0.89272 0.44084
vn 0.09221 -0.89542 0.43556
vn 0.08541 -0.91129 0.40281
vn 0.08809 -0.90522 0.41571
vn 8E-05 0.88012 -0.47476
vn 2E-05 0.87938 -0.47611
vn 0.18504 0.86065 -0.47438
vn 0.16976 0.89846 -0.40491
vn 0.00392 0.90821 -0.4185
vn -0.03826 0.94307 -0.33038
vn -0.01739 0.81619 -0.57752
vn -0.1088 0.78389 -0.61129
vn -0.13187 0.93098 -0.34043
vn -0.00135 0.30501 -0.95235
vn 0.00098 0.33707 -0.94148
vn -0.11692 0.90113 -0.41748
vn -0.01423 0.98814 -0.15288
vn 0.28136 -0.38117 -0.88065
vn 0.00022 0.35411 -0.9352
vn 0.29312 0.32402 -0.8995
vn 0.03375 0.87739 -0.47859
vn 0.0145 0.98962 -0.14295
vn 0.00022 0.88083 -0.47343
vn -0.99929 -0.00512 -0.03745
vn -0.99973 -0.02333 -0.00205
vn -0.27507 0.95089 -0.14195
vn -0.0315 0.87432 -0.48433
vn -0.00391 0.90358 -0.4284
vn -0.91692 0.34415 0.20207
vn -0.93574 0.30238 -0.18153
vn -0.99957 -0.02878 -0.00537
vn -0.95157 -0.02958 0.306
vn -0.08196 0.00891 -0.9966
vn -0.09377 0.30324 -0.94829
vn -0.15295 -0.90725 -0.3918
vn -0.16427 -0.92119 -0.35273
vn -0.9005 -0.26586 0.34411
vn -0.87548 -0.02121 0.48279
vn -0.8107 -0.48691 0.3251
vn -0.49378 -0.79115 0.36092
vn 0.17897 -0.90434 0.38749
vn 0.70462 -0.63074 0.32508
vn 0.9041 -0.35319 0.24053
vn 0.30822 -0.87918 0.36338
vn 0.15715 -0.8916 0.42467
vn -0.58915 -0.72205 0.3627
vn 0.2259 0.5057 0.83261
vn 0.17698 0.39622 0.90094
vn -0.08809 -0.90522 0.41571
vn -0.07548 -0.93181 0.35502
vn -0.08541 -0.91129 0.40281
vn -0.41118 -0.24882 0.87694
vn -0.72967 -0.43505 0.52755
vn 0.85503 -0.33778 0.39347
vn -0.00014 0.95695 0.29024
vn 0.01083 -0.34995 0.93671
vn 0.00181 -0.91115 0.41206
vn 0.0019 -0.90625 0.42273
vn 0.01082 -0.34492 0.93857
vn -0.92835 0.31861 -0.19146
vn -0.99834 -0.00332 -0.05743
vn 0.98842 0.07596 -0.1314
vn 0.66724 0.332 -0.66676
vn 0.90713 0.36517 -0.20919
vn 0.99262 0.04915 -0.11088
vn 7E-05 0.35257 -0.93579
vn 2E-05 0.35115 -0.93632
vn 0.06576 0.30536 -0.94996
vn 0.10756 0.40542 -0.90778
vn 0.00108 0.3661 -0.93057
vn -0.10375 -0.00208 0.9946
vn -0.00623 0.95641 0.29198
vn 0.00014 0.95692 0.29036
vn 0.00134 0.30543 -0.95221
vn 0.41092 -0.38035 -0.82854
vn 0.20782 -0.3824 -0.90032
vn -0.00098 0.33739 -0.94137
vn -0.00017 0.40786 0.91304
vn -0.00027 0.40611 0.91382
vn 0.03392 0.37664 0.92574
vn 0.10882 0.35166 0.92978
vn 0.18071 0.36868 0.91182
vn -0.3218 -0.00947 0.94676
vn -0.41166 0.40366 0.81707
vn -0.18848 0.86055 -0.47321
vn -0.18591 0.89522 -0.40499
vn -0.4134 0.84919 -0.32861
vn -0.34167 0.79991 -0.49336
vn 0.14954 0.86232 -0.48377
vn -0.12701 0.99085 0.04573
vn 0.5062 0.8541 0.11952
vn 0.61293 0.77884 -0.13314
vn -0.90766 0.36407 -0.20884
vn -0.99262 0.04916 -0.11087
vn -0.50843 0.82835 -0.23522
vn -0.44377 0.77842 -0.44399
vn -0.43615 0.81077 -0.39042
vn 0.08196 0.00891 -0.9966
vn 0.09371 0.30377 -0.94813
vn 0.204 0.02217 -0.97872
vn 0.07061 -0.94079 0.33154
vn 0.06882 -0.94391 0.32295
vn 0.08066 -0.9215 0.37992
vn 0.08267 -0.91726 0.38961
vn 0.06452 -0.95105 0.30224
vn -0.11162 0.9151 0.38747
vn 0.15295 -0.90725 -0.3918
vn -0.02859 0.91207 -0.40903
vn 0.14295 -0.22421 0.964
vn 0.16836 -0.31 0.93571
vn 0.34428 -0.36369 0.86556
vn -0.10421 -0.4024 0.90951
vn -0.47741 -0.28754 0.8303
vn -0.07321 -0.21336 0.97423
vn -0.0611 -0.37931 -0.92325
vn -0.08806 -0.24818 -0.9647
vn -0.31839 -0.89727 -0.30584
vn -0.89295 -0.34344 -0.291
vn -0.51559 -0.3277 -0.79169
vn -0.72364 -0.64224 -0.25275
vn -0.91941 -0.35362 -0.17219
vn -0.12054 -0.48576 -0.86574
vn -0.18423 -0.92996 -0.31818
vn 0.37492 -0.42999 -0.82131
vn 0.50637 -0.81178 -0.29085
vn 0.78302 -0.47456 -0.40209
vn 0.83071 -0.50346 -0.23758
vn 0.1696 -0.2657 -0.94902
vn 0.46746 -0.82598 -0.315
vn 0.51865 -0.81255 -0.26603
vn 0.50828 -0.79662 0.32718
vn 0.45177 -0.79629 0.40226
vn 0.92457 -0.25739 -0.28092
vn 0.99656 0.00061 -0.08286
vn 0.92837 -0.32869 -0.17348
vn 0.6126 -0.73872 -0.28108
vn -0.01535 0.40856 0.9126
vn 0.00014 0.40883 0.91261
vn -0.12196 0.98699 -0.10473
vn 0.00018 0.95652 0.29165
vn 0.00028 0.95596 0.29351
vn -0.10987 0.93186 0.34577
vn -0.2967 0.88347 0.36256
vn -0.41524 0.84955 0.32532
vn -0.3696 0.90163 0.22465
vn -0.66749 0.33142 -0.6668
vn -0.98842 0.07596 -0.13139
vn -0.09221 -0.89543 0.43556
vn -0.0933 -0.89272 0.44084
vn -2E-05 0.87943 -0.47603
vn -8E-05 0.88015 -0.47469
vn -0.18553 0.86048 -0.47451
vn -0.17343 0.89527 -0.41039
vn 0.10871 0.78428 -0.6108
vn 0.01843 0.81489 -0.57932
vn 0.04058 0.94212 -0.33281
vn 0.13187 0.93098 -0.34043
vn -0.00023 0.35416 -0.93519
vn -0.28136 -0.38117 -0.88065
vn -0.29313 0.32403 -0.89949
vn 0.99929 -0.00511 -0.03745
vn 0.99973 -0.02333 -0.00205
vn 0.01423 0.98814 -0.15288
vn 0.11692 0.90113 -0.41749
vn 0.99957 -0.02878 -0.00537
vn 0.9349 0.30431 -0.18264
vn 0.92546 0.28226 0.25268
vn 0.95157 -0.02958 0.306
vn 0.9005 -0.26586 0.34411
vn 0.87548 -0.02121 0.48279
vn 0.8107 -0.48691 0.32511
vn 0.49378 -0.79115 0.36092
vn -0.17897 -0.90434 0.38749
vn -0.70462 -0.63074 0.32508
vn -0.9041 -0.35319 0.24054
vn -0.30822 -0.87918 0.36338
vn 0.58915 -0.72205 0.3627
vn -0.15905 0.54281 0.82466
vn -0.17769 0.39821 0.89992
vn -0.01082 -0.34492 0.93857
vn -0.0019 -0.90625 0.42273
vn 0.41118 -0.24882 0.87694
vn 0.72967 -0.43505 0.52755
vn -0.85503 -0.33778 0.39347
vn 0.92771 0.32008 -0.19212
vn 0.99834 -0.00333 -0.05743
vn -8E-05 0.35264 -0.93576
vn -2E-05 0.35124 -0.93628
vn -0.06579 0.30546 -0.94993
vn -0.1076 0.4056 -0.9077
vn -0.00109 0.36636 -0.93047
vn 0.10375 -0.00207 0.9946
vn 0.00018 0.4077 0.91312
vn 0.00028 0.40589 0.91392
vn -0.03388 0.37635 0.92586
vn -0.10869 0.35132 0.92992
vn -0.18045 0.36819 0.91207
vn 0.3218 -0.00947 0.94676
vn 0.2182 0.52326 0.82377
vn 0.18848 0.86055 -0.47321
vn 0.18591 0.89522 -0.40499
vn 0.41219 0.84975 -0.32868
vn 0.34083 0.8005 -0.49298
vn 0.44143 0.77942 -0.44456
vn 0.43444 0.81156 -0.39069
vn -0.01552 0.4132 0.91051
vn -0.08066 -0.9215 0.37992
vn -0.06882 -0.94391 0.32295
vn -0.07061 -0.94079 0.33154
vn -0.08267 -0.91726 0.38961
vn -0.06452 -0.95105 0.30223
vn -0.08262 -0.95309 -0.29121
vn 0.08262 -0.95309 -0.29121
vn 0.30798 -0.42749 -0.84994
vn -0.30798 -0.42749 -0.84994
vn 0.32497 0.36213 -0.87365
vn 0.00611 0.95994 0.28013
vn -0.00611 0.95994 0.28015
vn 0.00624 0.95643 0.29191
vn 0.01552 0.41322 0.9105
vn -0.32497 0.36213 -0.87364
vn 0.19043 0.83948 -0.50893
vn -0.204 0.02217 -0.97872
vn 0 0.17364 -0.98481
vn 0 0.46972 -0.88281
vn -0.0513 0.45392 -0.88957
vn -0.00988 0.17166 -0.98511
vn -0.91837 0.15775 -0.36291
vn -0.95433 0.06097 -0.29248
vn -0.86442 0.00278 0.50277
vn -0.91586 0.1238 0.38195
vn -0.80855 0.44503 0.38496
vn -0.81107 0.44431 -0.38046
vn -0.47831 0.77793 0.4075
vn -0.49181 0.78811 -0.37014
vn -0.11223 0.32173 0.94016
vn 0.21918 0.8807 0.41991
vn 0.50422 0.7571 0.4154
vn 0.19364 0.32313 0.92633
vn 0.21423 0.39698 -0.89248
vn 0.13152 0.43341 -0.89155
vn 0.01533 0.1588 -0.98719
vn 0.02391 0.12854 -0.99142
vn -0.38965 0.04095 0.92005
vn -0.32548 -0.00605 0.94553
vn -0.04834 0.36017 0.93163
vn -0.19949 0.32945 0.92286
vn -0.35295 0.18636 0.91689
vn -0.40328 0.26651 -0.87541
vn -0.45025 0.16596 -0.87735
vn -0.26784 0.382 -0.8845
vn -0.42986 0.13624 -0.89256
vn 0.00015 0.43847 -0.89874
vn -0.08169 0.45647 -0.88598
vn -0.13483 0.9209 -0.36574
vn 6E-05 0.93128 -0.36432
vn 0 -0.86016 -0.51003
vn 0 -0.86016 -0.51003
vn -0 -0.86016 -0.51003
vn 0.45437 0.79186 0.40805
vn 0.23367 0.34705 0.90827
vn -0 -0.86016 -0.51003
vn -0 -0.86016 -0.51003
vn 0 0.32247 0.94658
vn 0 -0.01491 0.99989
vn 0.19034 -0.01315 0.98163
vn 0.17345 0.2942 0.93987
vn 0.00018 0.43836 -0.8988
vn 0.00019 0.43839 -0.89879
vn 0.01705 0.93259 -0.36052
vn 0.02094 0.93564 -0.35234
vn -0.00015 0.43847 -0.89874
vn -6E-05 0.93128 -0.36432
vn 0.13483 0.9209 -0.36574
vn 0.08169 0.45647 -0.88598
vn 0.03793 0.87399 0.48446
vn 0 0.90102 0.43378
vn -0.00016 0.43843 -0.89877
vn -0.00019 0.43839 -0.89879
vn -0.01705 0.93259 -0.36052
vn -0.00408 0.93146 -0.36383
vn 0.00016 0.43843 -0.89877
vn 0.00408 0.93146 -0.36383
vn -0.12213 0.89694 0.42496
vn -0 0.8995 0.43693
vn 0.31639 0.88547 -0.34036
vn 0.21132 0.90322 -0.37354
vn 0.10376 0.43633 -0.89379
vn -0.35408 0.25361 0.90017
vn -0.077 0.84165 0.5345
vn 0.5299 0.79015 -0.30802
vn -0 0.33939 0.94065
vn 0.01891 0.16983 -0.98529
vn 5E-05 0.9384 -0.34555
vn 0.00016 0.50545 -0.86286
vn 0.00018 0.43828 -0.89884
vn 0.00797 0.93871 -0.34462
vn 0.00024 0.11737 -0.99309
vn 0.11193 0.9187 0.37877
vn -0 0.88749 0.46082
vn -0.47005 0.82909 -0.30275
vn -0.26661 0.42753 -0.86379
vn -0.24457 0.40239 -0.88219
vn -0.5299 0.79015 -0.30802
vn 0 -0.00871 0.99996
vn -0.34303 0.34489 0.87372
vn 0.00205 -0.01263 0.99992
vn -0.38839 -0.00838 0.92146
vn -0.45437 0.79186 0.40805
vn -0.50422 0.7571 0.4154
vn -0.19364 0.32313 0.92633
vn -0.23367 0.34705 0.90827
vn 0.00018 0.11732 -0.99309
vn -0.07838 0.37161 0.92507
vn -0.11193 0.9187 0.37877
vn 0 0.88749 0.46083
vn 0.47005 0.82909 -0.30275
vn 0.34303 0.34489 0.87372
vn -0.2191 -0.01176 0.97563
vn 0.07838 0.37161 0.92507
vn 0 -0.86016 -0.51003
vn 0 -0.86016 -0.51003
vn 0 -0.86016 -0.51003
vn 0.00021 0.11736 -0.99309
vn 0.30856 0.00359 0.9512
vn 0.30394 0.31761 0.89819
vn 0.78625 0.23708 0.57061
vn 0.34779 0.8752 0.33626
vn 0.19385 0.85457 0.4818
vn 0.49181 0.78811 -0.37014
vn 0.26784 0.382 -0.8845
vn 0.7641 0.01843 0.64484
vn 0.83928 0.0094 0.54362
vn 0.74179 0.26299 0.61691
vn 0.47314 0.80876 0.34934
vn 0.04834 0.36017 0.93163
vn 0.19949 0.32945 0.92286
vn 0.47831 0.77793 0.4075
vn 0.12213 0.89693 0.42496
vn 0.00026 0.11737 -0.99309
vn 0.00026 0.11737 -0.99309
vn -0 -0.86016 -0.51003
vn 0.38839 -0.00838 0.92146
vn 0.86442 0.00278 0.50277
vn 0.95433 0.06097 -0.29248
vn 0.91837 0.15775 -0.36291
vn 0.91586 0.1238 0.38195
vn 0.81107 0.44431 -0.38046
vn 0.80855 0.44503 0.38495
vn -0.37817 0.79848 0.46843
vn -0.11349 0.24229 0.96354
vn 0.27614 0.42014 -0.86443
vn 0.1721 0.41804 -0.89198
vn 0.32548 -0.00605 0.94553
vn 0.38965 0.04095 0.92005
vn 0.35295 0.18636 0.91689
vn 0.45025 0.16596 -0.87735
vn 0.40328 0.26651 -0.87541
vn 0.42986 0.13624 -0.89256
vn -0 -0.86016 -0.51003
vn -0 -0.86016 -0.51003
vn 0 -0.86016 -0.51003
vn -0.00019 0.43836 -0.8988
vn -0.02094 0.93564 -0.35234
vn 0 0.93002 -0.36751
vn -0.10943 0.92146 -0.37273
vn 0 0.8995 0.43693
vn -0.21154 0.92286 -0.32184
vn -0.13648 0.42679 -0.89399
vn 0.32034 0.3799 0.86779
vn -0.03451 0.93634 0.3494
vn -0.40064 0.84572 -0.35247
vn 0 0.33939 0.94065
vn -0.00914 0.16921 -0.98554
vn 0.40182 -0.01053 0.91566
vn -0.00797 0.93871 -0.34462
vn -5E-05 0.9384 -0.34555
vn -0.00018 0.11732 -0.99309
vn -0.00221 0.43715 -0.89938
vn -0.08869 0.46431 -0.88122
vn -0.00021 0.11736 -0.99309
vn -0.30394 0.31761 0.89819
vn -0.30856 0.00359 0.9512
vn -0.78625 0.23708 0.57061
vn -0.34779 0.8752 0.33626
vn -0.19385 0.85457 0.4818
vn 0.34243 0.89356 -0.29034
vn -0.83928 0.0094 0.54362
vn -0.7641 0.01843 0.64484
vn -0.74179 0.26299 0.61692
vn -0.47314 0.80876 0.34934
vn 0.32836 0.85683 0.39751
vn -0.00026 0.11737 -0.99309
vn -0.00026 0.11737 -0.99309
vn 0 -0.86016 -0.51003
vn -0.00771 0.1212 -0.9926
vn -0.32837 0.85683 0.39751
vn -0.34243 0.89356 -0.29034
vn -0.40183 -0.01053 0.91566
vn 0.07548 -0.93181 0.35502
vn 0 -0.86016 -0.51003
vn 1 -0 -0
vn -1 0 0
vn 0 -0.58779 0.80902
vn 0 -0.30902 0.95106
vn 0 0.19522 -0.98076
vn 0 0.30902 0.95106
vn 0 0.58779 0.80902
vn 0 -0.06356 -0.99798
vn 0 0.19086 -0.98162
vn 0 -0.97865 -0.20552
vn 0 0.82445 0.56593
vn 0 0.93586 0.35237
vn 0 0.83577 -0.54907
vn 0 0.21324 -0.977
vn 0 -0.58978 0.80757
vn 0 -0.90889 0.41704
vn 0 0.40438 -0.91459
vn 0 -0.3808 -0.92466
vn 0 -0.58923 -0.80797
vn 0 -0.80902 -0.58779
vn 0 -0.58779 -0.80902
vn 0 0.94147 -0.33708
vn 0 0.98261 -0.18565
vn 0 -0.72196 0.69193
vn 0 -0.30902 0.95106
vn 0 0.95282 -0.30354
vn 0 0.98942 -0.14505
vn 0 0.78023 -0.62549
vn 0 -0.26783 -0.96347
vn 0 -0.73177 -0.68155
vn 0 0.56109 -0.82775
vn 0 0.26604 0.96396
vn 0 0.30902 -0.95106
vn 0 0.80902 -0.58779
vn 0 0.52663 0.85009
vn 0 0.58779 -0.80902
vn 0 -0.30902 -0.95106
vn 0 0.30902 -0.95106
vn 0 -0.76404 -0.64517
vn 0 -0.30329 0.9529
vn 0 -0.12206 0.99252
vn 0 0.53589 0.84429
vn 0 0.94973 0.31308
vn 0 0.87443 0.48515
vn 0 -0.30902 -0.95106
vn 0 0.97419 0.22571
vn 0 0.16449 0.98638
vn 0 -0.95106 -0.30902
vn 0 -0.58779 -0.80902
vn 0 -0.64486 0.7643
vn 0 0.01679 0.99986
vn 0 -0.98769 -0.15644
vn 0 -0.58779 -0.80902
vn 0 -0.73177 -0.68155
vn 0 -0.26783 -0.96347
vn 0 -0.72196 0.69193
vn -0.37453 0 -0.92722
vn -0.37453 -0.28653 -0.88183
vn -0.88627 -0.14313 -0.4405
vn -0.88627 -0 -0.46317
vn -0.06771 -0.57814 0.81313
vn -0.06824 -0.58923 0.80508
vn -0.06203 -0.30842 0.94922
vn -0.06203 -0.30842 0.94922
vn -0.37453 -0.75013 0.545
vn -0.37453 -0.545 0.75013
vn -0.88627 -0.27224 0.37471
vn -0.88627 -0.37471 0.27224
vn -0.99115 -0.10737 0.07801
vn -0.99115 -0.12622 0.04101
vn -0.88627 -0.4405 0.14313
vn -0.37453 0.28653 0.88184
vn -0.37453 0.545 0.75013
vn -0.88627 0.27224 0.37471
vn -0.88627 0.14313 0.4405
vn -0.99115 -0.04101 -0.12622
vn -0.99115 -0 -0.13271
vn -0.37453 -0.545 -0.75013
vn -0.88627 -0.27224 -0.37471
vn -0.88627 -0.46317 -0
vn -0.99115 -0.13271 -0
vn -0.99115 -0.12622 -0.04101
vn -0.88627 -0.4405 -0.14313
vn -0.37452 0 0.92722
vn -0.88627 0 0.46317
vn -0.99115 -0.10737 -0.07801
vn -0.88627 -0.37471 -0.27224
vn -0.37453 -0.92722 -0
vn -0.37453 -0.88184 0.28653
vn -0.99115 -0.07801 -0.10737
vn -0.37452 0.75013 0.545
vn -0.37452 0.88184 0.28653
vn -0.88627 0.4405 0.14313
vn -0.88627 0.37471 0.27224
vn -0.99115 -0.07801 0.10737
vn -0.37452 0.92722 -0
vn -0.37452 0.88184 -0.28653
vn -0.88627 0.4405 -0.14313
vn -0.88627 0.46317 -0
vn -0.99115 0.04101 -0.12622
vn -0.88627 0.14313 -0.4405
vn -0.37453 -0.75013 -0.545
vn -0.99115 0.07801 -0.10737
vn -0.88627 0.27224 -0.37471
vn -0.37453 -0.88184 -0.28653
vn -0.99115 0.10737 -0.07801
vn -0.88627 0.37471 -0.27224
vn -0.37452 0.75013 -0.545
vn -0.37453 0.545 -0.75013
vn -0.99115 0.12622 -0.04101
vn -0.37453 0.28653 -0.88184
vn 0.99115 0 0.13271
vn 0.99115 0.04101 0.12622
vn 0.88627 0.14313 0.4405
vn 0.88627 0 0.46317
vn -0.99115 0 0.13271
vn -0.99115 -0.04101 0.12622
vn -0.88627 -0.14313 0.4405
vn -0.37452 -0.28653 0.88184
vn -0.99115 0.12622 0.04101
vn -0.99115 0.10737 0.07801
vn -0.99115 0.13271 -0
vn 0.88627 -0.14313 -0.4405
vn 0.37453 -0.28653 -0.88183
vn 0.37453 0 -0.92722
vn 0.88627 0 -0.46317
vn -0.99115 0.07801 0.10737
vn -0.99115 0.04101 0.12622
vn -0.06203 -0.94922 0.30842
vn -0.06203 -0.99807 0
vn -0.06203 -0.99807 0
vn -0.1872 -0.79471 -0.5774
vn -0.1872 -0.79471 -0.5774
vn -0.1872 -0.93424 -0.30356
vn -0.1872 -0.93424 -0.30356
vn -0.06203 -0.58665 -0.80746
vn -0.06203 -0.30842 -0.94922
vn -0.06203 -0.58665 -0.80746
vn -0.1872 -0.98232 -0
vn -0.06203 0.58665 0.80746
vn -0.06203 0.30842 0.94922
vn -0.1872 -0.93424 0.30355
vn -0.1872 -0.79472 0.57739
vn -0.06203 -0 0.99807
vn -0.1872 -0.57739 0.79472
vn -0.1872 -0.5774 0.79471
vn -0.06203 0.30842 -0.94922
vn -0.06203 0.58665 -0.80746
vn -0.06203 0.58665 -0.80746
vn -0.1872 -0.30355 0.93424
vn -0.1872 -0.30355 0.93424
vn -0.1872 0.98232 -0
vn -0.1872 0.93424 -0.30355
vn -0.06203 0.99807 0
vn -0.06203 0.94922 0.30842
vn -0.06203 0.80746 -0.58665
vn -0.06203 0.94923 -0.30842
vn -0.06203 0.94922 -0.30842
vn -0.1872 0 0.98232
vn -0.06807 -0.80481 0.58961
vn -0.06802 -0.8056 0.58855
vn -0.1872 0.79471 -0.5774
vn -0.1872 0.79471 -0.5774
vn -0.06203 -0.94922 -0.30842
vn -0.06203 -0.80746 -0.58665
vn -0.06203 -0.80746 -0.58665
vn -0.1872 0.30356 0.93424
vn -0.1872 0.30356 0.93424
vn -0.06203 -0 -0.99807
vn -0.06203 0.80746 0.58665
vn -0.06203 0.80746 0.58665
vn -1 0 -0
vn -1 0 -0
vn -1 0 0
vn -1 -0 -0
vn -1 0 0
vn -1 -0 0
vn -0.1872 -0.57739 -0.79472
vn -0.1872 -0.57739 -0.79472
vn -0.18721 -0.30355 -0.93424
vn -0.18721 -0.30355 -0.93424
vn -0.1872 0.93424 0.30355
vn -0.18721 0 -0.98232
vn -0.18719 0.79472 0.57739
vn -0.18719 0.79472 0.57739
vn -0.18721 0.30355 -0.93424
vn -0.18721 0.30355 -0.93424
vn -0.18719 0.5774 0.79471
vn -0.18719 0.5774 0.79472
vn -0.1872 0.57739 -0.79472
vn -0.1872 0.57739 -0.79472
vn 0.37452 0.75013 -0.545
vn 0.37453 0.545 -0.75013
vn 0.37453 0.28653 0.88184
vn 0.37452 0.545 0.75013
vn 0.37453 0.28653 -0.88184
vn 0.37452 0.75013 0.545
vn 0.37453 -0.545 -0.75013
vn 0.37453 -0.75013 -0.545
vn 0.37453 -0.88184 -0.28653
vn 0.37453 -0.92722 -0
vn 0.37453 -0.88184 0.28653
vn 0.37453 -0.75013 0.545
vn 0.37453 -0.545 0.75013
vn 0.37452 0.88184 0.28653
vn 0.37452 -0.28653 0.88184
vn 0.37452 0 0.92722
vn 0.37452 0.88184 -0.28653
vn 0.37452 0.92722 -0
vn 0.06203 -0.30842 0.94922
vn 0.06824 -0.58923 0.80508
vn 0.06771 -0.57814 0.81313
vn 0.06203 -0.30842 0.94922
vn 0.88627 -0.27224 0.37471
vn 0.88627 -0.37471 0.27224
vn 0.99115 -0.12622 0.04101
vn 0.99115 -0.10737 0.07801
vn 0.88627 -0.4405 0.14313
vn 0.88627 0.27224 0.37471
vn 0.99115 0 -0.13271
vn 0.99115 -0.04101 -0.12622
vn 0.88627 -0.27224 -0.37471
vn 0.99115 -0.12622 -0.04101
vn 0.99115 -0.13271 -0
vn 0.88627 -0.46317 -0
vn 0.88627 -0.4405 -0.14313
vn 0.99115 -0.10737 -0.07801
vn 0.88627 -0.37471 -0.27224
vn 0.99115 -0.07801 -0.10737
vn 0.88627 0.4405 0.14313
vn 0.88627 0.37471 0.27224
vn 0.99115 -0.07801 0.10737
vn 0.88627 0.4405 -0.14313
vn 0.88627 0.46317 -0
vn 0.99115 0.04101 -0.12622
vn 0.88627 0.14313 -0.4405
vn 0.99115 0.07801 -0.10737
vn 0.88627 0.27224 -0.37471
vn 0.99115 0.10737 -0.07801
vn 0.88627 0.37471 -0.27224
vn 0.99115 0.12622 -0.04101
vn 0.99115 -0.04101 0.12622
vn 0.88627 -0.14313 0.4405
vn 0.99115 0.10737 0.07801
vn 0.99115 0.12622 0.04101
vn 0.99115 0.13271 -0
vn 0.99115 0.07801 0.10737
vn 0.06203 -0.99807 0
vn 0.06203 -0.94922 0.30842
vn 0.06203 -0.94922 0.30842
vn 0.1872 -0.93424 -0.30355
vn 0.1872 -0.79472 -0.57739
vn 0.1872 -0.93424 -0.30355
vn 0.06203 -0.30842 -0.94922
vn 0.06203 -0.58665 -0.80746
vn 0.1872 -0.98232 -0
vn 0.06203 0.30842 0.94922
vn 0.06203 0.58665 0.80746
vn 0.1872 -0.93424 0.30355
vn 0.1872 -0.79472 0.57739
vn 0.1872 -0.79472 0.57739
vn 0.06203 -0 0.99807
vn 0.1872 -0.57739 0.79472
vn 0.1872 -0.57739 0.79472
vn 0.06203 0.58665 -0.80746
vn 0.06203 0.30842 -0.94922
vn 0.06203 0.58665 -0.80746
vn 0.1872 -0.30355 0.93424
vn 0.1872 -0.30355 0.93424
vn 0.1872 0.93424 -0.30355
vn 0.1872 0.98232 -0
vn 0.06203 0.94923 0.30842
vn 0.06203 0.99807 0
vn 0.06203 0.94922 -0.30842
vn 0.06203 0.80746 -0.58665
vn 0.06203 0.80746 -0.58665
vn 0.1872 0 0.98232
vn 0.06802 -0.8056 0.58855
vn 0.06807 -0.80481 0.58961
vn 0.1872 0.79472 -0.57739
vn 0.1872 0.79472 -0.57739
vn 0.06203 -0.80746 -0.58665
vn 0.06203 -0.94922 -0.30842
vn 0.06203 -0.94922 -0.30842
vn 0.1872 0.30355 0.93424
vn 0.1872 0.30355 0.93424
vn 0.06203 -0 -0.99807
vn 0.06203 0.80746 0.58665
vn 0.06203 0.80746 0.58665
vn 1 0 -0
vn 1 0 0
vn 1 -0 -0
vn 1 -0 -0
vn 0.1872 -0.57739 -0.79472
vn 0.1872 -0.5774 -0.79472
vn 0.18721 -0.30355 -0.93424
vn 0.18721 -0.30355 -0.93424
vn 0.1872 0.93424 0.30355
vn 0.18721 0 -0.98232
vn 0.18719 0.79472 0.57739
vn 0.18719 0.79472 0.57739
vn 0.18721 0.30356 -0.93424
vn 0.18721 0.30355 -0.93424
vn 0.18719 0.57739 0.79472
vn 0.18719 0.5774 0.79471
vn 0.1872 0.57739 -0.79471
vn 0.1872 0.5774 -0.79471
vn 0.88627 -0 -0.46317
vn 0.06771 -0.57814 0.81313
vn 0.06203 -0.30842 0.94922
vn 0.88627 -0.27224 0.37471
vn 0.99115 -0.12622 0.04101
vn 0.99115 -0.10737 0.07801
vn 0.88627 0.27224 0.37471
vn 0.37453 0.545 0.75013
vn 0.99115 -0 -0.13271
vn 0.99115 -0.04101 -0.12622
vn 0.88627 -0.27224 -0.37471
vn 0.99115 -0.13271 -0
vn 0.88627 -0.46317 -0
vn 0.99115 -0.10737 -0.07801
vn 0.88627 -0.37471 -0.27224
vn 0.37453 -0.88184 0.28653
vn 0.37453 -0.92722 -0
vn 0.88627 0.4405 0.14313
vn 0.99115 -0.078 0.10737
vn 0.88627 0.4405 -0.14313
vn 0.88627 0.14313 -0.4405
vn 0.37453 -0.75013 -0.545
vn 0.99115 0.07801 -0.10737
vn 0.88627 0.27224 -0.37471
vn 0.99115 0.12622 -0.04101
vn -0.99115 0.04101 0.12622
vn -0.99115 0 0.13271
vn 0.99115 -0.04101 0.12622
vn 0.99115 0 0.13271
vn 0.99115 0.10737 0.07801
vn 0.99115 0.12622 0.04101
vn 0.99115 0.13271 -0
vn -0.88627 0 -0.46317
vn 0.99115 0.04101 0.12622
vn 0.06203 -0.99807 0
vn 0.1872 -0.93424 -0.30355
vn 0.1872 -0.79471 -0.5774
vn 0.1872 -0.79471 -0.5774
vn 0.1872 -0.93424 -0.30356
vn 0.06203 -0.58665 -0.80746
vn 0.1872 -0.98232 -0
vn 0.1872 -0.98232 -0
vn 0.1872 -0.93424 0.30355
vn 0.1872 -0.79472 0.57739
vn 0.1872 -0.5774 0.79471
vn 0.1872 0.93424 -0.30355
vn 0.1872 0.98232 -0
vn 0.1872 0.98232 -0
vn 0.1872 0.93424 -0.30355
vn 0.06203 0.94922 0.30842
vn 0.06203 0.94923 -0.30842
vn 0.1872 0 0.98232
vn 0.06802 -0.8056 0.58855
vn 0.1872 0.79472 -0.5774
vn 0.1872 0.79471 -0.5774
vn 0.06203 -0.80746 -0.58665
vn 0.1872 0.30356 0.93424
vn 0.1872 0.30356 0.93424
vn 1 0 -0
vn 1 0 -0
vn 1 -0 0
vn 1 -0 -0
vn 1 -0 -0
vn 0.1872 -0.57739 -0.79472
vn 0.1872 -0.57739 -0.79472
vn 0.1872 -0.30355 -0.93424
vn 0.18721 -0.30355 -0.93424
vn 0.1872 0.93424 0.30355
vn 0.18721 0 -0.98232
vn 0.18719 0.79472 0.57739
vn 0.18721 0.30355 -0.93424
vn 0.18721 0.30355 -0.93424
vn 0.18719 0.5774 0.79472
vn 0.18719 0.5774 0.79471
vn 0.1872 0.57739 -0.79472
vn -0.37452 0.545 -0.75013
vn -0.37453 -0.75013 -0.545
vn -0.37453 -0.92722 -0
vn -0.37453 -0.88184 0.28653
vn -0.0677 -0.57814 0.81313
vn -0.06203 -0.30842 0.94922
vn -0.88627 -0.27224 0.37471
vn -0.99115 -0.10737 0.07801
vn -0.99115 -0.12622 0.04101
vn -0.99115 -0.04101 -0.12622
vn -0.88627 -0.46317 -0
vn -0.99115 -0.13271 -0
vn -0.99115 -0.10737 -0.07801
vn -0.99115 -0.07801 -0.10737
vn -0.88627 0.4405 0.14313
vn -0.88627 0.4405 -0.14313
vn -0.88627 0.46317 -0
vn -0.99115 0.04101 -0.12622
vn -0.88627 0.14313 -0.4405
vn -0.99115 0.07801 -0.10737
vn -0.88627 0.27224 -0.37471
vn -0.99115 0.10737 -0.07801
vn -0.99115 0.12622 -0.04101
vn -0.99115 -0.04101 0.12622
vn -0.99115 0.12622 0.04101
vn -0.99115 0.13271 -0
vn -0.06203 -0.94922 0.30842
vn -0.1872 -0.79472 -0.57739
vn -0.1872 -0.93424 -0.30355
vn -0.1872 -0.93424 -0.30355
vn -0.1872 -0.98232 -0
vn -0.1872 -0.79472 0.57739
vn -0.1872 -0.57739 0.79472
vn -0.1872 -0.30355 0.93424
vn -0.1872 0.98232 -0
vn -0.1872 0.93424 -0.30355
vn -0.06203 0.94923 0.30842
vn -0.06203 0.80746 -0.58665
vn -0.1872 0 0.98232
vn -0.06807 -0.80481 0.58961
vn -0.1872 0.79472 -0.57739
vn -0.1872 0.79472 -0.57739
vn -0.1872 0.30355 0.93424
vn -0.1872 0.30356 0.93424
vn -0.06203 0.80746 0.58665
vn -1 0 -0
vn -1 -0 0
vn -1 0 0
vn -1 0 -0
vn -0.1872 -0.5774 -0.79472
vn -0.1872 -0.57739 -0.79472
vn -0.18721 -0.30355 -0.93424
vn -0.18721 -0.30355 -0.93424
vn -0.1872 0.93424 0.30355
vn -0.18719 0.79472 0.5774
vn -0.18721 0.30355 -0.93424
vn -0.18721 0.30356 -0.93424
vn -0.18719 0.5774 0.79471
vn -0.18719 0.57739 0.79472
vn -0.1872 0.5774 -0.79471
vn -0.1872 0.57739 -0.79471
vn -1 0 0
vn -0.06771 -0.57814 0.81313
vn -0.06824 -0.58924 0.80507
vn -0.37453 -0.75013 0.545
vn -0.37453 -0.545 0.75013
vn -0.88627 -0.37471 0.27224
vn -0.37452 0.545 0.75013
vn -0.88627 0.27224 0.37471
vn -0.99115 -0 -0.13271
vn -0.37453 -0.545 -0.75013
vn -0.88627 -0.27224 -0.37471
vn -0.88627 -0.46317 -0
vn -0.88627 -0.37471 -0.27224
vn -0.37452 -0.92722 -0
vn -0.37453 -0.88184 0.28652
vn -0.37452 0.75013 0.54501
vn -0.37452 0.88184 0.28653
vn -0.88627 0.4405 0.14313
vn -0.88627 0.37471 0.27224
vn -0.99115 -0.07801 0.10737
vn -0.37452 0.92722 -0
vn -0.37452 0.88184 -0.28652
vn -0.88627 0.4405 -0.14313
vn -0.88627 0.46317 -0
vn -0.88627 0.14313 -0.4405
vn -0.37453 -0.75013 -0.545
vn -0.99115 0.07801 -0.10737
vn 0.99115 0.04101 0.12622
vn -0.99115 -0.04101 0.12622
vn -0.37452 -0.28652 0.88184
vn -0.99115 0.12622 0.04101
vn 0.88627 -0.14313 -0.4405
vn 0.37453 -0.28653 -0.88184
vn -0.06203 -0.94922 0.30842
vn -0.06203 -0.99807 0
vn -0.06203 -0.99807 0
vn -0.1872 -0.79471 -0.5774
vn -0.1872 -0.79471 -0.5774
vn -0.18719 -0.93425 -0.30355
vn -0.18719 -0.93425 -0.30356
vn -0.06203 -0.58665 -0.80746
vn -0.06203 -0.30842 -0.94922
vn -0.06203 -0.30842 -0.94922
vn -0.06203 -0.58665 -0.80746
vn -0.18718 -0.98233 0
vn -0.06203 0.58665 0.80746
vn -0.06203 0.30842 0.94922
vn -0.06203 0.30842 0.94923
vn -0.18719 -0.93425 0.30355
vn -0.18719 -0.93425 0.30355
vn -0.1872 -0.79471 0.57739
vn -0.1872 -0.79471 0.5774
vn -0.06203 -0 0.99807
vn -0.1872 -0.57739 0.79472
vn -0.1872 -0.57739 0.79472
vn -0.06203 0.30842 -0.94923
vn -0.06203 0.58665 -0.80746
vn -0.1872 -0.30355 0.93424
vn -0.1872 -0.30355 0.93424
vn -0.18721 0.93424 -0.30355
vn -0.18721 0.93424 -0.30355
vn -0.06203 0.99807 0
vn -0.06203 0.94922 0.30842
vn -0.06203 0.94922 -0.30842
vn -0.06807 -0.80481 0.58961
vn -0.06802 -0.8056 0.58855
vn -0.18721 0.79471 -0.57739
vn -0.18721 0.79471 -0.5774
vn -0.06203 -0.94922 -0.30842
vn -0.06203 -0.80746 -0.58665
vn -0.06203 -0.80746 -0.58665
vn -0.1872 0.30355 0.93424
vn -0.1872 0.30355 0.93424
vn -0.06203 0.80746 0.58665
vn -0.06203 0.80746 0.58665
vn -1 -0 -0
vn -0.1872 -0.57739 -0.79472
vn -0.1872 -0.57739 -0.79472
vn -0.1872 -0.30355 -0.93424
vn -0.1872 -0.30355 -0.93424
vn -0.1872 0.93424 0.30355
vn -0.1872 0.93424 0.30355
vn -0.1872 -0 -0.98232
vn -0.1872 0.79472 0.57739
vn -0.1872 0.79471 0.5774
vn -0.1872 0.30355 -0.93424
vn -0.1872 0.30355 -0.93424
vn -0.1872 0.57739 0.79472
vn -0.1872 0.57739 0.79472
vn -0.1872 0.57739 -0.79472
vn -0.1872 0.57739 -0.79472
vn 0.37452 0.75013 -0.54501
vn 0.37452 0.545 -0.75013
vn 0.37453 0.28653 0.88184
vn 0.37452 0.75013 0.54501
vn 0.37453 -0.75013 -0.545
vn 0.37453 -0.88184 -0.28652
vn 0.37452 -0.92722 -0
vn 0.37452 -0.88184 0.28652
vn 0.37453 -0.75014 0.545
vn 0.37452 0.88184 0.28653
vn 0.37452 -0.28652 0.88184
vn 0.37452 0.88184 -0.28652
vn 0.37452 0.92722 -0
vn 0.06824 -0.58924 0.80508
vn 0.06771 -0.57814 0.81313
vn 0.88627 -0.27224 0.37471
vn 0.88627 -0.37471 0.27224
vn 0.99115 -0.12622 0.04101
vn 0.99115 -0.10737 0.07801
vn 0.88627 0.27224 0.37471
vn 0.88627 -0.46317 -0
vn 0.88627 -0.37471 -0.27224
vn 0.88627 0.4405 0.14313
vn 0.88627 0.37471 0.27224
vn 0.88627 0.4405 -0.14313
vn 0.88627 0.46317 -0
vn 0.99115 0.04101 -0.12622
vn 0.88627 0.27224 -0.37471
vn 0.99115 0.10737 -0.07801
vn 0.88627 0.37471 -0.27224
vn 0.99115 0.12622 -0.04101
vn 0.88627 -0.14313 0.4405
vn 0.99115 0.12622 0.04101
vn 0.06203 -0.99807 0
vn 0.06203 -0.94922 0.30842
vn 0.06203 -0.94922 0.30842
vn 0.18719 -0.93425 -0.30355
vn 0.1872 -0.79472 -0.57739
vn 0.06203 -0.30842 -0.94922
vn 0.06203 -0.30842 -0.94922
vn 0.06203 -0.58665 -0.80746
vn 0.06203 -0.58665 -0.80746
vn 0.18718 -0.98232 -0
vn 0.06203 0.30842 0.94923
vn 0.06203 0.30842 0.94922
vn 0.06203 0.58665 0.80746
vn 0.18719 -0.93425 0.30355
vn 0.18719 -0.93425 0.30355
vn 0.1872 -0.79472 0.57739
vn 0.1872 -0.79472 0.57739
vn 0.06203 -0 0.99807
vn 0.1872 -0.57739 0.79472
vn 0.1872 -0.57739 0.79472
vn 0.06203 0.58665 -0.80746
vn 0.06203 0.30842 -0.94923
vn 0.06203 0.58665 -0.80746
vn 0.18721 0.93424 -0.30356
vn 0.1872 0.98232 -0
vn 0.18721 0.93424 -0.30356
vn 0.06203 0.94923 0.30842
vn 0.06203 0.99807 0
vn 0.06203 0.94923 -0.30842
vn 0.06203 0.94922 -0.30842
vn 0.06802 -0.8056 0.58855
vn 0.06807 -0.80481 0.58961
vn 0.18721 0.79471 -0.57739
vn 0.18721 0.79471 -0.5774
vn 0.06203 -0.80746 -0.58665
vn 0.06203 -0.80746 -0.58665
vn 0.06203 -0.94922 -0.30842
vn 0.06203 -0.94923 -0.30842
vn 0.1872 0.30355 0.93424
vn 0.1872 0.30356 0.93424
vn 0.06203 -0 -0.99807
vn 0.06203 0.80746 0.58665
vn 0.06203 0.80746 0.58665
vn 1 -0 0
vn 0.1872 -0.57739 -0.79472
vn 0.1872 -0.57739 -0.79472
vn 0.1872 -0.30355 -0.93424
vn 0.1872 -0.30355 -0.93424
vn 0.1872 0.93424 0.30355
vn 0.1872 0.93424 0.30356
vn 0.1872 -0 -0.98232
vn 0.1872 0.79471 0.5774
vn 0.1872 0.79471 0.57739
vn 0.18721 0.30356 -0.93424
vn 0.18721 0.30356 -0.93424
vn 0.1872 0.57739 0.79472
vn 0.1872 0.5774 0.79472
vn 0.1872 0.5774 -0.79471
vn 0.06203 -0.30842 0.94922
vn 0.37452 -0.545 0.75013
vn 0.88627 -0.37471 0.27224
vn 0.37453 0.545 0.75013
vn 0.99115 -0 -0.13271
vn 0.99115 -0.12622 -0.04101
vn 0.88627 -0.46317 -0
vn 0.88627 0.4405 0.14313
vn 0.99115 -0.078 0.10737
vn 0.88627 0.46317 -0
vn 0.37453 -0.75014 -0.545
vn 0.88627 0.27224 -0.37471
vn 0.37453 0.545 -0.75013
vn 0.37453 0.75013 -0.545
vn 0.99115 0.12622 -0.04101
vn -0.99115 0.04101 0.12622
vn -0.37453 -0.28653 -0.88184
vn -0.88627 -0.14313 -0.4405
vn 0.06203 -0.99807 0
vn 0.18719 -0.93424 -0.30355
vn 0.1872 -0.79471 -0.5774
vn 0.1872 -0.79471 -0.5774
vn 0.06203 -0.30842 -0.94922
vn 0.06203 -0.58665 -0.80746
vn 0.06203 0.30842 0.94922
vn 0.06204 0.30842 0.94923
vn 0.06204 0.58665 0.80746
vn 0.1872 -0.79472 0.57739
vn 0.1872 -0.79472 0.57739
vn 0.06203 -0 0.99807
vn 0.1872 -0.57739 0.79471
vn 0.1872 -0.5774 0.79471
vn 0.06204 0.58665 -0.80746
vn 0.06204 0.30842 -0.94923
vn 0.06203 0.30842 -0.94922
vn 0.06203 0.58665 -0.80746
vn 0.1872 -0.30355 0.93424
vn 0.18721 0.93424 -0.30355
vn 0.18721 0.93424 -0.30356
vn 0.06203 0.94922 0.30842
vn 0.06203 0.80746 -0.58665
vn 0.1872 0 0.98232
vn 0.06807 -0.80481 0.58961
vn 0.18721 0.79471 -0.57739
vn 0.18721 0.79471 -0.5774
vn 0.06203 -0.94922 -0.30842
vn 0.06203 -0.94923 -0.30842
vn 0.1872 0.30356 0.93424
vn 0.06203 0.80746 0.58665
vn 0.06203 0.80746 0.58665
vn 0.1872 -0.57739 -0.79472
vn 0.1872 -0.57739 -0.79472
vn 0.1872 0.93424 0.30355
vn 0.1872 0.93424 0.30355
vn 0.1872 0 -0.98232
vn 0.1872 0.79472 0.57739
vn 0.18721 0.30356 -0.93424
vn 0.18721 0.30355 -0.93424
vn 0.1872 0.5774 0.79472
vn 0.1872 0.5774 0.79471
vn 0.18721 0.57739 -0.79472
vn -0.37453 0.545 0.75013
vn -0.37453 0.28653 0.88184
vn -0.37453 -0.545 -0.75013
vn -0.37453 -0.75014 -0.545
vn -0.37452 -0.88184 -0.28652
vn -0.37452 -0.88184 0.28652
vn -0.37452 -0.75013 0.545
vn -0.37452 -0.545 0.75013
vn -0.37452 0.92722 -0
vn -0.06824 -0.58924 0.80507
vn -0.88627 -0.37471 0.27224
vn -0.99115 -0.10737 0.07801
vn -0.88627 -0.4405 0.14313
vn -0.88627 -0.4405 -0.14313
vn -0.88627 -0.37471 -0.27224
vn -0.88627 0.37471 0.27224
vn -0.88627 0.46317 -0
vn -0.88627 0.37471 -0.27224
vn -0.99115 0.12622 -0.04101
vn -0.88627 -0.14313 0.4405
vn -0.06203 -0.94922 0.30842
vn -0.06203 -0.99807 0
vn -0.1872 -0.79472 -0.57739
vn -0.1872 -0.79472 -0.57739
vn -0.18719 -0.93425 -0.30355
vn -0.06203 -0.58665 -0.80746
vn -0.06203 -0.30842 -0.94923
vn -0.06203 -0.30842 -0.94922
vn -0.06203 -0.58665 -0.80746
vn -0.18718 -0.98232 -0
vn -0.18718 -0.98232 -0
vn -0.06203 0.58665 0.80746
vn -0.06203 0.30842 0.94922
vn -0.06203 0.30842 0.94922
vn -0.18719 -0.93425 0.30355
vn -0.18719 -0.93425 0.30355
vn -0.1872 -0.79472 0.57739
vn -0.1872 -0.79471 0.57739
vn -0.1872 -0.57739 0.79471
vn -0.1872 -0.5774 0.79471
vn -0.06203 0.30842 -0.94922
vn -0.06204 0.30842 -0.94923
vn -0.06204 0.58665 -0.80746
vn -0.06203 0.58665 -0.80746
vn -0.18721 0.93424 -0.30356
vn -0.18721 0.93424 -0.30356
vn -0.06203 0.99807 0
vn -0.1872 0 0.98232
vn -0.18721 0.79471 -0.57739
vn -0.06203 -0.94923 -0.30842
vn -0.06203 -0.80746 -0.58665
vn -0.06203 0.80746 0.58666
vn -0.06203 0.80746 0.58665
vn -0.1872 -0.57739 -0.79471
vn -0.1872 -0.30355 -0.93424
vn -0.1872 -0.30355 -0.93424
vn -0.1872 0.93424 0.30355
vn -0.1872 0.93424 0.30355
vn -0.18721 0 -0.98232
vn -0.1872 0.79472 0.57739
vn -0.1872 0.79471 0.57739
vn -0.18721 0.30355 -0.93424
vn -0.18721 0.30356 -0.93424
vn -0.1872 0.57739 0.79472
vn -0.1872 0.57739 -0.79471
vn -0.1872 0.57739 -0.79471
vn 0 0.37452 -0.92722
vn -0.28653 0.37452 -0.88184
vn -0.14313 0.88627 -0.4405
vn 0 0.88627 -0.46317
vn -0.57814 0.06771 0.81313
vn -0.58923 0.06823 0.80508
vn -0.30842 0.06203 0.94922
vn -0.30842 0.06203 0.94922
vn -0.75013 0.37452 0.54501
vn -0.545 0.37453 0.75013
vn -0.27224 0.88627 0.37471
vn -0.37471 0.88627 0.27224
vn -0.10737 0.99115 0.07801
vn -0.12622 0.99115 0.04101
vn -0.4405 0.88627 0.14313
vn 0.28653 0.37452 0.88184
vn 0.545 0.37452 0.75014
vn 0.27224 0.88627 0.37471
vn 0.14313 0.88627 0.4405
vn -0.04101 0.99115 -0.12621
vn 0 0.99115 -0.13271
vn -0.545 0.37452 -0.75014
vn -0.27224 0.88627 -0.37471
vn -0.46317 0.88627 -0
vn -0.13271 0.99115 -0
vn -0.12622 0.99115 -0.04101
vn -0.4405 0.88627 -0.14313
vn 0 0.37452 0.92722
vn 0 0.88627 0.46317
vn -0.10737 0.99115 -0.07801
vn -0.37471 0.88627 -0.27224
vn -0.92722 0.37452 -0
vn -0.88184 0.37452 0.28653
vn -0.07801 0.99115 -0.10737
vn 0.75013 0.37452 0.545
vn 0.88184 0.37452 0.28653
vn 0.4405 0.88627 0.14313
vn 0.37471 0.88627 0.27224
vn -0.07801 0.99115 0.10737
vn 0.92722 0.37452 -0
vn 0.88184 0.37452 -0.28653
vn 0.4405 0.88627 -0.14313
vn 0.46317 0.88627 0
vn 0.04101 0.99115 -0.12622
vn 0.14313 0.88627 -0.4405
vn -0.75013 0.37452 -0.545
vn 0.07801 0.99115 -0.10737
vn 0.27224 0.88627 -0.37471
vn -0.88184 0.37452 -0.28653
vn 0.10737 0.99115 -0.078
vn 0.37471 0.88627 -0.27224
vn 0.75013 0.37453 -0.545
vn 0.545 0.37452 -0.75013
vn 0.12622 0.99115 -0.04101
vn 0.28653 0.37452 -0.88184
vn 0 0.99115 0.13271
vn -0.04101 0.99115 0.12622
vn -0.14313 0.88627 0.4405
vn -0.28653 0.37452 0.88184
vn 0.12622 0.99115 0.04101
vn 0.10737 0.99115 0.07801
vn 0.13271 0.99115 0
vn 0.07801 0.99115 0.10737
vn 0.04101 0.99115 0.12622
vn -0.94922 0.06203 0.30842
vn -0.94922 0.06203 0.30842
vn -0.99807 0.06203 0
vn -0.79472 0.1872 -0.57739
vn -0.79472 0.1872 -0.57739
vn -0.93425 0.1872 -0.30354
vn -0.93425 0.1872 -0.30354
vn -0.58665 0.06203 -0.80746
vn -0.30842 0.06203 -0.94923
vn -0.30842 0.06203 -0.94922
vn -0.98232 0.18721 -0
vn 0.58665 0.06203 0.80746
vn 0.30842 0.06203 0.94922
vn -0.93424 0.18721 0.30355
vn -0.79472 0.1872 0.57739
vn -0 0.06203 0.99807
vn -0.57739 0.1872 0.79472
vn 0.30842 0.06203 -0.94922
vn 0.58665 0.06203 -0.80746
vn -0.30355 0.1872 0.93425
vn -0.30355 0.1872 0.93425
vn 0.98232 0.1872 -0
vn 0.93424 0.18721 -0.30356
vn 0.99807 0.06203 0
vn 0.94923 0.06203 0.30842
vn 0.80746 0.06203 -0.58665
vn 0.94923 0.06203 -0.30842
vn 0 0.1872 0.98232
vn -0.80481 0.06807 0.58962
vn -0.8056 0.06802 0.58855
vn 0.79471 0.1872 -0.5774
vn 0.79471 0.1872 -0.5774
vn -0.94922 0.06203 -0.30842
vn -0.80746 0.06203 -0.58665
vn -0.80746 0.06203 -0.58665
vn 0.30355 0.1872 0.93425
vn 0.30355 0.18719 0.93425
vn -0 0.06203 -0.99807
vn 0.80746 0.06203 0.58665
vn 0.80746 0.06203 0.58665
vn 0 1 1E-05
vn 0 1 -1E-05
vn 0 1 -3E-05
vn 0 1 -1E-05
vn -0.57739 0.1872 -0.79472
vn -0.57739 0.1872 -0.79472
vn -0.30355 0.1872 -0.93425
vn -0.30355 0.1872 -0.93425
vn 0.93424 0.1872 0.30355
vn 0 0.1872 -0.98232
vn 0.79472 0.18719 0.57739
vn 0.79472 0.18719 0.57739
vn 0.30355 0.1872 -0.93424
vn 0.30356 0.1872 -0.93424
vn 0.57739 0.18719 0.79472
vn 0.57739 0.18719 0.79472
vn 0.5774 0.1872 -0.79471
vn 0.5774 0.1872 -0.79471
vn 0.71663 -0.46407 -0.52066
vn 0.52066 -0.46407 -0.71663
vn 0.27373 -0.46407 0.84245
vn 0.52066 -0.46407 0.71663
vn 0.27373 -0.46407 -0.84245
vn 0.71663 -0.46407 0.52066
vn 0 -0.46407 -0.8858
vn -0.27373 -0.46407 -0.84245
vn -0.52066 -0.46407 -0.71663
vn -0.71663 -0.46407 -0.52066
vn -0.84245 -0.46407 -0.27373
vn -0.8858 -0.46407 -0
vn -0.84245 -0.46407 0.27373
vn -0.71663 -0.46407 0.52066
vn -0.52066 -0.46406 0.71663
vn 0.84245 -0.46407 0.27373
vn -0.27373 -0.46407 0.84245
vn 0 -0.46407 0.8858
vn 0.84245 -0.46407 -0.27373
vn 0.8858 -0.46407 -0
vn 0.17774 -0.95318 0.24464
vn 0.09345 -0.95318 0.2876
vn 0 -0.95318 0.3024
vn -0.09345 -0.95318 0.2876
vn -0.17774 -0.95318 0.24465
vn -0.24464 -0.95318 0.17775
vn -0.2876 -0.95318 0.09345
vn -0.3024 -0.95318 -0
vn -0.2876 -0.95318 -0.09345
vn -0.24464 -0.95318 -0.17774
vn -0.17774 -0.95318 -0.24464
vn -0.09345 -0.95318 -0.2876
vn 0 -0.95318 -0.3024
vn 0.09345 -0.95318 -0.28759
vn 0.17774 -0.95318 -0.24464
vn 0.24464 -0.95318 -0.17774
vn 0.2876 -0.95318 -0.09345
vn 0.3024 -0.95318 0
vn 0.2876 -0.95318 0.09345
vn 0.24464 -0.95318 0.17774
vn 0 1 -0
vn 0 1 1E-05
vn 0.16582 0.95601 -0.24195
vn 0.20072 0.95886 -0.20074
vn 0.16321 0.93656 -0.3102
vn 0.01436 0.9706 -0.24026
vn -0.01436 0.9706 -0.24026
vn -0.01345 0.97796 -0.20834
vn 0.01345 0.97796 -0.20834
vn 0.04037 0.96706 -0.25131
vn 0.03904 0.9785 -0.2025
vn 0.12246 0.96006 -0.25156
vn 0.11932 0.94073 -0.31747
vn -0.20405 0.95832 -0.19997
vn -0.16691 0.95588 -0.24172
vn -0.16434 0.93498 -0.31433
vn -0.01569 0.98191 -0.18868
vn 0.01569 0.98191 -0.18868
vn 0.01695 0.97118 -0.23775
vn -0.01695 0.97118 -0.23775
vn 0.02512 0.97342 -0.22767
vn 0.13225 0.95789 -0.25488
vn 0.11674 0.94112 -0.31729
vn 0.02606 0.96537 -0.2596
vn -0.13164 0.95906 -0.25075
vn -0.02409 0.97343 -0.22771
vn -0.02502 0.96539 -0.25961
vn -0.11572 0.94122 -0.31734
vn 0.22363 0.94673 -0.23172
vn 0.32041 0.91991 -0.22606
vn 0.21565 0.93608 -0.27795
vn -0.33001 0.93606 -0.12203
vn -0.22725 0.95387 -0.19617
vn -0.21976 0.94523 -0.24133
vn 0.12146 -0.96041 0.25072
vn 0.11821 -0.93949 0.32155
vn 0.03932 -0.9671 0.25133
vn 0.038 -0.97867 0.20191
vn -0.12142 0.96018 -0.25161
vn -0.11821 0.93949 -0.32155
vn -0.03932 0.9671 -0.25133
vn -0.038 0.97854 -0.20253
vn 0.02638 0.9439 -0.32916
vn -0.02638 0.9439 -0.32916
vn 0.14037 0.88148 -0.45088
vn -0.13995 0.87532 -0.46285
vn -0.01984 0.99601 -0.08696
vn 0.01984 0.99601 -0.08696
vn 0.2026 0.97587 -0.08144
vn -0.2036 0.97664 -0.06873
vn -0.20072 -0.95886 0.20074
vn -0.16586 -0.95623 0.24109
vn -0.16321 -0.93656 0.31019
vn 0.01345 -0.97789 0.20869
vn 0.01437 -0.97075 0.23966
vn -0.01437 -0.97075 0.23966
vn -0.01345 -0.97789 0.20869
vn -0.03904 -0.97863 0.20188
vn -0.04037 -0.96706 0.25131
vn -0.11932 -0.94073 0.31746
vn -0.1225 -0.96029 0.25067
vn 0.16434 -0.93498 0.31433
vn 0.16694 -0.9561 0.24085
vn 0.20405 -0.95832 0.19996
vn 0.01695 -0.97118 0.23775
vn -0.01695 -0.97118 0.23775
vn -0.01569 -0.98203 0.18806
vn 0.01569 -0.98203 0.18806
vn -0.02512 -0.97333 0.22802
vn -0.02606 -0.96553 0.259
vn -0.11679 -0.94139 0.31647
vn -0.13222 -0.9578 0.25523
vn 0.02502 -0.96555 0.25901
vn 0.02409 -0.97335 0.22806
vn 0.13161 -0.95899 0.25104
vn 0.11577 -0.94149 0.31653
vn -0.32041 -0.91991 0.22606
vn -0.22359 -0.94665 0.2321
vn -0.21571 -0.93633 0.27706
vn 0.21981 -0.94545 0.24042
vn 0.22722 -0.95382 0.19648
vn 0.33001 -0.93606 0.12204
vn 0 -0.15671 -0.98764
vn -0.02638 -0.9439 0.32916
vn 0.02638 -0.9439 0.32916
vn -0.14037 -0.88148 0.45088
vn 0.13995 -0.87532 0.46285
vn 0.01983 -0.99592 0.08803
vn -0.01983 -0.99592 0.08803
vn -0.20252 -0.97579 0.08254
vn 0.20353 -0.97659 0.06967
vn -0.88891 -0.07211 -0.45237
vn -0.62754 -0.12224 -0.76893
vn -0.48904 -0.13687 -0.86146
vn 0.01317 -0.15669 -0.98756
vn -0.01261 -0.2211 -0.97517
vn 0.99975 0.00528 0.02164
vn -0.0039 0.22111 0.97524
vn 1 0.00037 -3E-05
vn 0.99977 -0.00439 -0.02102
vn 0.51174 -0.13445 -0.84856
vn 0.59869 -0.1253 -0.79112
vn 0.88233 -0.07343 -0.46486
vn -0.01137 0.2211 0.97519
vn 1 0.00037 -4E-05
vn 0.01947 0.22108 0.97506
vn -0.0067 -0.22111 -0.97522
vn -1 -0.00036 7E-05
vn -0.99975 0.0046 0.02191
vn 0 -0.22112 -0.97525
vn -0.99965 -0.00539 -0.02604
vn 0 0.15671 0.98764
vn -0.15429 -0.21852 -0.96356
vn 0.01362 0.1567 0.98755
vn 0.99976 0.00451 0.02146
vn 0.00599 -0.22111 -0.97523
vn -0.99975 -0.00456 -0.02171
vn -0.02234 -0.22107 -0.975
vn 0.99976 0.00449 0.02135
vn 0.99975 -0.00384 -0.0219
vn -0.99976 0.00378 0.02154
vn 0.08077 0.15623 0.98441
vn 0.15426 -0.21841 -0.96359
vn 0.99965 -0.00467 -0.02616
vn -0.01311 0.15669 0.98756
vn -0.99976 0.00378 0.02157
vn 0.00461 0.22111 0.97524
vn 0 0.22112 0.97525
vn -0.01368 -0.1567 -0.98755
vn 0.02333 -0.22105 -0.97498
vn -0.08214 -0.1562 -0.9843
vn -0.07722 0.15621 0.9847
vn -0.00919 0.2211 0.97521
vn 0.9393 -0.07553 -0.33467
vn -1 -0.00034 0.00016
vn 0.01032 0.22111 0.97519
vn -1 -0.00035 0.0001
vn 1 0.00035 -0.00012
vn 1 0.00036 -7E-05
vn 1 0.00036 -8E-05
vn -0.9393 -0.0762 -0.33452
vn 0.01261 -0.22109 -0.97517
vn 0.00919 0.22111 0.97521
vn 1 0.00038 -1E-05
vn -1 -0.00035 0.00012
vn -1 -0.00037 3E-05
vn -0.01947 0.22107 0.97506
vn 0.08371 -0.15613 -0.98418
vn -1 -0.00037 6E-05
vn -0.99977 -0.00508 -0.02074
vt 0.71164 0.41337
vt 0.71385 0.41597
vt 0.71804 0.41587
vt 0.7201 0.41403
vt 0.95709 0.76879
vt 0.95727 0.78162
vt 0.95884 0.78159
vt 0.95855 0.76877
vt 0.95775 0.75881
vt 0.95915 0.7589
vt 0.96049 0.74773
vt 0.96115 0.74882
vt 0.96337 0.7486
vt 0.96408 0.74776
vt 0.9585 0.75247
vt 0.95986 0.75277
vt 0.7201 0.54555
vt 0.71712 0.54245
vt 0.71283 0.54249
vt 0.71004 0.54464
vt 0.96307 0.78116
vt 0.9593 0.87836
vt 0.96394 0.87828
vt 0.95788 0.87837
vt 0.95893 0.89258
vt 0.96007 0.89134
vt 0.96499 0.76922
vt 0.96524 0.75902
vt 0.96382 0.75895
vt 0.9635 0.76913
vt 0.96537 0.87828
vt 0.96465 0.78119
vt 0.96537 0.75256
vt 0.96396 0.75268
vt 0.53894 0.54926
vt 0.52743 0.54993
vt 0.52881 0.5511
vt 0.53685 0.55107
vt 0.9577 0.9086
vt 0.95885 0.99965
vt 0.96036 0.99801
vt 0.95983 0.91119
vt 0.96441 0.89264
vt 0.96317 0.89104
vt 0.53728 0.55503
vt 0.53894 0.55671
vt 0.96641 1
vt 0.96479 0.99774
vt 0.96443 0.91096
vt 0.52922 0.55495
vt 0.96641 0.90906
vt 0.52744 0.55619
vt 0.72785 0.51654
vt 0.7266 0.51447
vt 0.72226 0.51457
vt 0.72107 0.51597
vt 0.7201 0.49093
vt 0.72182 0.49331
vt 0.72629 0.49319
vt 0.72785 0.49157
vt 0.97472 0.89264
vt 0.97282 0.89021
vt 0.96848 0.89039
vt 0.96672 0.89214
vt 0.96537 0.78301
vt 0.96789 0.78585
vt 0.97237 0.7857
vt 0.97472 0.78365
vt 0.72676 0.57678
vt 0.72551 0.5747
vt 0.72114 0.57481
vt 0.71994 0.57622
vt 0.71898 0.54774
vt 0.72068 0.55013
vt 0.72521 0.55
vt 0.72676 0.54837
vt 0.96647 0.74773
vt 0.96456 0.74528
vt 0.96022 0.74547
vt 0.95845 0.74723
vt 0.95709 0.63708
vt 0.95964 0.63993
vt 0.96411 0.63978
vt 0.96647 0.63772
vt 0.48151 0.55626
vt 0.49875 0.55671
vt 0.49617 0.55507
vt 0.48377 0.55494
vt 0.49875 0.54943
vt 0.48144 0.54992
vt 0.48368 0.55122
vt 0.49609 0.5511
vt 0.48322 0.55414
vt 0.48315 0.55194
vt 0.48221 0.55165
vt 0.48213 0.55444
vt 0.48144 0.54965
vt 0.45985 0.54977
vt 0.4622 0.55112
vt 0.47894 0.55117
vt 0.45978 0.55632
vt 0.48144 0.55671
vt 0.47899 0.55518
vt 0.46234 0.555
vt 0.47952 0.55204
vt 0.47957 0.55441
vt 0.48059 0.55475
vt 0.48072 0.55171
vt 0.49802 0.55163
vt 0.49788 0.55464
vt 0.49667 0.55203
vt 0.49676 0.55423
vt 0.46059 0.55445
vt 0.46049 0.55164
vt 0.46172 0.55413
vt 0.46168 0.55201
vt 0.95408 0.36436
vt 0.95827 0.36451
vt 0.96053 0.36192
vt 0.95206 0.3625
vt 0.53249 0.23849
vt 0.53092 0.23846
vt 0.53075 0.25129
vt 0.53221 0.25131
vt 0.5314 0.26126
vt 0.5328 0.26118
vt 0.53414 0.27235
vt 0.53773 0.27231
vt 0.53702 0.27148
vt 0.5348 0.27126
vt 0.53352 0.26731
vt 0.53216 0.26761
vt 0.95325 0.49101
vt 0.95047 0.49317
vt 0.96053 0.49406
vt 0.95754 0.49096
vt 0.53759 0.14179
vt 0.53295 0.14172
vt 0.53672 0.23892
vt 0.53372 0.12874
vt 0.53258 0.1275
vt 0.53153 0.14171
vt 0.53747 0.26113
vt 0.53889 0.26105
vt 0.53864 0.25085
vt 0.53715 0.25095
vt 0.5383 0.23889
vt 0.53902 0.1418
vt 0.53761 0.2674
vt 0.53902 0.26752
vt 0.5173 0.55487
vt 0.51592 0.55605
vt 0.52743 0.55671
vt 0.52534 0.5549
vt 0.53342 0.03782
vt 0.53189 0.03618
vt 0.53075 0.12744
vt 0.53288 0.12484
vt 0.53806 0.12744
vt 0.53682 0.12904
vt 0.52743 0.54926
vt 0.52578 0.55094
vt 0.53784 0.03809
vt 0.53946 0.03583
vt 0.53747 0.12508
vt 0.51771 0.55102
vt 0.53946 0.12698
vt 0.51593 0.54978
vt 0.72221 0.46734
vt 0.72654 0.46744
vt 0.72781 0.46536
vt 0.72104 0.46594
vt 0.72172 0.4888
vt 0.7201 0.49042
vt 0.72781 0.49093
vt 0.72619 0.48861
vt 0.96956 0.6403
vt 0.9739 0.64048
vt 0.97581 0.63803
vt 0.96781 0.63855
vt 0.96884 0.745
vt 0.96647 0.74702
vt 0.97581 0.74773
vt 0.97332 0.74487
vt 0.72221 0.51852
vt 0.72658 0.51863
vt 0.72785 0.51654
vt 0.72104 0.51711
vt 0.72171 0.54341
vt 0.7201 0.54503
vt 0.72785 0.54555
vt 0.72623 0.54321
vt 0.96364 0.38562
vt 0.96797 0.3858
vt 0.9699 0.38335
vt 0.96187 0.38386
vt 0.96292 0.49131
vt 0.96053 0.49335
vt 0.9699 0.49406
vt 0.96739 0.49119
vt 0.51342 0.55114
vt 0.51592 0.54941
vt 0.49882 0.55027
vt 0.50105 0.55156
vt 0.50101 0.55525
vt 0.49875 0.55661
vt 0.51592 0.55671
vt 0.51341 0.55509
vt 0.49952 0.55471
vt 0.50045 0.55463
vt 0.50047 0.55224
vt 0.49944 0.55218
vt 0.72595 0.46309
vt 0.72733 0.46536
vt 0.72733 0.44402
vt 0.72576 0.44651
vt 0.72175 0.44648
vt 0.7201 0.44395
vt 0.72084 0.46534
vt 0.72215 0.46303
vt 0.72231 0.44483
vt 0.72241 0.44586
vt 0.72503 0.44588
vt 0.72511 0.44473
vt 0.51507 0.55165
vt 0.51519 0.55447
vt 0.51401 0.55435
vt 0.51403 0.55181
vt 0.72535 0.46471
vt 0.72273 0.46458
vt 0.72281 0.46361
vt 0.72523 0.46365
vt 0.96346 0.20803
vt 0.9636 0.19628
vt 0.96213 0.19669
vt 0.96204 0.20766
vt 0.95648 0.18521
vt 0.95745 0.18697
vt 0.96197 0.1868
vt 0.96296 0.18536
vt 0.9627 0.24525
vt 0.9636 0.22472
vt 0.96228 0.22388
vt 0.96169 0.24374
vt 0.95681 0.1968
vt 0.95657 0.20763
vt 0.95516 0.20798
vt 0.95503 0.22467
vt 0.95634 0.22384
vt 0.95536 0.19635
vt 0.95596 0.24538
vt 0.95702 0.24355
vt 0.95952 0.62107
vt 0.96099 0.62147
vt 0.96083 0.60974
vt 0.95942 0.61011
vt 0.95478 0.63429
vt 0.95376 0.63612
vt 0.96051 0.63593
vt 0.95948 0.63444
vt 0.95966 0.59388
vt 0.96099 0.59304
vt 0.96009 0.57251
vt 0.95908 0.57403
vt 0.95416 0.62097
vt 0.95394 0.61014
vt 0.95372 0.59392
vt 0.9524 0.59309
vt 0.95253 0.60979
vt 0.95271 0.62141
vt 0.95335 0.57237
vt 0.95441 0.57421
vt 0.96809 0.62465
vt 0.96957 0.62506
vt 0.96942 0.6133
vt 0.968 0.61367
vt 0.96341 0.63436
vt 0.96244 0.63612
vt 0.96892 0.63597
vt 0.96793 0.63454
vt 0.96824 0.59745
vt 0.96957 0.59661
vt 0.96866 0.57608
vt 0.96765 0.5776
vt 0.96277 0.62453
vt 0.96254 0.6137
vt 0.9623 0.5975
vt 0.96099 0.59666
vt 0.96113 0.61336
vt 0.96132 0.62499
vt 0.96192 0.57595
vt 0.96298 0.57778
vt 0.89137 0.12678
vt 0.89152 0.11504
vt 0.89006 0.11544
vt 0.88996 0.12641
vt 0.88429 0.10039
vt 0.88532 0.10223
vt 0.89001 0.10207
vt 0.89105 0.10059
vt 0.89063 0.16401
vt 0.89152 0.14347
vt 0.8902 0.14264
vt 0.88961 0.16249
vt 0.88469 0.11555
vt 0.88448 0.12638
vt 0.88307 0.12673
vt 0.88294 0.14343
vt 0.88426 0.14259
vt 0.88325 0.1151
vt 0.88389 0.16414
vt 0.88494 0.16231
vt 0.96335 0.06715
vt 0.96335 0.03878
vt 0.96128 0.03966
vt 0.96135 0.06643
vt 0.95403 0.03614
vt 0.95224 0.03913
vt 0.95423 0.03985
vt 0.95543 0.03779
vt 0.96156 0.07014
vt 0.96016 0.06849
vt 0.95437 0.07114
vt 0.95574 0.06882
vt 0.96122 0.03514
vt 0.95985 0.03746
vt 0.95431 0.06662
vt 0.95224 0.0675
vt 0.94114 0.03913
vt 0.94114 0.0675
vt 0.9432 0.06662
vt 0.94313 0.03985
vt 0.95046 0.07014
vt 0.95224 0.06715
vt 0.95025 0.06643
vt 0.94906 0.06849
vt 0.94293 0.03614
vt 0.94433 0.03779
vt 0.95012 0.03514
vt 0.94875 0.03746
vt 0.94327 0.07114
vt 0.94464 0.06882
vt 0.95018 0.03966
vt 0.95224 0.03878
vt 0.97471 0.2414
vt 0.97471 0.21302
vt 0.97264 0.21391
vt 0.97272 0.24068
vt 0.96539 0.21039
vt 0.9636 0.21337
vt 0.9656 0.21409
vt 0.96679 0.21204
vt 0.97292 0.24439
vt 0.97152 0.24274
vt 0.96573 0.24538
vt 0.9671 0.24306
vt 0.97258 0.20939
vt 0.97121 0.21171
vt 0.96567 0.24086
vt 0.9636 0.24175
vt 0.96335 0.03913
vt 0.96335 0.0675
vt 0.96541 0.06662
vt 0.96534 0.03985
vt 0.97266 0.07014
vt 0.97445 0.06715
vt 0.97246 0.06643
vt 0.97126 0.06849
vt 0.96513 0.03614
vt 0.96653 0.03779
vt 0.97232 0.03514
vt 0.97095 0.03746
vt 0.96547 0.07114
vt 0.96684 0.06882
vt 0.97238 0.03966
vt 0.97445 0.03878
vt 0.62685 0.76364
vt 0.63922 0.7636
vt 0.64461 0.75766
vt 0.62684 0.75766
vt 0.62821 0.68255
vt 0.62821 0.70613
vt 0.64461 0.70613
vt 0.64461 0.68255
vt 0.62675 0.71048
vt 0.64461 0.71048
vt 0.64461 0.75629
vt 0.64461 0.7549
vt 0.62684 0.7549
vt 0.62684 0.75629
vt 0.66173 0.57444
vt 0.68387 0.57346
vt 0.68098 0.57029
vt 0.66275 0.57095
vt 0.68387 0.55247
vt 0.68088 0.5534
vt 0.6805 0.5618
vt 0.68347 0.56227
vt 0.65728 0.57082
vt 0.65541 0.57426
vt 0.6503 0.55267
vt 0.65331 0.5536
vt 0.65538 0.55128
vt 0.65383 0.54846
vt 0.66328 0.55321
vt 0.66284 0.56208
vt 0.65991 0.55099
vt 0.65935 0.54791
vt 0.68092 0.55118
vt 0.66473 0.55089
vt 0.68379 0.5482
vt 0.64877 0.57348
vt 0.65199 0.57043
vt 0.65271 0.56198
vt 0.64956 0.56233
vt 0.66507 0.54774
vt 0.65762 0.56203
vt 0.65815 0.55338
vt 0.68467 0.55985
vt 0.6854 0.56951
vt 0.68842 0.56858
vt 0.68782 0.5602
vt 0.64461 0.60745
vt 0.63922 0.60151
vt 0.62685 0.60147
vt 0.62684 0.60745
vt 0.64461 0.65898
vt 0.62821 0.65898
vt 0.64461 0.65463
vt 0.62675 0.65463
vt 0.62684 0.61021
vt 0.64461 0.61021
vt 0.64461 0.60882
vt 0.62684 0.60882
vt 0.69684 0.54774
vt 0.69786 0.55123
vt 0.71609 0.5519
vt 0.71898 0.54873
vt 0.71858 0.55991
vt 0.7156 0.56039
vt 0.71599 0.56878
vt 0.71898 0.56971
vt 0.69052 0.54793
vt 0.69239 0.55137
vt 0.69048 0.57091
vt 0.68894 0.57373
vt 0.69794 0.5601
vt 0.69839 0.56898
vt 0.69446 0.57428
vt 0.69502 0.57119
vt 0.69983 0.5713
vt 0.71603 0.571
vt 0.7189 0.57398
vt 0.68709 0.55175
vt 0.68387 0.54871
vt 0.70018 0.57444
vt 0.69273 0.56015
vt 0.69325 0.5688
vt 0.39559 0.04932
vt 0.396 0.05478
vt 0.39839 0.05367
vt 0.39778 0.04771
vt 0.27882 0.13918
vt 0.27891 0.10198
vt 0.23823 0.10195
vt 0.25561 0.13918
vt 0.95702 0.92767
vt 0.9577 0.89264
vt 0.93352 0.89269
vt 0.93283 0.92772
vt 0.25585 0.17422
vt 0.27906 0.17421
vt 0.27906 0.06695
vt 0.23838 0.06691
vt 0.95714 0.96487
vt 0.91718 0.96497
vt 0.91774 1
vt 0.9577 0.9999
vt 0.97061 0.13241
vt 0.97061 0.09201
vt 0.93557 0.09199
vt 0.93557 0.1324
vt 0.23454 0.08543
vt 0.23454 0.04434
vt 0.1995 0.04433
vt 0.1995 0.08543
vt 0.89505 0.25077
vt 0.93572 0.25073
vt 0.93563 0.21354
vt 0.91242 0.21353
vt 0.91139 0.17844
vt 0.93557 0.17849
vt 0.93489 0.14346
vt 0.9107 0.14342
vt 0.91267 0.17849
vt 0.93587 0.1785
vt 0.93587 0.28576
vt 0.8952 0.2858
vt 0.89561 0.07114
vt 0.89505 0.10617
vt 0.93501 0.10627
vt 0.93557 0.07124
vt 0.93587 0.2858
vt 0.97091 0.28579
vt 0.97091 0.24538
vt 0.93587 0.2454
vt 0.85224 0.21023
vt 0.88728 0.21022
vt 0.88728 0.16913
vt 0.85224 0.16913
vt 0.41533 0.24017
vt 0.4085 0.27085
vt 0.4383 0.27235
vt 0.43961 0.24167
vt 0.43955 0.22997
vt 0.43968 0.2381
vt 0.52266 0.23681
vt 0.52175 0.23232
vt 0.41807 0.2306
vt 0.41559 0.23674
vt 0.41403 0.23848
vt 0.41426 0.23676
vt 0.41238 0.23746
vt 0.41067 0.23954
vt 0.41381 0.24031
vt 0.41163 0.24206
vt 0.52424 0.23877
vt 0.43965 0.23986
vt 0.52339 0.24085
vt 0.52585 0.2704
vt 0.41545 0.23841
vt 0.41691 0.2306
vt 0.40683 0.27049
vt 0.4054 0.27018
vt 0.41575 0.23081
vt 0.20744 0.26427
vt 0.2085 0.29219
vt 0.23626 0.28839
vt 0.23628 0.26382
vt 0.2449 0.18568
vt 0.23978 0.26392
vt 0.2478 0.26392
vt 0.24975 0.18861
vt 0.23954 0.28849
vt 0.24582 0.28714
vt 0.23838 0.29142
vt 0.23934 0.28974
vt 0.23768 0.28974
vt 0.23655 0.29252
vt 0.23604 0.28974
vt 0.2344 0.29148
vt 0.24308 0.18359
vt 0.23806 0.26387
vt 0.24107 0.18413
vt 0.21219 0.17958
vt 0.23791 0.28843
vt 0.24558 0.28829
vt 0.2087 0.29369
vt 0.20888 0.29499
vt 0.24519 0.28925
vt 0.31692 0.52154
vt 0.32598 0.52153
vt 0.3259 0.43266
vt 0.31684 0.43266
vt 0.43611 0.98853
vt 0.34493 0.98678
vt 0.34471 0.99825
vt 0.43589 1
vt 0.00024 0.5306
vt 0.00014 0.54108
vt 0.06149 0.5412
vt 0.05344 0.53109
vt 0.05993 0.27565
vt 0.00594 0.27097
vt 0.00351 0.28861
vt 0.0593 0.29349
vt 0.00118 0.42782
vt 0.05395 0.42812
vt 0.34098 0.55958
vt 0.34126 0.54591
vt 0.32379 0.54555
vt 0.32351 0.55923
vt 0.00253 0.40127
vt 0.00209 0.40774
vt 0.06111 0.40858
vt 0.06067 0.40213
vt 0.43805 0.89076
vt 0.4424 0.97615
vt 0.45978 0.97527
vt 0.45542 0.88987
vt 0.33806 0.97415
vt 0.34662 0.96528
vt 0.34246 0.8969
vt 0.33421 0.88876
vt 0.33869 0.52845
vt 0.42679 0.52836
vt 0.42669 0.4273
vt 0.3386 0.42674
vt 0.00165 0.41749
vt 0.06151 0.41807
vt 5E-05 0.55147
vt 0 0.55732
vt 0.06136 0.5569
vt 0.06141 0.55122
vt 0.34093 0.97924
vt 0.4406 0.98086
vt 0.33364 0.52556
vt 0.33382 0.42842
vt 0.61489 0.52818
vt 0.61479 0.42851
vt 0.44019 0.70629
vt 0.33777 0.70432
vt 0.19929 0.46905
vt 0.20717 0.27613
vt 0.15224 0.28776
vt 0.14465 0.47188
vt 0.31684 0.88954
vt 0.32069 0.97493
vt 0.71002 0.52809
vt 0.68149 0.52812
vt 0.68151 0.54522
vt 0.71004 0.54519
vt 0.33871 0.54555
vt 0.42681 0.54547
vt 0.01878 0.02043
vt 0.028 0.00791
vt 0.02213 0
vt 0.00328 0.38262
vt 0.06043 0.38337
vt 0.14199 0.57581
vt 0.19652 0.5771
vt 0.20021 0.4866
vt 0.14553 0.48944
vt 0.42681 0.4102
vt 0.33871 0.40964
vt 0.15969 0.2764
vt 0.20744 0.26771
vt 0.20419 0.25055
vt 0.15658 0.25921
vt 0.44231 0.54796
vt 0.44203 0.56164
vt 0.62312 0.52817
vt 0.64339 0.52815
vt 0.64329 0.42874
vt 0.62302 0.42856
vt 0.00791 0.07602
vt 0.006 0.08333
vt 0.05744 0.0961
vt 0.04888 0.08497
vt 0.05003 0.07037
vt 0.01291 0.06223
vt 0.44115 0.61199
vt 0.44091 0.62618
vt 0.45841 0.62664
vt 0.45865 0.6123
vt 0.00015 0.5771
vt 0.06151 0.57668
vt 0.45949 0.56198
vt 0.45978 0.54831
vt 0.64328 0.41164
vt 0.62313 0.41146
vt 0.20496 0.23004
vt 0.15496 0.2285
vt 0.44007 0.6614
vt 0.33929 0.65921
vt 0.33803 0.69074
vt 0.44039 0.69272
vt 0.34025 0.59603
vt 0.44139 0.59809
vt 0.33998 0.6099
vt 0.45889 0.59842
vt 0.32249 0.60957
vt 0.32277 0.59568
vt 0.32178 0.65862
vt 0.32036 0.68994
vt 0.68139 0.42893
vt 0.70993 0.42911
vt 0.71004 0.41201
vt 0.68151 0.41183
vt 0.66387 0.52813
vt 0.66389 0.54524
vt 0.05014 0.01953
vt 0.05087 0.02901
vt 0.01689 0.0327
vt 0.05013 0.03863
vt 0.20639 0.19123
vt 0.16213 0.18062
vt 0.15808 0.19382
vt 0.19709 0.1711
vt 0.20744 0.16223
vt 0.43411 0.96802
vt 0.37118 0.90834
vt 0.37186 0.95676
vt 0.42954 0.89963
vt 0.01484 0.04673
vt 0.05009 0.04698
vt 0.62313 0.54528
vt 0.64341 0.54526
vt 0.33973 0.62408
vt 0.32222 0.62379
vt 0.44063 0.63827
vt 0.33951 0.63616
vt 0.33936 0.64688
vt 0.44046 0.649
vt 0.20573 0.20926
vt 0.15603 0.2079
vt 0.66377 0.42887
vt 0.66376 0.41176
vt 0.45796 0.6925
vt 0.45757 0.66147
vt 0.32186 0.64673
vt 0.322 0.63592
vt 0.45815 0.63877
vt 0.45796 0.64957
vt 0.1517 0.21656
vt 0.15122 0.21686
vt 0.15109 0.21714
vt 0.15146 0.21697
vt 0.05163 0.04211
vt 0.05305 0.04115
vt 0.05105 0.04113
vt 0.14358 0.21072
vt 0.15099 0.21722
vt 0.39877 0.91315
vt 0.40442 0.90816
vt 0.3755 0.91446
vt 0.40524 0.95658
vt 0.37753 0.95178
vt 0.4009 0.95046
vt 0.95657 0.31503
vt 0.95653 0.29315
vt 0.94698 0.29354
vt 0.94643 0.29383
vt 0.94658 0.31454
vt 0.9471 0.31481
vt 0.70263 0.33638
vt 0.70225 0.33723
vt 0.70483 0.33716
vt 0.70442 0.33621
vt 0.68731 0.33696
vt 0.68561 0.40833
vt 0.70147 0.40871
vt 0.7043 0.40894
vt 0.72032 0.40926
vt 0.71993 0.33697
vt 0.72321 0.40964
vt 0.72249 0.33721
vt 0.71915 0.31917
vt 0.7205 0.33556
vt 0.72306 0.33543
vt 0.72105 0.31837
vt 0.6859 0.33638
vt 0.70205 0.31812
vt 0.70269 0.31957
vt 0.70391 0.31958
vt 0.70485 0.31806
vt 0.68664 0.31923
vt 0.7186 0.31719
vt 0.72057 0.29919
vt 0.7182 0.29905
vt 0.71689 0.31779
vt 0.69016 0.31884
vt 0.70146 0.29893
vt 0.68684 0.30032
vt 0.69894 0.16945
vt 0.70026 0.26577
vt 0.70333 0.26573
vt 0.70229 0.16963
vt 0.72096 0.26576
vt 0.72099 0.16964
vt 0.72028 0.28146
vt 0.72129 0.26736
vt 0.70312 0.26708
vt 0.70354 0.28121
vt 0.70382 0.29888
vt 0.724 0.26561
vt 0.72429 0.16965
vt 0.70059 0.26701
vt 0.68251 0.26631
vt 0.68158 0.26767
vt 0.68011 0.1695
vt 0.72082 0.28256
vt 0.7204 0.28434
vt 0.7223 0.28495
vt 0.72291 0.28314
vt 0.70388 0.29508
vt 0.70128 0.29514
vt 0.71846 0.29194
vt 0.71896 0.28534
vt 0.70376 0.28479
vt 0.70385 0.2917
vt 0.72429 0.26751
vt 0.70085 0.28141
vt 0.71825 0.29539
vt 0.70092 0.28485
vt 0.70131 0.29188
vt 0.68651 0.29648
vt 0.68316 0.28255
vt 0.68487 0.28622
vt 0.68584 0.29329
vt 0.72294 0.28149
vt 0.72059 0.29177
vt 0.72124 0.28608
vt 0.70207 0.29261
vt 0.68399 0.29391
vt 0.70298 0.28379
vt 0.71922 0.2945
vt 0.7205 0.29577
vt 0.72101 0.29452
vt 0.70318 0.29251
vt 0.68433 0.29624
vt 0.70214 0.29426
vt 0.70173 0.28217
vt 0.68143 0.28329
vt 0.70323 0.29417
vt 0.71927 0.2929
vt 0.72102 0.29292
vt 0.68209 0.28592
vt 0.70184 0.28395
vt 0.70287 0.28201
vt 0.15141 0.21693
vt 0.13972 0.22255
vt 0.37884 0.09072
vt 0.37879 0.08596
vt 0.37664 0.08544
vt 0.37655 0.09062
vt 0.37846 0.07086
vt 0.37637 0.06986
vt 0.64877 0.59303
vt 0.64638 0.59193
vt 0.64597 0.59739
vt 0.64816 0.59899
vt 0.39075 0.09438
vt 0.38482 0.09674
vt 0.38493 0.09896
vt 0.39313 0.09523
vt 0.39604 0.07143
vt 0.39839 0.07054
vt 0.38819 0.04743
vt 0.38451 0.04793
vt 0.38394 0.05043
vt 0.38829 0.04992
vt 0.37773 0.09573
vt 0.37986 0.09851
vt 0.3808 0.09637
vt 0.37976 0.09496
vt 0.38759 0.05426
vt 0.38274 0.05407
vt 0.38224 0.07053
vt 0.38729 0.07066
vt 0.3945 0.0851
vt 0.39331 0.09003
vt 0.39584 0.09004
vt 0.39689 0.0845
vt 0.38624 0.08947
vt 0.38199 0.08973
vt 0.38193 0.09411
vt 0.38535 0.09389
vt 0.3845 0.046
vt 0.38094 0.04695
vt 0.38266 0.04828
vt 0.3822 0.08511
vt 0.38677 0.08479
vt 0.37923 0.05426
vt 0.37724 0.05302
vt 0.38837 0.04551
vt 0.38089 0.05091
vt 0.3789 0.04977
vt 0.394 0.04705
vt 0.39596 0.04523
vt 0.62703 0.56127
vt 0.62917 0.56074
vt 0.62923 0.55599
vt 0.62693 0.55608
vt 0.62675 0.57685
vt 0.62884 0.57585
vt 0.63531 0.54774
vt 0.6352 0.54997
vt 0.64113 0.55232
vt 0.64351 0.55147
vt 0.64877 0.57616
vt 0.64642 0.57527
vt 0.63432 0.59627
vt 0.63489 0.59877
vt 0.63857 0.59927
vt 0.63868 0.59678
vt 0.63118 0.55034
vt 0.63024 0.5482
vt 0.62811 0.55097
vt 0.63014 0.55175
vt 0.63262 0.57618
vt 0.63311 0.59264
vt 0.63797 0.59244
vt 0.63767 0.57605
vt 0.64622 0.55667
vt 0.64368 0.55667
vt 0.64489 0.56161
vt 0.64728 0.5622
vt 0.63231 0.5526
vt 0.63237 0.55698
vt 0.63662 0.55723
vt 0.63573 0.55282
vt 0.63304 0.59843
vt 0.63132 0.59976
vt 0.63488 0.6007
vt 0.63715 0.56192
vt 0.63258 0.56159
vt 0.62762 0.59368
vt 0.62962 0.59245
vt 0.63875 0.60119
vt 0.63127 0.5958
vt 0.62928 0.59694
vt 0.64438 0.59965
vt 0.64634 0.60147
vt 0.9505 0.61704
vt 0.95021 0.59135
vt 0.94852 0.59191
vt 0.94871 0.6146
vt 0.94866 0.57783
vt 0.94207 0.57543
vt 0.94065 0.57772
vt 0.94694 0.57969
vt 0.92089 0.58947
vt 0.9192 0.61375
vt 0.92107 0.61128
vt 0.92234 0.59009
vt 0.94732 0.64357
vt 0.94928 0.64142
vt 0.92671 0.57789
vt 0.92391 0.5826
vt 0.92505 0.58418
vt 0.92803 0.58039
vt 0.91911 0.58858
vt 0.91718 0.61368
vt 0.93409 0.57494
vt 0.9342 0.57756
vt 0.9524 0.61702
vt 0.9524 0.59102
vt 0.92983 0.58156
vt 0.9348 0.57976
vt 0.94526 0.58139
vt 0.94676 0.59192
vt 0.92109 0.6421
vt 0.92295 0.64207
vt 0.92297 0.61135
vt 0.94039 0.57976
vt 0.95108 0.64165
vt 0.94292 0.57275
vt 0.93386 0.57237
vt 0.92689 0.58422
vt 0.92409 0.5902
vt 0.91732 0.63977
vt 0.91929 0.6397
vt 0.92586 0.57545
vt 0.95042 0.5764
vt 0.94685 0.6145
vt 0.92278 0.58075
vt 0.47667 0.16554
vt 0.49595 0.16554
vt 0.49595 0.13631
vt 0.47667 0.13631
vt 0.94555 0.64349
vt 0.4768 0.1877
vt 0.49538 0.18724
vt 0.94472 0.66393
vt 0.94609 0.6647
vt 0.47744 0.19951
vt 0.49365 0.19387
vt 0.48254 0.1997
vt 0.49264 0.19772
vt 0.48777 0.19959
vt 0.93599 0.67393
vt 0.93664 0.67583
vt 0.94161 0.67551
vt 0.94065 0.6738
vt 0.92055 0.66253
vt 0.92188 0.66199
vt 0.91893 0.66331
vt 0.92421 0.66728
vt 0.92321 0.66862
vt 0.92543 0.67259
vt 0.92667 0.67065
vt 0.93121 0.67346
vt 0.93088 0.67536
vt 0.94795 0.66541
vt 0.93191 0.67192
vt 0.92833 0.66982
vt 0.94322 0.66364
vt 0.93958 0.67226
vt 0.92346 0.66192
vt 0.93611 0.67232
vt 0.93048 0.6772
vt 0.93679 0.67782
vt 0.9258 0.66729
vt 0.92467 0.67446
vt 0.94267 0.67692
vt 0.92223 0.67018
vt 0.49538 0.11461
vt 0.4768 0.11415
vt 0.47744 0.10234
vt 0.49365 0.10798
vt 0.48254 0.10215
vt 0.49264 0.10413
vt 0.48777 0.10225
vt 0.12302 0.05
vt 0.12244 0.05037
vt 0.12251 0.08102
vt 0.12308 0.08138
vt 0.12202 0.05146
vt 0.12129 0.05121
vt 0.12139 0.08026
vt 0.12212 0.08002
vt 0.13357 0.08015
vt 0.13437 0.08049
vt 0.13437 0.05072
vt 0.13356 0.05106
vt 0.13259 0.04971
vt 0.13294 0.04888
vt 0.12255 0.04919
vt 0.12262 0.08218
vt 0.13295 0.08238
vt 0.13259 0.08156
vt 0.12183 0.08151
vt 0.12173 0.04987
vt 0.13382 0.08179
vt 0.13316 0.08117
vt 0.13382 0.04947
vt 0.13318 0.05009
vt 0.9461 0.29444
vt 0.94539 0.29411
vt 0.94553 0.31428
vt 0.94625 0.31395
vt 0.95745 0.31412
vt 0.95823 0.31458
vt 0.95823 0.29358
vt 0.95743 0.29404
vt 0.95683 0.29233
vt 0.94655 0.29274
vt 0.9467 0.3156
vt 0.95688 0.31583
vt 0.94596 0.31506
vt 0.94581 0.2933
vt 0.95767 0.31538
vt 0.95711 0.31474
vt 0.95766 0.29278
vt 0.9571 0.29344
vt 0.23053 0.13308
vt 0.22529 0.13059
vt 0.22631 0.16528
vt 0.23298 0.16253
vt 0.23823 0.12076
vt 0.23823 0.17422
vt 0.22403 0.16768
vt 0.22316 0.12853
vt 0.22229 0.13104
vt 0.22315 0.13124
vt 0.22382 0.16472
vt 0.22294 0.16498
vt 0.31429 0.10062
vt 0.31429 0.06569
vt 0.31112 0.06696
vt 0.31091 0.09919
vt 0.2945 0.10217
vt 0.2952 0.06385
vt 0.29292 0.06491
vt 0.29216 0.10104
vt 0.29265 0.10603
vt 0.30904 0.10602
vt 0.30748 0.10249
vt 0.28856 0.06562
vt 0.28807 0.10022
vt 0.29122 0.09908
vt 0.29184 0.06695
vt 0.31251 0.10394
vt 0.30985 0.1012
vt 0.31016 0.06505
vt 0.31273 0.06254
vt 0.30799 0.06377
vt 0.30955 0.06045
vt 0.28948 0.10334
vt 0.29349 0.05998
vt 0.29023 0.06248
vt 0.53894 0.55471
vt 0.54031 0.5567
vt 0.54105 0.5551
vt 0.54022 0.55427
vt 0.53899 0.55256
vt 0.54035 0.55307
vt 0.54052 0.55088
vt 0.54119 0.55221
vt 0.54288 0.55082
vt 0.54239 0.55228
vt 0.54463 0.55246
vt 0.54323 0.55315
vt 0.54463 0.5549
vt 0.54312 0.55437
vt 0.54224 0.55522
vt 0.54293 0.55671
vt 0.54601 0.55437
vt 0.54607 0.55319
vt 0.54463 0.55265
vt 0.54463 0.55505
vt 0.54685 0.55524
vt 0.54634 0.5567
vt 0.5481 0.55529
vt 0.54873 0.55671
vt 0.54905 0.55455
vt 0.55049 0.55509
vt 0.54911 0.55338
vt 0.55049 0.5527
vt 0.54827 0.55251
vt 0.54877 0.55104
vt 0.54701 0.55246
vt 0.54639 0.55103
vt 0.5586 0.59507
vt 0.56021 0.59588
vt 0.57548 0.59625
vt 0.57718 0.59549
vt 0.56344 0.57161
vt 0.56419 0.57118
vt 0.55848 0.56521
vt 0.55644 0.567
vt 0.55744 0.58948
vt 0.55197 0.59407
vt 0.5562 0.60093
vt 0.70331 0.12402
vt 0.70239 0.12527
vt 0.72014 0.12502
vt 0.71913 0.12374
vt 0.56158 0.57397
vt 0.55195 0.57323
vt 0.55898 0.60213
vt 0.57641 0.60281
vt 0.57939 0.60171
vt 0.57025 0.57073
vt 0.57536 0.56256
vt 0.58425 0.59468
vt 0.57845 0.58982
vt 0.58425 0.57141
vt 0.57325 0.57349
vt 0.69642 0.12278
vt 0.69819 0.12174
vt 0.57103 0.57102
vt 0.57816 0.56431
vt 0.69895 0.10731
vt 0.69777 0.10691
vt 0.69728 0.11949
vt 0.69846 0.11923
vt 0.72529 0.10718
vt 0.72688 0.1064
vt 0.72615 0.10408
vt 0.72442 0.10506
vt 0.72594 0.12239
vt 0.72422 0.12128
vt 0.70401 0.10216
vt 0.70307 0.10093
vt 0.69713 0.10369
vt 0.69889 0.10479
vt 0.69556 0.12029
vt 0.72062 0.10122
vt 0.7196 0.10246
vt 0.72688 0.12007
vt 0.72528 0.11922
vt 0.69613 0.10601
vt 0.71924 0.10369
vt 0.72348 0.10584
vt 0.94155 0.29026
vt 0.92944 0.29026
vt 0.92752 0.29097
vt 0.9256 0.29555
vt 0.9256 0.31029
vt 0.92752 0.31509
vt 0.92944 0.31583
vt 0.94155 0.31583
vt 0.94347 0.31509
vt 0.94539 0.31029
vt 0.94539 0.29555
vt 0.94347 0.29097
vt 0.69915 0.12096
vt 0.70359 0.12278
vt 0.71879 0.1224
vt 0.72341 0.12048
vt 0.72417 0.10744
vt 0.70433 0.10348
vt 0.69975 0.10559
vt 0.72413 0.11886
vt 0.48076 0.0901
vt 0.48348 0.0963
vt 0.48522 0.09406
vt 0.48293 0.09019
vt 0.47667 0.08994
vt 0.48154 0.09877
vt 0.49242 0.07912
vt 0.48223 0.08155
vt 0.48396 0.08408
vt 0.49314 0.0832
vt 0.49204 0.10215
vt 0.49314 0.09791
vt 0.69928 0.09527
vt 0.69878 0.10062
vt 0.70137 0.10085
vt 0.70192 0.09544
vt 0.48554 0.08649
vt 0.49083 0.08599
vt 0.49062 0.09437
vt 0.70119 0.09076
vt 0.70598 0.09575
vt 0.70761 0.09167
vt 0.69575 0.08594
vt 0.69556 0.09122
vt 0.70099 0.08674
vt 0.69953 0.08223
vt 0.70212 0.08233
vt 0.70761 0.0864
vt 0.70611 0.08208
vt 0.70525 0.10093
vt 0.71942 0.13163
vt 0.70413 0.13177
vt 0.70247 0.13256
vt 0.72109 0.1324
vt 0.70898 0.1566
vt 0.70818 0.15617
vt 0.70082 0.16226
vt 0.70335 0.16414
vt 0.70012 0.12648
vt 0.69562 0.1335
vt 0.70127 0.13824
vt 0.91728 0.48787
vt 0.91718 0.50503
vt 0.91838 0.50411
vt 0.91857 0.48891
vt 0.70604 0.15385
vt 0.69556 0.15537
vt 0.70302 0.1253
vt 0.72334 0.12638
vt 0.72047 0.12527
vt 0.71507 0.15706
vt 0.72042 0.16363
vt 0.72232 0.13799
vt 0.72794 0.13327
vt 0.71778 0.15427
vt 0.72794 0.15547
vt 0.92074 0.5091
vt 0.91971 0.51088
vt 0.71582 0.15677
vt 0.72271 0.16193
vt 0.92301 0.51006
vt 0.93569 0.50968
vt 0.9353 0.5085
vt 0.9233 0.50887
vt 0.93885 0.48161
vt 0.93639 0.48085
vt 0.93558 0.48251
vt 0.93783 0.48338
vt 0.92103 0.48353
vt 0.91992 0.48173
vt 0.94159 0.50444
vt 0.9404 0.5035
vt 0.93781 0.50855
vt 0.9389 0.51031
vt 0.92219 0.51177
vt 0.94159 0.48739
vt 0.94033 0.4884
vt 0.92246 0.48092
vt 0.92331 0.48264
vt 0.93659 0.51133
vt 0.93693 0.4844
vt 0.93925 0.48867
vt 0.2841 0.30225
vt 0.28339 0.30418
vt 0.28339 0.31628
vt 0.2841 0.31821
vt 0.28868 0.32013
vt 0.30342 0.32013
vt 0.30821 0.31821
vt 0.30896 0.31628
vt 0.30896 0.30418
vt 0.30821 0.30225
vt 0.30342 0.30033
vt 0.28868 0.30033
vt 0.92151 0.50812
vt 0.91958 0.50382
vt 0.91978 0.4892
vt 0.92198 0.48453
vt 0.9353 0.48369
vt 0.93911 0.50317
vt 0.93701 0.5077
vt 0.53075 0.21315
vt 0.44348 0.1997
vt 0.43912 0.22958
vt 0.92362 0.48375
vt 0.94386 0.19357
vt 0.94258 0.1913
vt 0.93907 0.19665
vt 0.94125 0.19684
vt 0.93587 0.19587
vt 0.94123 0.18886
vt 0.94157 0.20326
vt 0.93863 0.20574
vt 0.94993 0.2106
vt 0.9515 0.20611
vt 0.95108 0.18725
vt 0.9515 0.1912
vt 0.55218 0.55711
vt 0.55248 0.55952
vt 0.55764 0.55893
vt 0.55745 0.55636
vt 0.94357 0.201
vt 0.94942 0.20254
vt 0.94875 0.19403
vt 0.557 0.55237
vt 0.56207 0.55708
vt 0.56099 0.55062
vt 0.5615 0.56248
vt 0.56678 0.56256
vt 0.56614 0.55702
vt 0.57077 0.55858
vt 0.57065 0.55587
vt 0.5663 0.55039
vt 0.57077 0.55178
vt 0.55195 0.5533
vt 0.05302 0.04453
vt 0.05166 0.04354
vt 0.05104 0.04448
vt 0.05194 0.04353
vt 0.05186 0.04212
vt 0.51844 0.18304
vt 0.51845 0.08715
vt 0.50792 0.08715
vt 0.50791 0.18316
vt 0.53074 0.08717
vt 0.53075 0.07065
vt 0.52129 0.07064
vt 0.52128 0.08716
vt 0.49597 0.07065
vt 0.49597 0.08717
vt 0.50501 0.08716
vt 0.50501 0.07064
vt 0.51845 0.07064
vt 0.50793 0.07063
vt 0.49595 0.18318
vt 0.49598 0.19969
vt 0.50501 0.1997
vt 0.50499 0.18318
vt 0.50792 0.19969
vt 0.51843 0.19956
vt 0.53072 0.19952
vt 0.53075 0.18301
vt 0.52128 0.18302
vt 0.52127 0.19954
vt 0.21908 0.1113
vt 0.23823 0.11127
vt 0.23823 0.10843
vt 0.21908 0.10846
vt 0.21906 0.09501
vt 0.23821 0.09499
vt 0.23823 0.08595
vt 0.21908 0.08597
vt 0.95503 0.2106
vt 0.93587 0.2106
vt 0.93587 0.21964
vt 0.95503 0.21964
vt 0.23821 0.09791
vt 0.21906 0.09793
vt 0.95503 0.22256
vt 0.93587 0.22256
vt 0.93587 0.23308
vt 0.95502 0.23308
vt 0.95502 0.23592
vt 0.93587 0.23592
vt 0.93587 0.24538
vt 0.95503 0.24538
vt 0.21906 0.12076
vt 0.23821 0.12074
vt 0.91883 0.82897
vt 0.92344 0.82883
vt 0.92328 0.81719
vt 0.919 0.81729
vt 0.92344 0.85026
vt 0.91808 0.85043
vt 0.92332 0.86851
vt 0.92312 0.86191
vt 0.91734 0.86205
vt 0.91733 0.86864
vt 0.92229 0.88218
vt 0.92291 0.87501
vt 0.91718 0.87511
vt 0.91751 0.88234
vt 0.92316 0.88705
vt 0.92155 0.88846
vt 0.92252 0.78523
vt 0.92143 0.78728
vt 0.9182 0.7962
vt 0.92198 0.79592
vt 0.92503 0.89123
vt 0.95592 0.8885
vt 0.95709 0.89264
vt 0.9554 0.88363
vt 0.95632 0.86998
vt 0.95596 0.87647
vt 0.95668 0.79685
vt 0.95689 0.81855
vt 0.95709 0.78615
vt 0.95666 0.85176
vt 0.95629 0.8634
vt 0.95694 0.83029
vt 0.52903 0.23796
vt 0.5243 0.23876
vt 0.52342 0.24085
vt 0.52782 0.23895
vt 0.52647 0.27035
vt 0.53075 0.26994
vt 0.40684 0.2379
vt 0.41234 0.23743
vt 0.41573 0.23079
vt 0.40887 0.20461
vt 0.39972 0.26903
vt 0.40495 0.27008
vt 0.41157 0.24206
vt 0.4067 0.2396
vt 0.52185 0.23234
vt 0.52272 0.2368
vt 0.52766 0.23744
vt 0.41135 0.20396
vt 0.41807 0.23058
vt 0.41011 0.20429
vt 0.41691 0.23058
vt 0.24893 0.29
vt 0.24561 0.2883
vt 0.24521 0.28927
vt 0.24832 0.29149
vt 0.25342 0.18641
vt 0.24989 0.18854
vt 0.24828 0.26394
vt 0.25188 0.26417
vt 0.23748 0.29574
vt 0.2384 0.29146
vt 0.23655 0.29257
vt 0.23689 0.29698
vt 0.2344 0.29151
vt 0.23614 0.29589
vt 0.24479 0.17879
vt 0.2431 0.18354
vt 0.24493 0.18563
vt 0.24508 0.18021
vt 0.24344 0.18001
vt 0.24107 0.1841
vt 0.21308 0.17422
vt 0.21227 0.17908
vt 0.20896 0.29553
vt 0.20952 0.29958
vt 0.24584 0.28714
vt 0.24941 0.28856
vt 0.40534 0.23841
vt 0.4106 0.23953
vt 0.27627 0.29614
vt 0.27595 0.29759
vt 0.27659 0.29469
vt 0.27906 0.18615
vt 0.27906 0.26666
vt 0.92328 0.75327
vt 0.92344 0.74163
vt 0.91883 0.74149
vt 0.919 0.75318
vt 0.92344 0.7202
vt 0.91808 0.72004
vt 0.91734 0.70841
vt 0.92312 0.70855
vt 0.92332 0.70195
vt 0.91733 0.70182
vt 0.91718 0.69535
vt 0.92291 0.69546
vt 0.92229 0.68828
vt 0.91751 0.68813
vt 0.92316 0.68341
vt 0.92155 0.68201
vt 0.9182 0.77427
vt 0.92143 0.78318
vt 0.92198 0.77455
vt 0.92503 0.67923
vt 0.95592 0.68196
vt 0.95709 0.67782
vt 0.9554 0.68683
vt 0.95632 0.70048
vt 0.95596 0.694
vt 0.95668 0.77361
vt 0.95689 0.75192
vt 0.95709 0.78432
vt 0.95666 0.71871
vt 0.95629 0.70706
vt 0.95694 0.74018
vt 0.55645 0.92817
vt 0.55607 0.92398
vt 0.53616 0.9207
vt 0.53639 0.92432
vt 0.56041 0.93838
vt 0.5411 0.93663
vt 0.54603 0.9481
vt 0.56398 0.9482
vt 0.53216 0.92072
vt 0.5291 0.92455
vt 0.53091 0.9264
vt 0.53538 0.93807
vt 0.53986 0.94894
vt 0.55296 0.95272
vt 0.57051 0.95435
vt 0.54438 0.9551
vt 0.62568 0.94212
vt 0.62595 0.94744
vt 0.57147 0.95745
vt 0.55693 0.95626
vt 0.55626 0.97128
vt 0.56137 0.97015
vt 0.54608 0.97606
vt 0.55142 0.9734
vt 0.62755 0.96409
vt 0.59268 0.9722
vt 0.60241 0.97528
vt 0.62568 0.95167
vt 0.6262 0.95828
vt 0.62566 0.93628
vt 0.63881 0.93592
vt 0.63566 0.88182
vt 0.62526 0.88182
vt 0.55277 0.88182
vt 0.62747 0.99834
vt 0.61121 0.98366
vt 0.61835 0.99757
vt 0.53141 0.88291
vt 0.52762 0.88323
vt 0.56652 0.96939
vt 0.52333 0.88367
vt 0.52719 0.91232
vt 0.57588 0.9698
vt 0.48736 0.95747
vt 0.50213 0.95344
vt 0.49035 0.95136
vt 0.52728 0.92285
vt 0.50391 0.96411
vt 0.5075 0.9569
vt 0.50339 0.95527
vt 0.49967 0.96235
vt 0.53471 0.97609
vt 0.53832 0.96619
vt 0.53387 0.96619
vt 0.53075 0.97461
vt 0.52669 0.97307
vt 0.52965 0.96526
vt 0.51924 0.96179
vt 0.51597 0.969
vt 0.49814 0.96172
vt 0.54111 0.97824
vt 0.54035 0.96467
vt 0.48077 0.94769
vt 0.47812 0.9531
vt 0.46213 0.9394
vt 0.45978 0.94421
vt 0.54425 0.97994
vt 0.55104 0.97614
vt 0.5458 0.96355
vt 0.54745 0.95876
vt 0.54503 0.95746
vt 0.54361 0.96072
vt 0.64225 0.95085
vt 0.63972 0.9466
vt 0.64552 0.95703
vt 0.63932 0.94147
vt 0.63778 0.99964
vt 0.64255 0.96668
vt 0.64534 0.96707
vt 0.64973 0.95886
vt 0.64061 1
vt 0.57527 0.97253
vt 0.56605 0.97246
vt 0.56535 0.9775
vt 0.57469 0.97764
vt 0.5921 0.97452
vt 0.59156 0.97956
vt 0.6018 0.97746
vt 0.61053 0.98574
vt 0.56094 0.97332
vt 0.55586 0.97441
vt 0.59972 0.98373
vt 0.60925 0.99708
vt 0.61655 0.99751
vt 0.54976 0.98234
vt 0.55493 0.97948
vt 0.56009 0.97837
vt 0.53616 0.84293
vt 0.55607 0.83965
vt 0.55645 0.83546
vt 0.53639 0.83932
vt 0.54603 0.81553
vt 0.5411 0.827
vt 0.56041 0.82526
vt 0.56398 0.81544
vt 0.5291 0.83909
vt 0.53216 0.84292
vt 0.53091 0.83723
vt 0.53538 0.82557
vt 0.53986 0.8147
vt 0.57051 0.80928
vt 0.55296 0.81092
vt 0.54438 0.80854
vt 0.62568 0.82152
vt 0.62595 0.8162
vt 0.55626 0.79235
vt 0.55693 0.80737
vt 0.57147 0.80618
vt 0.56137 0.79349
vt 0.55142 0.79023
vt 0.54608 0.78758
vt 0.59268 0.79144
vt 0.62755 0.79955
vt 0.60241 0.78835
vt 0.62568 0.81197
vt 0.6262 0.80535
vt 0.63881 0.82772
vt 0.62566 0.82735
vt 0.61121 0.77997
vt 0.62747 0.7653
vt 0.61835 0.76607
vt 0.53141 0.88073
vt 0.52762 0.88041
vt 0.56652 0.79424
vt 0.52719 0.85132
vt 0.52333 0.87997
vt 0.57588 0.79384
vt 0.48736 0.80616
vt 0.49035 0.81227
vt 0.50213 0.8102
vt 0.52728 0.84079
vt 0.50339 0.80837
vt 0.5075 0.80674
vt 0.50391 0.79952
vt 0.49967 0.80128
vt 0.53387 0.79745
vt 0.53832 0.79745
vt 0.53471 0.78755
vt 0.53075 0.78903
vt 0.51924 0.80184
vt 0.52965 0.79837
vt 0.52669 0.79056
vt 0.51597 0.79464
vt 0.49814 0.80192
vt 0.54035 0.79897
vt 0.54111 0.7854
vt 0.47812 0.81054
vt 0.48077 0.81595
vt 0.45978 0.81943
vt 0.46213 0.82424
vt 0.54425 0.78369
vt 0.55104 0.7875
vt 0.5458 0.80008
vt 0.54361 0.80292
vt 0.54503 0.80618
vt 0.54745 0.80487
vt 0.64225 0.81279
vt 0.63972 0.81704
vt 0.64552 0.8066
vt 0.63932 0.82216
vt 0.64255 0.79696
vt 0.63778 0.764
vt 0.64534 0.79657
vt 0.64973 0.80478
vt 0.64061 0.76364
vt 0.56535 0.78613
vt 0.56605 0.79118
vt 0.57527 0.79111
vt 0.57469 0.786
vt 0.5921 0.78912
vt 0.59156 0.78407
vt 0.6018 0.78618
vt 0.61053 0.77789
vt 0.56094 0.79031
vt 0.55586 0.78922
vt 0.59972 0.77991
vt 0.60925 0.76656
vt 0.61655 0.76612
vt 0.54976 0.7813
vt 0.55493 0.78416
vt 0.56009 0.78527
vt 0.05142 0.71866
vt 0.02648 0.71207
vt 0.02626 0.7186
vt 0.04933 0.72283
vt 0.00663 0.70962
vt 0.00777 0.71845
vt 0.25466 0.7886
vt 0.26338 0.7886
vt 0.25638 0.73476
vt 0.24841 0.73692
vt 0.00959 0.7208
vt 0.00811 0.71899
vt 0.00403 0.72407
vt 0.00554 0.72569
vt 0.07127 0.78874
vt 0.07241 0.73419
vt 0.06995 0.73409
vt 0.06923 0.78875
vt 0.24171 0.7204
vt 0.2384 0.72016
vt 0.23481 0.72982
vt 0.24295 0.73011
vt 0.06934 0.72932
vt 0.06488 0.729
vt 0.06503 0.73462
vt 0.06533 0.78876
vt 0.07753 0.72934
vt 0.14152 0.72284
vt 0.14325 0.71464
vt 0.14289 0.71452
vt 0.07869 0.72533
vt 0.14164 0.73286
vt 0.15277 0.73364
vt 0.15293 0.7245
vt 0.23479 0.73822
vt 0.24347 0.73785
vt 0.1401 0.78865
vt 0.15197 0.78865
vt 0.16567 0.70417
vt 0.16733 0.70419
vt 0.16591 0.69329
vt 0.1651 0.69319
vt 0.16609 0.67637
vt 0.16466 0.67564
vt 0.16355 0.69366
vt 0.2492 0.70074
vt 0.24189 0.7123
vt 0.24258 0.71281
vt 0.24995 0.70106
vt 0.15814 0.7244
vt 0.15803 0.73369
vt 0.16306 0.73371
vt 0.16325 0.7245
vt 0.17672 0.65576
vt 0.20304 0.6436
vt 0.18166 0.64197
vt 0.17513 0.65585
vt 0.25185 0.72465
vt 0.24768 0.73064
vt 0.16767 0.64148
vt 0.14433 0.65358
vt 0.14249 0.67305
vt 0.15323 0.67443
vt 0.15587 0.65455
vt 0.24798 0.72168
vt 0.26419 0.70782
vt 0.25884 0.70439
vt 0.27385 0.68987
vt 0.28341 0.69701
vt 0.29503 0.67917
vt 0.2813 0.67059
vt 0.14556 0.63974
vt 0.15722 0.64084
vt 0.15905 0.6087
vt 0.14756 0.60784
vt 0.16878 0.65789
vt 0.16268 0.69377
vt 0.16335 0.70577
vt 0.16421 0.70539
vt 0.28054 0.6538
vt 0.274 0.66749
vt 0.28886 0.65712
vt 0.30261 0.66577
vt 0.29794 0.66213
vt 0.26193 0.67399
vt 0.25983 0.6752
vt 0.25702 0.68515
vt 0.25905 0.68466
vt 0.17936 0.61811
vt 0.1689 0.60933
vt 0.18239 0.6213
vt 0.16383 0.67559
vt 0.16624 0.66214
vt 0.28118 0.6283
vt 0.25865 0.6236
vt 0.25575 0.62924
vt 0.26762 0.68662
vt 0.25126 0.6323
vt 0.27849 0.65005
vt 0.18915 0.62544
vt 0.23959 0.64904
vt 0.22628 0.63364
vt 0.21876 0.63279
vt 0.24375 0.63432
vt 0.23521 0.63432
vt 0.17529 0.60915
vt 0.07301 0.7267
vt 0.07257 0.7295
vt 0.07033 0.72591
vt 0.07475 0.73432
vt 0.14164 0.85444
vt 0.14174 0.84442
vt 0.07519 0.84311
vt 0.07726 0.8479
vt 0.2523 0.70234
vt 0.24453 0.71516
vt 0.14191 0.69329
vt 0.15186 0.69364
vt 0.1432 0.71375
vt 0.15215 0.71321
vt 0.16511 0.70913
vt 0.16123 0.71297
vt 0.20965 0.63133
vt 0.19532 0.62769
vt 0.20421 0.63024
vt 0.05419 0.71659
vt 0.07344 0.72414
vt 0.07511 0.72516
vt 0.00857 0.70418
vt 0.02827 0.70791
vt 0.21958 0.62474
vt 0.22009 0.62136
vt 0.21226 0.62001
vt 0.21161 0.62337
vt 0.19587 0.62603
vt 0.20463 0.62853
vt 0.25471 0.62302
vt 0.25525 0.6213
vt 0.25182 0.62143
vt 0.25233 0.62408
vt 0.22645 0.63196
vt 0.23527 0.63263
vt 0.20997 0.62961
vt 0.219 0.63108
vt 0.18402 0.61303
vt 0.18559 0.61055
vt 0.17994 0.60744
vt 0.17988 0.60951
vt 0.2547 0.62827
vt 0.25713 0.62417
vt 0.17724 0.61015
vt 0.17869 0.60985
vt 0.24166 0.62619
vt 0.24142 0.6229
vt 0.23432 0.62283
vt 0.23417 0.6262
vt 0.19895 0.62019
vt 0.19693 0.62387
vt 0.20539 0.62627
vt 0.20685 0.62238
vt 0.24768 0.62215
vt 0.24829 0.62522
vt 0.23497 0.63028
vt 0.24291 0.63031
vt 0.18718 0.61507
vt 0.18879 0.61222
vt 0.18341 0.62004
vt 0.1899 0.62388
vt 0.21054 0.6273
vt 0.21924 0.62874
vt 0.24352 0.63258
vt 0.18194 0.61576
vt 0.25585 0.62371
vt 0.2506 0.63083
vt 0.22624 0.6256
vt 0.22643 0.62965
vt 0.1805 0.61725
vt 0.22659 0.62222
vt 0.20767 0.61901
vt 0.19999 0.61689
vt 0.18483 0.61829
vt 0.19112 0.62185
vt 0.19337 0.61825
vt 0.19473 0.61507
vt 0.24965 0.62884
vt 0.25362 0.62677
vt 0.25668 0.66422
vt 0.2619 0.66794
vt 0.2628 0.67411
vt 0.1674 0.70744
vt 0.16794 0.70697
vt 0.17076 0.66035
vt 0.17217 0.66131
vt 0.17746 0.66006
vt 0.17644 0.65861
vt 0.17182 0.71043
vt 0.17211 0.70948
vt 0.25455 0.66846
vt 0.25428 0.66692
vt 0.25879 0.66981
vt 0.25779 0.67099
vt 0.25883 0.67528
vt 0.26101 0.6684
vt 0.16559 0.70871
vt 0.17025 0.71237
vt 0.17025 0.71169
vt 0.23836 0.71778
vt 0.23847 0.71874
vt 0.24196 0.71767
vt 0.24155 0.71684
vt 0.16705 0.66242
vt 0.16941 0.65862
vt 0.25626 0.66538
vt 0.24386 0.71452
vt 0.16694 0.67653
vt 0.16916 0.66449
vt 0.16839 0.66414
vt 0.23965 0.71438
vt 0.24014 0.71512
vt 0.17524 0.65687
vt 0.23676 0.71528
vt 0.2369 0.71634
vt 0.26 0.68534
vt 0.25156 0.70187
vt 0.25619 0.68493
vt 0.17013 0.71351
vt 0.14338 0.8626
vt 0.14333 0.86349
vt 0.15226 0.86402
vt 0.15303 0.85275
vt 0.00981 0.72131
vt 0.0264 0.72117
vt 0.02643 0.72072
vt 0.06256 0.7357
vt 0.06202 0.73562
vt 0.06132 0.78878
vt 0.06218 0.78878
vt 0.00261 0.789
vt 0.00361 0.789
vt 0.0063 0.72596
vt 0.0478 0.7249
vt 0.0479 0.72448
vt 0.06446 0.72939
vt 0.04916 0.72334
vt 0.00326 0.7239
vt 0 0.78901
vt 0.00124 0.78901
vt 0.02621 0.71915
vt 0.04731 0.78883
vt 0.04729 0.73087
vt 0.02639 0.72674
vt 0.02568 0.78892
vt 0.06154 0.7303
vt 0.06104 0.73055
vt 0.0644 0.73476
vt 0.06443 0.78877
vt 0.07284 0.84328
vt 0.07331 0.78873
vt 0.26113 0.73127
vt 0.27185 0.71603
vt 0.2597 0.73365
vt 0.25623 0.73439
vt 0.31443 0.63352
vt 0.30383 0.65191
vt 0.30865 0.65524
vt 0.31684 0.64099
vt 0.25942 0.73641
vt 0.24858 0.7886
vt 0.16251 0.78864
vt 0.23912 0.7886
vt 0.15733 0.78864
vt 0.26589 0.7886
vt 0.30097 0.65687
vt 0.30572 0.66035
vt 0.21948 0.58634
vt 0.22634 0.58782
vt 0.23212 0.5889
vt 0.23894 0.59004
vt 0.2591 0.59281
vt 0.26326 0.59345
vt 0.2085 0.58367
vt 0.2153 0.58539
vt 0.18262 0.5771
vt 0.18683 0.57809
vt 0.19767 0.58073
vt 0.20358 0.58235
vt 0.2453 0.59096
vt 0.25113 0.59172
vt 0.19424 0.57977
vt 0.25534 0.59228
vt 0.02676 0.85928
vt 0.02703 0.86582
vt 0.05196 0.85902
vt 0.04983 0.85486
vt 0.00825 0.85957
vt 0.00717 0.86842
vt 0.2564 0.84243
vt 0.24843 0.84027
vt 0.00446 0.85396
vt 0.00858 0.85903
vt 0.01006 0.8572
vt 0.00597 0.85234
vt 0.0704 0.84338
vt 0.23843 0.85703
vt 0.24174 0.85678
vt 0.24297 0.84708
vt 0.23483 0.84738
vt 0.06534 0.84853
vt 0.07042 0.8475
vt 0.06546 0.8429
vt 0.07923 0.852
vt 0.14302 0.86272
vt 0.15285 0.84362
vt 0.24349 0.83935
vt 0.23481 0.83898
vt 0.16601 0.88392
vt 0.16743 0.87303
vt 0.16577 0.87305
vt 0.1652 0.88402
vt 0.24261 0.86437
vt 0.24192 0.86488
vt 0.24923 0.87643
vt 0.24998 0.87611
vt 0.16314 0.84354
vt 0.15811 0.84357
vt 0.15823 0.85284
vt 0.16334 0.85274
vt 0.18177 0.93518
vt 0.20313 0.93355
vt 0.17683 0.92141
vt 0.17524 0.92132
vt 0.25187 0.85254
vt 0.2477 0.84655
vt 0.1678 0.93568
vt 0.15335 0.90276
vt 0.14262 0.90414
vt 0.14447 0.9236
vt 0.156 0.92262
vt 0.26421 0.86935
vt 0.248 0.8555
vt 0.25886 0.87279
vt 0.29504 0.89797
vt 0.28342 0.88014
vt 0.27386 0.88728
vt 0.28131 0.90654
vt 0.15919 0.96844
vt 0.15735 0.93633
vt 0.14571 0.93743
vt 0.14771 0.9693
vt 0.1689 0.91929
vt 0.16345 0.87145
vt 0.16278 0.88344
vt 0.16366 0.88354
vt 0.16431 0.87183
vt 0.27403 0.90965
vt 0.28057 0.92332
vt 0.28888 0.92001
vt 0.29795 0.915
vt 0.30261 0.91136
vt 0.16477 0.90156
vt 0.1662 0.90083
vt 0.16904 0.9678
vt 0.17948 0.95903
vt 0.18251 0.95584
vt 0.16395 0.9016
vt 0.16636 0.91504
vt 0.28122 0.9488
vt 0.25581 0.94787
vt 0.25871 0.9535
vt 0.26764 0.89053
vt 0.27852 0.92707
vt 0.25132 0.94482
vt 0.18926 0.9517
vt 0.22636 0.94349
vt 0.23965 0.9281
vt 0.21885 0.94434
vt 0.23528 0.94281
vt 0.24381 0.94281
vt 0.17542 0.96798
vt 0.07307 0.84795
vt 0.07354 0.85075
vt 0.07086 0.85158
vt 0.24456 0.86203
vt 0.25233 0.87484
vt 0.15197 0.88357
vt 0.14203 0.88392
vt 0.16521 0.86809
vt 0.16132 0.86426
vt 0.20974 0.9458
vt 0.19543 0.94945
vt 0.20431 0.9469
vt 0.05476 0.86107
vt 0.07401 0.85331
vt 0.07567 0.85225
vt 0.00915 0.87385
vt 0.02886 0.86997
vt 0.21235 0.95712
vt 0.22018 0.95576
vt 0.21967 0.95238
vt 0.21171 0.95375
vt 0.19598 0.9511
vt 0.20473 0.94861
vt 0.25188 0.95568
vt 0.2553 0.95581
vt 0.25477 0.95409
vt 0.25239 0.95303
vt 0.22653 0.94516
vt 0.23534 0.94449
vt 0.21006 0.94753
vt 0.21909 0.94605
vt 0.18007 0.96969
vt 0.18572 0.96658
vt 0.18415 0.9641
vt 0.18001 0.96762
vt 0.25476 0.94884
vt 0.25719 0.95293
vt 0.17882 0.96728
vt 0.17737 0.96698
vt 0.2344 0.95429
vt 0.24149 0.95421
vt 0.24173 0.95092
vt 0.23424 0.95092
vt 0.20549 0.95087
vt 0.19703 0.95327
vt 0.19906 0.95694
vt 0.20695 0.95475
vt 0.24774 0.95496
vt 0.24836 0.95189
vt 0.24297 0.94681
vt 0.23505 0.94684
vt 0.18891 0.96491
vt 0.18729 0.96206
vt 0.18353 0.9571
vt 0.19001 0.95325
vt 0.21933 0.94838
vt 0.21063 0.94983
vt 0.24359 0.94455
vt 0.18207 0.96137
vt 0.25591 0.9534
vt 0.25066 0.94629
vt 0.22651 0.94748
vt 0.22632 0.95152
vt 0.18062 0.95989
vt 0.22667 0.9549
vt 0.20009 0.96023
vt 0.20777 0.95812
vt 0.18495 0.95885
vt 0.19124 0.95528
vt 0.19348 0.95888
vt 0.19485 0.96206
vt 0.24971 0.94827
vt 0.25368 0.95034
vt 0.25672 0.91292
vt 0.26193 0.9092
vt 0.26283 0.90304
vt 0.16804 0.87024
vt 0.16749 0.86978
vt 0.17756 0.91711
vt 0.17228 0.91586
vt 0.17087 0.91682
vt 0.17655 0.91856
vt 0.1722 0.86774
vt 0.17191 0.86679
vt 0.25459 0.90869
vt 0.25432 0.91022
vt 0.25886 0.90187
vt 0.25782 0.90615
vt 0.25883 0.90733
vt 0.25987 0.90195
vt 0.26196 0.90316
vt 0.26105 0.90874
vt 0.17034 0.86485
vt 0.16568 0.86851
vt 0.17034 0.86553
vt 0.24199 0.85952
vt 0.2385 0.85845
vt 0.23839 0.85941
vt 0.24158 0.86035
vt 0.16717 0.91475
vt 0.16952 0.91856
vt 0.2563 0.91176
vt 0.24389 0.86267
vt 0.16927 0.91269
vt 0.16705 0.90066
vt 0.1685 0.91304
vt 0.23968 0.86281
vt 0.24017 0.86207
vt 0.17535 0.9203
vt 0.23679 0.86191
vt 0.23694 0.86085
vt 0.26003 0.89182
vt 0.25908 0.8925
vt 0.25706 0.89201
vt 0.25159 0.8753
vt 0.25623 0.89223
vt 0.17022 0.86372
vt 0.02688 0.8567
vt 0.01027 0.85669
vt 0.02692 0.85716
vt 0.06244 0.84192
vt 0.06297 0.84184
vt 0.00673 0.85206
vt 0.04828 0.8528
vt 0.04838 0.85321
vt 0.06493 0.84815
vt 0.04965 0.85434
vt 0.0037 0.85414
vt 0.02671 0.85873
vt 0.02683 0.85113
vt 0.04772 0.84683
vt 0.06149 0.84702
vt 0.06199 0.84726
vt 0.06482 0.84276
vt 0.26115 0.84592
vt 0.27187 0.86115
vt 0.25971 0.84354
vt 0.25624 0.8428
vt 0.30866 0.92187
vt 0.30384 0.9252
vt 0.31444 0.94358
vt 0.31683 0.9361
vt 0.25943 0.84078
vt 0.30572 0.91677
vt 0.30098 0.92024
vt 0.21959 0.99075
vt 0.22643 0.98927
vt 0.23222 0.98819
vt 0.23903 0.98705
vt 0.25917 0.98427
vt 0.26332 0.98363
vt 0.20862 0.99343
vt 0.21541 0.99171
vt 0.18276 1
vt 0.18696 0.99901
vt 0.1978 0.99637
vt 0.2037 0.99475
vt 0.24538 0.98613
vt 0.25121 0.98536
vt 0.19436 0.99733
vt 0.25541 0.98481
vt 0.52414 0.61923
vt 0.52448 0.61787
vt 0.50836 0.61663
vt 0.50848 0.61795
vt 0.48851 0.62016
vt 0.48593 0.61046
vt 0.46658 0.61708
vt 0.47269 0.62655
vt 0.46871 0.63212
vt 0.46252 0.62249
vt 0.46167 0.7434
vt 0.46784 0.73359
vt 0.55545 0.75968
vt 0.58681 0.76221
vt 0.58681 0.60427
vt 0.55455 0.60685
vt 0.47191 0.73932
vt 0.46575 0.74891
vt 0.48529 0.75572
vt 0.48798 0.7459
vt 0.47011 0.62883
vt 0.46387 0.61919
vt 0.46301 0.74677
vt 0.46929 0.73699
vt 0.50818 0.74826
vt 0.50805 0.74961
vt 0.52453 0.74836
vt 0.52419 0.74698
vt 0.53115 0.74149
vt 0.53755 0.76063
vt 0.53707 0.60594
vt 0.53094 0.62453
vt 0.47224 0.63613
vt 0.47388 0.63669
vt 0.47513 0.63375
vt 0.4739 0.63288
vt 0.4732 0.72919
vt 0.47165 0.72969
vt 0.52092 0.74349
vt 0.50718 0.74475
vt 0.46941 0.73327
vt 0.4706 0.73615
vt 0.47138 0.62966
vt 0.47017 0.63246
vt 0.51059 0.75999
vt 0.51086 0.60645
vt 0.47357 0.62774
vt 0.4755 0.73494
vt 0.47625 0.73379
vt 0.47437 0.73205
vt 0.47316 0.73292
vt 0.48893 0.62146
vt 0.47623 0.63088
vt 0.47698 0.63203
vt 0.49025 0.62589
vt 0.48991 0.62465
vt 0.52917 0.62502
vt 0.52676 0.62914
vt 0.52668 0.73702
vt 0.52924 0.74102
vt 0.4728 0.73812
vt 0.48842 0.74458
vt 0.50716 0.74341
vt 0.48979 0.7401
vt 0.48943 0.74136
vt 0.50749 0.6214
vt 0.50748 0.62272
vt 0.52034 0.62393
vt 0.52093 0.62263
vt 0.52517 0.62949
vt 0.52519 0.73669
vt 0.52032 0.74215
vt 0.5286 0.61989
vt 0.52875 0.74629
vt 0.52453 0.62479
vt 0.52748 0.62109
vt 0.52759 0.74507
vt 0.52462 0.74129
vt 0.52344 0.74042
vt 0.52334 0.62564
vt 0.5103 0.605
vt 0.53662 0.6045
vt 0.5543 0.60548
vt 0.55521 0.76105
vt 0.53709 0.76211
vt 0.46237 0.61843
vt 0.46543 0.61589
vt 0.46458 0.75012
vt 0.46148 0.74754
vt 0.46069 0.62222
vt 0.45978 0.74365
vt 0.48516 0.6091
vt 0.4845 0.7571
vt 0.58667 0.60281
vt 0.58668 0.76364
vt 0.51001 0.76147
vt 0.68005 0.40053
vt 0.68011 0.30898
vt 0.6642 0.30915
vt 0.66442 0.4006
vt 0.65064 0.30941
vt 0.65127 0.40072
vt 0.63592 0.40082
vt 0.64653 0.3894
vt 0.64243 0.3919
vt 0.61431 0.31276
vt 0.61701 0.31274
vt 0.61642 0.28285
vt 0.61362 0.28933
vt 0.55072 0.32595
vt 0.54768 0.32428
vt 0.54628 0.3263
vt 0.54939 0.32767
vt 0.59319 0.29606
vt 0.59481 0.2926
vt 0.56679 0.30849
vt 0.56695 0.3114
vt 0.56903 0.40271
vt 0.56869 0.40559
vt 0.59346 0.40503
vt 0.59202 0.40234
vt 0.54717 0.39909
vt 0.54405 0.40203
vt 0.54543 0.40262
vt 0.54852 0.39997
vt 0.54509 0.33005
vt 0.54746 0.33194
vt 0.54611 0.39622
vt 0.5435 0.39961
vt 0.61168 0.28805
vt 0.61156 0.2888
vt 0.61307 0.28965
vt 0.60959 0.39635
vt 0.61279 0.39874
vt 0.61473 0.39644
vt 0.61177 0.39391
vt 0.56958 0.39818
vt 0.56949 0.39945
vt 0.59056 0.39914
vt 0.59023 0.39789
vt 0.54697 0.39608
vt 0.54766 0.39868
vt 0.5488 0.39935
vt 0.56909 0.40206
vt 0.5507 0.39682
vt 0.55136 0.39565
vt 0.61372 0.31277
vt 0.55098 0.33461
vt 0.54999 0.33372
vt 0.54885 0.39332
vt 0.54997 0.39268
vt 0.59157 0.30056
vt 0.59346 0.29654
vt 0.56732 0.31188
vt 0.56762 0.31497
vt 0.54826 0.33208
vt 0.61312 0.39934
vt 0.61571 0.39676
vt 0.59197 0.40167
vt 0.55114 0.32638
vt 0.5532 0.32799
vt 0.60832 0.2931
vt 0.54998 0.32802
vt 0.60861 0.39523
vt 0.61068 0.39325
vt 0.6101 0.29415
vt 0.55189 0.3296
vt 0.54938 0.39595
vt 0.61363 0.31728
vt 0.61061 0.31273
vt 0.61075 0.31728
vt 0.55276 0.32899
vt 0.55035 0.39498
vt 0.61873 0.40192
vt 0.61445 0.31728
vt 0.60935 0.31198
vt 0.55321 0.32965
vt 0.55316 0.32876
vt 0.55128 0.33313
vt 0.55197 0.33427
vt 0.63221 0.31076
vt 0.62978 0.27934
vt 0.63559 0.39044
vt 0.64114 0.31006
vt 0.63988 0.2779
vt 0.66424 0.27713
vt 0.65048 0.27722
vt 0.67972 0.27713
vt 0.61717 0.31712
vt 0.60934 0.31863
vt 0.59012 0.32263
vt 0.59011 0.32137
vt 0.57034 0.32823
vt 0.57006 0.32714
vt 0.59059 0.31804
vt 0.57086 0.32355
vt 0.59001 0.31698
vt 0.57046 0.32251
vt 0.55329 0.33386
vt 0.5528 0.33275
vt 0.55441 0.32937
vt 0.55413 0.32827
vt 0.63795 0.39207
vt 0.63752 0.3761
vt 0.63505 0.37822
vt 0.64011 0.39195
vt 0.638 0.38766
vt 0.63904 0.38814
vt 0.63997 0.37583
vt 0.64666 0.3791
vt 0.64252 0.3759
vt 0.64413 0.38677
vt 0.64394 0.38157
vt 0.63998 0.38819
vt 0.64099 0.38801
vt 0.64103 0.38773
vt 0.63897 0.38006
vt 0.63801 0.38069
vt 0.63996 0.38006
vt 0.641 0.38024
vt 0.64105 0.38052
vt 0.64229 0.38517
vt 0.64157 0.38591
vt 0.64325 0.38558
vt 0.64274 0.385
vt 0.64281 0.38306
vt 0.64324 0.38257
vt 0.64149 0.38213
vt 0.64237 0.38289
vt 0.64401 0.3866
vt 0.64386 0.38171
vt 0.64209 0.38318
vt 0.64206 0.3849
vt 0.64183 0.38306
vt 0.64176 0.38503
vt 0.52423 0.37279
vt 0.54026 0.37303
vt 0.54019 0.28097
vt 0.52443 0.28088
vt 0.51061 0.37247
vt 0.51117 0.28086
vt 0.50642 0.29226
vt 0.49569 0.28083
vt 0.50228 0.28976
vt 0.47597 0.3988
vt 0.47704 0.36893
vt 0.47435 0.36888
vt 0.47324 0.39233
vt 0.40656 0.35648
vt 0.40799 0.35858
vt 0.41105 0.35697
vt 0.40973 0.35513
vt 0.42685 0.37382
vt 0.45431 0.38911
vt 0.45268 0.3857
vt 0.42699 0.37099
vt 0.45307 0.27688
vt 0.42827 0.27656
vt 0.42864 0.27945
vt 0.45166 0.27958
vt 0.40489 0.27981
vt 0.40352 0.28042
vt 0.40669 0.28334
vt 0.40804 0.28243
vt 0.40541 0.35277
vt 0.40779 0.35081
vt 0.4276 0.36788
vt 0.42735 0.37051
vt 0.45295 0.38522
vt 0.45149 0.38206
vt 0.40301 0.28286
vt 0.40566 0.28623
vt 0.41319 0.35518
vt 0.41148 0.35655
vt 0.47115 0.39285
vt 0.47127 0.3936
vt 0.47269 0.392
vt 0.4681 0.38899
vt 0.47007 0.38775
vt 0.46914 0.38675
vt 0.4675 0.38754
vt 0.45022 0.28281
vt 0.42913 0.28272
vt 0.42924 0.28399
vt 0.4499 0.28406
vt 0.40652 0.28636
vt 0.40718 0.28373
vt 0.4125 0.35324
vt 0.41417 0.35455
vt 0.41344 0.35384
vt 0.40833 0.28305
vt 0.42871 0.28011
vt 0.41026 0.28557
vt 0.41094 0.28673
vt 0.47376 0.36886
vt 0.40845 0.28911
vt 0.4103 0.34903
vt 0.41129 0.34809
vt 0.40958 0.28974
vt 0.47153 0.28789
vt 0.47449 0.28534
vt 0.47253 0.28304
vt 0.46934 0.28547
vt 0.40861 0.35067
vt 0.47286 0.28244
vt 0.47548 0.28502
vt 0.45161 0.28025
vt 0.45149 0.38076
vt 0.42805 0.36681
vt 0.40895 0.28646
vt 0.41034 0.35478
vt 0.46837 0.28659
vt 0.47045 0.28856
vt 0.47372 0.3644
vt 0.47089 0.3644
vt 0.47079 0.3689
vt 0.40993 0.28742
vt 0.47847 0.27982
vt 0.47454 0.3644
vt 0.41393 0.35393
vt 0.41382 0.35303
vt 0.41164 0.34958
vt 0.46944 0.36965
vt 0.41229 0.34841
vt 0.48925 0.40246
vt 0.49216 0.37102
vt 0.49542 0.29125
vt 0.49942 0.40398
vt 0.50108 0.37178
vt 0.51013 0.40478
vt 0.52404 0.40505
vt 0.53968 0.40521
vt 0.47723 0.36457
vt 0.46947 0.36305
vt 0.45022 0.359
vt 0.45022 0.36025
vt 0.43055 0.35372
vt 0.43029 0.35479
vt 0.4507 0.36355
vt 0.43115 0.35829
vt 0.45013 0.36461
vt 0.43078 0.35931
vt 0.41363 0.34878
vt 0.41318 0.34989
vt 0.41505 0.35314
vt 0.41491 0.35419
vt 0.49777 0.28961
vt 0.4974 0.30563
vt 0.49492 0.30351
vt 0.49995 0.28972
vt 0.49784 0.29404
vt 0.49889 0.29355
vt 0.49985 0.3059
vt 0.50656 0.3026
vt 0.50241 0.30582
vt 0.504 0.29491
vt 0.50382 0.30013
vt 0.49982 0.2935
vt 0.50085 0.29368
vt 0.50088 0.29396
vt 0.49788 0.30102
vt 0.49884 0.30165
vt 0.49983 0.30166
vt 0.50088 0.30147
vt 0.50092 0.3012
vt 0.50312 0.29611
vt 0.50144 0.29578
vt 0.50216 0.29652
vt 0.50261 0.29669
vt 0.50136 0.29957
vt 0.50312 0.29913
vt 0.50269 0.29863
vt 0.50225 0.29881
vt 0.50388 0.29508
vt 0.50374 0.29999
vt 0.50196 0.29852
vt 0.50193 0.29679
vt 0.5017 0.29864
vt 0.50163 0.29667
vt 0.62868 0.27463
vt 0.62974 0.27914
vt 0.63986 0.27772
vt 0.63938 0.27306
vt 0.40066 0.2786
vt 0.40349 0.2804
vt 0.40488 0.27979
vt 0.40221 0.27719
vt 0.47812 0.27533
vt 0.47851 0.27947
vt 0.4957 0.28054
vt 0.49569 0.27638
vt 0.51117 0.28061
vt 0.51122 0.2763
vt 0.52444 0.28063
vt 0.52442 0.27637
vt 0.54019 0.28069
vt 0.54026 0.27662
vt 0.40193 0.35321
vt 0.40533 0.35278
vt 0.40294 0.28286
vt 0.39972 0.28221
vt 0.45223 0.27235
vt 0.4531 0.27644
vt 0.54277 0.40527
vt 0.54542 0.40266
vt 0.54402 0.40205
vt 0.54122 0.40387
vt 0.42676 0.27251
vt 0.42824 0.27614
vt 0.63593 0.40524
vt 0.63593 0.4011
vt 0.61876 0.40226
vt 0.6184 0.4064
vt 0.65135 0.40527
vt 0.65127 0.40096
vt 0.5099 0.40944
vt 0.51012 0.40498
vt 0.4994 0.40417
vt 0.49885 0.40889
vt 0.66442 0.40505
vt 0.66442 0.40084
vt 0.53965 0.40964
vt 0.53968 0.40548
vt 0.52403 0.40531
vt 0.52399 0.40954
vt 0.68011 0.40483
vt 0.68004 0.4008
vt 0.48808 0.40711
vt 0.4892 0.40266
vt 0.47587 0.39907
vt 0.47378 0.40276
vt 0.54026 0.40029
vt 0.54346 0.39962
vt 0.54501 0.33004
vt 0.54162 0.3296
vt 0.4541 0.38952
vt 0.45154 0.39237
vt 0.59349 0.40547
vt 0.59265 0.40956
vt 0.42659 0.37422
vt 0.42393 0.37655
vt 0.56866 0.40601
vt 0.56723 0.40964
vt 0.40795 0.35861
vt 0.40433 0.36026
vt 0.65047 0.27702
vt 0.65031 0.2726
vt 0.40308 0.35778
vt 0.40651 0.3565
vt 0.66424 0.27269
vt 0.66424 0.27687
vt 0.67973 0.27686
vt 0.67974 0.27273
vt 0.61425 0.27887
vt 0.61633 0.28258
vt 0.59198 0.28929
vt 0.59459 0.29217
vt 0.56377 0.30574
vt 0.56652 0.30809
vt 0.54406 0.32258
vt 0.54764 0.32425
vt 0.54623 0.32628
vt 0.54282 0.32502
vt 0.30565 0.16761
vt 0.27986 0.16679
vt 0.27995 0.16809
vt 0.30467 0.29236
vt 0.309 0.29764
vt 0.31373 0.29363
vt 0.31372 0.29313
vt 0.34531 0.35836
vt 0.34646 0.35395
vt 0.32164 0.36023
vt 0.32281 0.36479
vt 0.34843 0.35169
vt 0.3216 0.35821
vt 0.3492 0.34356
vt 0.32555 0.34403
vt 0.34842 0.34177
vt 0.32516 0.34184
vt 0.34454 0.33979
vt 0.3243 0.33994
vt 0.34356 0.33669
vt 0.32396 0.33689
vt 0.36547 0.33922
vt 0.37795 0.34172
vt 0.37908 0.33896
vt 0.36611 0.33665
vt 0.36362 0.3431
vt 0.37361 0.34363
vt 0.36322 0.34473
vt 0.37265 0.34537
vt 0.36313 0.35185
vt 0.37244 0.35385
vt 0.36354 0.35425
vt 0.37422 0.35643
vt 0.36365 0.35808
vt 0.37504 0.36111
vt 0.35164 0.35701
vt 0.35252 0.35316
vt 0.32393 0.24965
vt 0.34349 0.24991
vt 0.34354 0.2486
vt 0.32398 0.24838
vt 0.37185 0.3961
vt 0.361 0.38783
vt 0.36451 0.39811
vt 0.37124 0.38731
vt 0.36162 0.38077
vt 0.32392 0.33562
vt 0.31698 0.33591
vt 0.31704 0.33722
vt 0.30678 0.24482
vt 0.31296 0.24476
vt 0.31295 0.24281
vt 0.31303 0.24694
vt 0.30705 0.26035
vt 0.31312 0.25951
vt 0.31303 0.26145
vt 0.31297 0.26585
vt 0.35117 0.2504
vt 0.3512 0.24916
vt 0.34371 0.40529
vt 0.34377 0.40345
vt 0.33909 0.40396
vt 0.33928 0.40591
vt 0.28136 0.2424
vt 0.28128 0.24431
vt 0.28112 0.24643
vt 0.28295 0.2591
vt 0.28285 0.2609
vt 0.2912 0.29189
vt 0.28146 0.29145
vt 0.28132 0.29502
vt 0.28729 0.29622
vt 0.37812 0.39606
vt 0.39741 0.36962
vt 0.28508 0.17512
vt 0.30576 0.17473
vt 0.3792 0.33777
vt 0.39638 0.33931
vt 0.3964 0.33795
vt 0.28269 0.26525
vt 0.3068 0.23912
vt 0.28148 0.23941
vt 0.35428 0.40109
vt 0.30639 0.14447
vt 0.28161 0.14049
vt 0.28169 0.14494
vt 0.33712 0.40964
vt 0.34292 0.40892
vt 0.37419 0.3988
vt 0.36608 0.24988
vt 0.36595 0.24868
vt 0.34875 0.38538
vt 0.35344 0.35076
vt 0.35398 0.34407
vt 0.35374 0.34253
vt 0.35182 0.33886
vt 0.35125 0.33612
vt 0.35003 0.37898
vt 0.31418 0.29317
vt 0.31344 0.26573
vt 0.33936 0.17949
vt 0.33126 0.18222
vt 0.33045 0.18394
vt 0.33917 0.18144
vt 0.34448 0.38152
vt 0.31295 0.23978
vt 0.34352 0.33537
vt 0.35122 0.33487
vt 0.35104 0.32873
vt 0.34344 0.3289
vt 0.35417 0.40592
vt 0.35432 0.40294
vt 0.37092 0.18773
vt 0.37265 0.18544
vt 0.36491 0.18249
vt 0.36465 0.18537
vt 0.39635 0.34227
vt 0.39632 0.34408
vt 0.39627 0.34635
vt 0.39972 0.36305
vt 0.39909 0.36491
vt 0.33036 0.40144
vt 0.31182 0.16827
vt 0.31185 0.16701
vt 0.37816 0.18939
vt 0.37127 0.19813
vt 0.37499 0.22432
vt 0.39742 0.21588
vt 0.31717 0.34048
vt 0.31731 0.34259
vt 0.3175 0.34495
vt 0.31757 0.35953
vt 0.31723 0.36178
vt 0.31701 0.36723
vt 0.33117 0.40316
vt 0.32712 0.40671
vt 0.30496 0.29793
vt 0.29593 0.29752
vt 0.28742 0.29736
vt 0.28149 0.29608
vt 0.30912 0.10811
vt 0.31376 0.11295
vt 0.31368 0.11095
vt 0.30943 0.10705
vt 0.36485 0.40295
vt 0.36459 0.40006
vt 0.30929 0.29874
vt 0.3052 0.29904
vt 0.2961 0.29865
vt 0.37189 0.18934
vt 0.37424 0.18664
vt 0.37087 0.39771
vt 0.31396 0.29421
vt 0.31429 0.2946
vt 0.36625 0.33544
vt 0.30455 0.11337
vt 0.32169 0.22508
vt 0.34644 0.23139
vt 0.3453 0.22699
vt 0.32286 0.22053
vt 0.32164 0.2271
vt 0.3484 0.23365
vt 0.32557 0.24125
vt 0.34916 0.24175
vt 0.32518 0.24344
vt 0.34838 0.24353
vt 0.32431 0.24534
vt 0.34451 0.2455
vt 0.37888 0.2465
vt 0.37778 0.24373
vt 0.36533 0.24612
vt 0.37346 0.24179
vt 0.36351 0.24225
vt 0.37251 0.24005
vt 0.36312 0.24062
vt 0.37237 0.23158
vt 0.36306 0.23353
vt 0.37415 0.229
vt 0.36348 0.23114
vt 0.3636 0.22731
vt 0.35249 0.23219
vt 0.35162 0.22835
vt 0.36457 0.18733
vt 0.36104 0.19759
vt 0.36164 0.20464
vt 0.31701 0.24935
vt 0.31707 0.24805
vt 0.30571 0.16184
vt 0.31188 0.16396
vt 0.31193 0.162
vt 0.31204 0.1598
vt 0.31252 0.14705
vt 0.31248 0.14507
vt 0.31249 0.14059
vt 0.3726 0.4
vt 0.34385 0.18196
vt 0.34379 0.18012
vt 0.27975 0.16179
vt 0.27979 0.16374
vt 0.27963 0.15962
vt 0.28176 0.14676
vt 0.28082 0.11007
vt 0.28088 0.11371
vt 0.29084 0.1135
vt 0.28695 0.10898
vt 0.39632 0.24628
vt 0.37898 0.24769
vt 0.39633 0.24766
vt 0.35435 0.18433
vt 0.30696 0.23212
vt 0.28659 0.23129
vt 0.34301 0.17648
vt 0.33721 0.17575
vt 0.34879 0.20002
vt 0.3534 0.23458
vt 0.35392 0.24125
vt 0.35368 0.24278
vt 0.35176 0.24643
vt 0.35006 0.20641
vt 0.31422 0.11292
vt 0.31297 0.14072
vt 0.34343 0.25636
vt 0.35102 0.2565
vt 0.34452 0.20387
vt 0.35424 0.17949
vt 0.35439 0.18248
vt 0.3963 0.2433
vt 0.39628 0.24148
vt 0.39624 0.2392
vt 0.39972 0.22247
vt 0.3991 0.22061
vt 0.31721 0.24479
vt 0.31735 0.24268
vt 0.31754 0.24033
vt 0.31762 0.22578
vt 0.31729 0.22353
vt 0.31707 0.21809
vt 0.32587 0.18042
vt 0.32721 0.17867
vt 0.30503 0.1077
vt 0.2958 0.10787
vt 0.28711 0.10782
vt 0.28102 0.10899
vt 0.3053 0.10657
vt 0.296 0.10672
vt 0.31686 0.25599
vt 0.32373 0.25611
vt 0.36311 0.25618
vt 0.36328 0.32904
vt 0.37784 0.32992
vt 0.37745 0.25554
vt 0.39628 0.33005
vt 0.31222 0.23171
vt 0.31109 0.17514
vt 0.31293 0.23853
vt 0.31684 0.32924
vt 0.32372 0.32912
vt 0.39622 0.25562
vt 0.28159 0.23813
vt 0.30927 0.29927
vt 0.28214 0.26524
vt 0.28083 0.29143
vt 0.31352 0.26131
vt 0.31365 0.25938
vt 0.31354 0.2469
vt 0.31347 0.24475
vt 0.31345 0.24281
vt 0.31347 0.23977
vt 0.32577 0.40497
vt 0.28231 0.26086
vt 0.28244 0.25903
vt 0.28055 0.24635
vt 0.28071 0.24427
vt 0.28079 0.24238
vt 0.2809 0.23937
vt 0.28072 0.29502
vt 0.29602 0.29919
vt 0.30513 0.29958
vt 0.28735 0.29791
vt 0.281 0.29653
vt 0.30944 0.1065
vt 0.31429 0.11112
vt 0.28105 0.1405
vt 0.28025 0.11373
vt 0.31298 0.14523
vt 0.31306 0.14721
vt 0.31255 0.15986
vt 0.31244 0.16202
vt 0.31239 0.16397
vt 0.31237 0.16702
vt 0.28114 0.14496
vt 0.28124 0.14682
vt 0.27906 0.15969
vt 0.27918 0.16181
vt 0.2792 0.16375
vt 0.27926 0.16681
vt 0.28022 0.11005
vt 0.29594 0.10617
vt 0.30525 0.10603
vt 0.28705 0.10726
vt 0.28053 0.10852
vt 0.28582 0.23125
vt 0.28428 0.17518
vt 0.31174 0.17515
vt 0.31287 0.23168
vt 0.28099 0.23804
vt 0.27933 0.16818
vt 0.31346 0.23851
vt 0.31235 0.16829
vt 0.92553 0.35632
vt 0.90491 0.35779
vt 0.90492 0.40381
vt 0.92554 0.40527
vt 0.23 0.55368
vt 0.24402 0.57397
vt 0.27562 0.55216
vt 0.24382 0.54187
vt 0.23885 0.53717
vt 0.22588 0.54579
vt 0.23619 0.53223
vt 0.22238 0.53731
vt 0.23843 0.46798
vt 0.22765 0.46812
vt 0.22643 0.47736
vt 0.23465 0.47558
vt 0.90099 0.34792
vt 0.90429 0.35493
vt 0.92553 0.3536
vt 0.92555 0.31872
vt 0.24748 0.53663
vt 0.28084 0.54481
vt 0.24084 0.52646
vt 0.24105 0.53085
vt 0.24319 0.53416
vt 0.21767 0.5505
vt 0.2226 0.55887
vt 0.21329 0.54288
vt 0.23355 0.5771
vt 0.20794 0.52387
vt 0.20981 0.53304
vt 0.21945 0.5296
vt 0.21732 0.52221
vt 0.62675 0.73294
vt 0.62675 0.72969
vt 0.58981 0.7301
vt 0.58681 0.73277
vt 0.22517 0.48392
vt 0.23322 0.48198
vt 0.62066 0.76364
vt 0.62675 0.75835
vt 0.58681 0.75818
vt 0.59286 0.76363
vt 0.23935 0.4643
vt 0.27504 0.46151
vt 0.27451 0.41417
vt 0.23933 0.41107
vt 0.20745 0.51122
vt 0.20744 0.51513
vt 0.21669 0.5148
vt 0.21665 0.51109
vt 0.20896 0.35185
vt 0.2182 0.3536
vt 0.22039 0.34633
vt 0.21091 0.34281
vt 0.2291 0.41063
vt 0.22896 0.46465
vt 0.20852 0.35659
vt 0.20835 0.36048
vt 0.21749 0.36091
vt 0.21768 0.35748
vt 0.20756 0.51906
vt 0.21684 0.51828
vt 0.23508 0.52658
vt 0.23513 0.52141
vt 0.21727 0.46804
vt 0.21726 0.46455
vt 0.20852 0.46315
vt 0.20841 0.46616
vt 0.20873 0.47418
vt 0.21707 0.47703
vt 0.24104 0.52173
vt 0.21726 0.48823
vt 0.20935 0.48619
vt 0.20749 0.50788
vt 0.2167 0.50798
vt 0.89509 0.31867
vt 0.89506 0.33859
vt 0.22612 0.50825
vt 0.2249 0.48807
vt 0.21776 0.39138
vt 0.21006 0.39406
vt 0.20906 0.40102
vt 0.21742 0.3983
vt 0.2833 0.52268
vt 0.23613 0.36905
vt 0.27402 0.41072
vt 0.27625 0.37309
vt 0.22551 0.39155
vt 0.2267 0.39806
vt 0.2348 0.3999
vt 0.23345 0.39355
vt 0.9256 0.2858
vt 0.90953 0.28613
vt 0.90262 0.28793
vt 0.89819 0.29222
vt 0.89512 0.29866
vt 0.92557 0.30535
vt 0.89511 0.30531
vt 0.23267 0.38904
vt 0.22673 0.3675
vt 0.22529 0.38744
vt 0.21734 0.484
vt 0.23565 0.50679
vt 0.27451 0.46501
vt 0.23237 0.48654
vt 0.62674 0.63887
vt 0.5989 0.64007
vt 0.5989 0.68663
vt 0.62674 0.68782
vt 0.92556 0.31121
vt 0.8951 0.30915
vt 0.28339 0.51662
vt 0.24111 0.51887
vt 0.23695 0.50995
vt 0.22833 0.5115
vt 0.23528 0.51853
vt 0.22338 0.33875
vt 0.21447 0.33313
vt 0.28187 0.51303
vt 0.2778 0.50616
vt 0.24036 0.51598
vt 0.23382 0.51576
vt 0.24148 0.34968
vt 0.24175 0.34535
vt 0.23696 0.34392
vt 0.2358 0.34949
vt 0.92555 0.31582
vt 0.92556 0.31446
vt 0.8951 0.31242
vt 0.89509 0.31576
vt 0.62674 0.72543
vt 0.62674 0.69054
vt 0.60035 0.68949
vt 0.60035 0.72543
vt 0.62675 0.7388
vt 0.58681 0.7388
vt 0.62675 0.72833
vt 0.59767 0.72781
vt 0.27632 0.50317
vt 0.27614 0.32471
vt 0.24519 0.3028
vt 0.23111 0.32267
vt 0.24462 0.3345
vt 0.22694 0.33041
vt 0.23965 0.33908
vt 0.22783 0.40721
vt 0.23846 0.40744
vt 0.89669 0.34284
vt 0.2812 0.33203
vt 0.24817 0.33972
vt 0.2439 0.3421
vt 0.22386 0.31746
vt 0.21889 0.32567
vt 0.23489 0.29958
vt 0.62674 0.63615
vt 0.60035 0.63721
vt 0.62675 0.59701
vt 0.62675 0.59376
vt 0.58681 0.59392
vt 0.58981 0.5966
vt 0.62675 0.5879
vt 0.62675 0.56835
vt 0.58681 0.56851
vt 0.58681 0.5879
vt 0.20832 0.36434
vt 0.2174 0.36458
vt 0.21758 0.41075
vt 0.20865 0.41213
vt 0.23579 0.3546
vt 0.21758 0.40726
vt 0.20858 0.40906
vt 0.24163 0.35436
vt 0.90431 0.40667
vt 0.92554 0.40799
vt 0.21742 0.36765
vt 0.21774 0.38719
vt 0.28337 0.35391
vt 0.90262 0.47367
vt 0.90953 0.47547
vt 0.9256 0.47579
vt 0.89512 0.46293
vt 0.89818 0.46938
vt 0.92557 0.45624
vt 0.89511 0.45629
vt 0.20832 0.36764
vt 0.20987 0.3891
vt 0.92556 0.45039
vt 0.8951 0.45244
vt 0.24166 0.35719
vt 0.28339 0.3599
vt 0.23745 0.36594
vt 0.22895 0.36431
vt 0.2359 0.35746
vt 0.20961 0.48119
vt 0.27775 0.37016
vt 0.28185 0.36342
vt 0.24089 0.36003
vt 0.23442 0.36017
vt 0.8951 0.44917
vt 0.92556 0.44713
vt 0.92555 0.44577
vt 0.89509 0.44583
vt 0.62674 0.60127
vt 0.60035 0.60127
vt 0.62675 0.59837
vt 0.59767 0.59889
vt 0.92555 0.44288
vt 0.89509 0.44292
vt 0.89669 0.41876
vt 0.89505 0.42301
vt 0.89942 0.41268
vt 0.62066 0.56306
vt 0.59286 0.56307
vt 0.08184 0.55625
vt 0.07594 0.55765
vt 0.07555 0.56828
vt 0.08156 0.56901
vt 0.10939 0.23782
vt 0.10339 0.24947
vt 0.13269 0.25499
vt 0.13673 0.24506
vt 0.07939 0.5756
vt 0.07487 0.57504
vt 0.07592 0.57688
vt 0.07777 0.5771
vt 0.10808 0.51089
vt 0.10207 0.52254
vt 0.12747 0.53518
vt 0.13653 0.51761
vt 0.09413 0.17585
vt 0.09216 0.15917
vt 0.0783 0.17077
vt 0.07281 0.18391
vt 0.08568 0.18641
vt 0.06809 0.53965
vt 0.08105 0.53766
vt 0.09715 0.19276
vt 0.10981 0.18317
vt 0.10362 0.20021
vt 0.12856 0.19185
vt 0.10952 0.21192
vt 0.1369 0.20842
vt 0.11151 0.22488
vt 0.13972 0.22675
vt 0.07098 0.42328
vt 0.06151 0.42522
vt 0.06745 0.45583
vt 0.07365 0.42535
vt 0.08236 0.2646
vt 0.07166 0.28217
vt 0.09437 0.28228
vt 0.08143 0.45795
vt 0.09372 0.41803
vt 0.09308 0.46396
vt 0.10231 0.47327
vt 0.12782 0.46087
vt 0.11391 0.44682
vt 0.10821 0.48498
vt 0.13672 0.47854
vt 0.1102 0.49795
vt 0.13972 0.49809
vt 0.09276 0.53177
vt 0.11342 0.5491
vt 0.09407 0.2587
vt 0.11505 0.2746
vt 0.74198 0.5909
vt 0.74237 0.60152
vt 0.74827 0.60292
vt 0.748 0.59016
vt 0.79912 0.90418
vt 0.76982 0.9097
vt 0.77583 0.92136
vt 0.80316 0.91411
vt 0.74235 0.5823
vt 0.7413 0.58413
vt 0.74582 0.58358
vt 0.7442 0.58207
vt 0.7939 0.62399
vt 0.76851 0.63664
vt 0.77451 0.64829
vt 0.80296 0.64157
vt 0.76056 0.98332
vt 0.74473 0.98841
vt 0.75859 1
vt 0.75211 0.97276
vt 0.73924 0.97526
vt 0.73452 0.61952
vt 0.74748 0.62151
vt 0.77624 0.97601
vt 0.76358 0.96641
vt 0.79499 0.96733
vt 0.77005 0.95897
vt 0.80334 0.95076
vt 0.77595 0.94726
vt 0.80615 0.93242
vt 0.77794 0.93429
vt 0.73388 0.70334
vt 0.72794 0.73396
vt 0.73741 0.7359
vt 0.74008 0.73382
vt 0.74879 0.89458
vt 0.7608 0.8769
vt 0.73809 0.87701
vt 0.76015 0.74115
vt 0.74786 0.70123
vt 0.79426 0.6983
vt 0.76874 0.6859
vt 0.75952 0.69522
vt 0.78034 0.71235
vt 0.80315 0.68063
vt 0.77464 0.67419
vt 0.80615 0.66109
vt 0.77663 0.66123
vt 0.75919 0.62741
vt 0.77985 0.61007
vt 0.78148 0.88457
vt 0.7605 0.90047
vt 0.83391 0.83606
vt 0.83391 0.85584
vt 0.86166 0.85584
vt 0.86166 0.83606
vt 0.91718 0.83758
vt 0.91718 0.8064
vt 0.88942 0.8064
vt 0.88942 0.83758
vt 0.83391 0.89539
vt 0.83391 0.91517
vt 0.86166 0.91517
vt 0.86166 0.89539
vt 0.91718 1
vt 0.91718 0.98936
vt 0.88942 0.98936
vt 0.88942 1
vt 0.91718 0.79673
vt 0.88942 0.79673
vt 0.83391 0.62331
vt 0.83391 0.64536
vt 0.86166 0.64536
vt 0.86166 0.62331
vt 0.83391 0.99109
vt 0.83391 0.9932
vt 0.86166 0.9932
vt 0.86166 0.99109
vt 0.83391 0.49259
vt 0.83391 0.50989
vt 0.86166 0.50989
vt 0.86166 0.49259
vt 0.91718 0.96973
vt 0.88942 0.96973
vt 0.91718 0.52028
vt 0.91718 0.50604
vt 0.88942 0.50604
vt 0.88942 0.52028
vt 0.91718 0.62193
vt 0.91718 0.60882
vt 0.88942 0.60882
vt 0.88942 0.62193
vt 0.91718 0.5334
vt 0.88942 0.5334
vt 0.83391 0.53055
vt 0.83391 0.5491
vt 0.86166 0.5491
vt 0.86166 0.53055
vt 0.91718 0.85172
vt 0.88942 0.85172
vt 0.83391 1
vt 0.86166 1
vt 0.91718 0.54651
vt 0.88942 0.54651
vt 0.91718 0.65562
vt 0.88942 0.65562
vt 0.83391 0.87561
vt 0.86166 0.87561
vt 0.83391 0.56765
vt 0.86166 0.56765
vt 0.91718 0.63504
vt 0.88942 0.63504
vt 0.91718 0.55637
vt 0.88942 0.55637
vt 0.83391 0.58621
vt 0.86166 0.58621
vt 0.91718 0.56948
vt 0.88942 0.56948
vt 0.91718 0.86483
vt 0.88942 0.86483
vt 0.83391 0.59693
vt 0.86166 0.59693
vt 0.91718 0.5826
vt 0.88942 0.5826
vt 0.91718 0.87794
vt 0.88942 0.87794
vt 0.91718 0.59571
vt 0.88942 0.59571
vt 0.91718 0.89105
vt 0.88942 0.89105
vt 0.91718 0.48797
vt 0.88942 0.48797
vt 0.83391 0.78111
vt 0.86166 0.78111
vt 0.83391 0.47579
vt 0.86166 0.47579
vt 0.91718 0.90417
vt 0.88942 0.90417
vt 0.83391 0.98701
vt 0.83391 0.98922
vt 0.86166 0.98922
vt 0.86166 0.98701
vt 0.83391 0.93494
vt 0.86166 0.93494
vt 0.91718 0.91728
vt 0.88942 0.91728
vt 0.83391 0.96732
vt 0.86166 0.96732
vt 0.83391 0.98008
vt 0.86166 0.98008
vt 0.91718 0.95661
vt 0.91718 0.9435
vt 0.88942 0.9435
vt 0.88942 0.95661
vt 0.91718 0.93039
vt 0.88942 0.93039
vt 0.83391 0.81628
vt 0.86166 0.81628
vt 0.86166 0.89226
vt 0.88942 0.89226
vt 0.88942 0.87915
vt 0.86166 0.87915
vt 0.80615 0.89539
vt 0.80615 0.87561
vt 0.80615 0.99109
vt 0.80615 0.98922
vt 0.80615 0.83606
vt 0.80615 0.81628
vt 0.86166 0.55757
vt 0.88942 0.55757
vt 0.88942 0.54446
vt 0.86166 0.54446
vt 0.86166 0.53135
vt 0.88942 0.53135
vt 0.88942 0.51824
vt 0.86166 0.51824
vt 0.80615 0.98008
vt 0.80615 0.96732
vt 0.80615 0.78111
vt 0.86166 0.57069
vt 0.88942 0.57069
vt 0.80615 0.98701
vt 0.80615 0.93494
vt 0.86166 0.5838
vt 0.88942 0.5838
vt 0.80615 0.91517
vt 0.86166 0.85292
vt 0.88942 0.85292
vt 0.88942 0.83235
vt 0.86166 0.83235
vt 0.86166 0.59691
vt 0.88942 0.59691
vt 0.80615 0.49259
vt 0.83391 0.49259
vt 0.83391 0.47579
vt 0.80615 0.47579
vt 0.80615 0.64536
vt 0.88942 1
vt 0.88942 0.98193
vt 0.86166 0.98193
vt 0.86166 0.61002
vt 0.88942 0.61002
vt 0.86166 0.90537
vt 0.88942 0.90537
vt 0.80615 0.62331
vt 0.83391 0.62331
vt 0.80615 0.59693
vt 0.86166 0.62313
vt 0.88942 0.62313
vt 0.86166 0.91848
vt 0.88942 0.91848
vt 0.80615 0.58621
vt 0.86166 0.63625
vt 0.88942 0.63625
vt 0.86166 0.93159
vt 0.88942 0.93159
vt 0.80615 0.56765
vt 0.86166 0.94146
vt 0.88942 0.94146
vt 0.86166 0.86603
vt 0.88942 0.86603
vt 0.80615 0.5491
vt 0.80615 0.85584
vt 0.88942 0.69124
vt 0.86166 0.69124
vt 0.86166 0.95457
vt 0.88942 0.95457
vt 0.80615 1
vt 0.80615 0.9932
vt 0.80615 0.53055
vt 0.80615 0.50989
vt 0.86166 0.65039
vt 0.88942 0.65039
vt 0.86166 0.96768
vt 0.88942 0.96768
vt 0.88942 0.4986
vt 0.86166 0.4986
vt 0.88942 0.68157
vt 0.86166 0.68157
vt 0.88942 0.48796
vt 0.86166 0.48796
vt 0.76851 0.52751
vt 0.75919 0.53674
vt 0.77985 0.55407
vt 0.7939 0.54015
vt 0.7605 0.26367
vt 0.74879 0.26957
vt 0.7608 0.28725
vt 0.78148 0.27957
vt 0.73809 0.28714
vt 0.73741 0.42825
vt 0.74008 0.43032
vt 0.76015 0.423
vt 0.76982 0.25444
vt 0.79912 0.25996
vt 0.74786 0.46292
vt 0.75952 0.46893
vt 0.78034 0.45179
vt 0.77794 0.22985
vt 0.77583 0.24279
vt 0.80316 0.25003
vt 0.80615 0.23172
vt 0.74748 0.54263
vt 0.74827 0.56122
vt 0.77663 0.50292
vt 0.77451 0.51586
vt 0.80296 0.52258
vt 0.80615 0.50306
vt 0.77464 0.48996
vt 0.80315 0.48351
vt 0.76874 0.47824
vt 0.79426 0.46584
vt 0.73388 0.4608
vt 0.72794 0.43019
vt 0.77595 0.21689
vt 0.80334 0.21339
vt 0.77005 0.20518
vt 0.79499 0.19682
vt 0.76358 0.19773
vt 0.77624 0.18814
vt 0.748 0.57398
vt 0.74198 0.57325
vt 0.7413 0.58001
vt 0.74582 0.58056
vt 0.75211 0.19138
vt 0.76056 0.18082
vt 0.73452 0.54462
vt 0.74237 0.56262
vt 0.73924 0.18888
vt 0.74473 0.17574
vt 0.75859 0.16414
vt 0.74235 0.58185
vt 0.70164 0.61007
vt 0.68098 0.62741
vt 0.6903 0.63663
vt 0.71569 0.62399
vt 0.68259 0.8769
vt 0.67058 0.89458
vt 0.68229 0.90047
vt 0.70327 0.88457
vt 0.6592 0.7359
vt 0.65988 0.87701
vt 0.68194 0.74115
vt 0.66187 0.73382
vt 0.69161 0.9097
vt 0.72091 0.90418
vt 0.70213 0.71235
vt 0.68131 0.69522
vt 0.66965 0.70123
vt 0.72495 0.91411
vt 0.69762 0.92136
vt 0.69973 0.93429
vt 0.72794 0.93242
vt 0.67006 0.60292
vt 0.66927 0.62151
vt 0.72475 0.64157
vt 0.6963 0.64829
vt 0.69842 0.66123
vt 0.72794 0.66109
vt 0.69643 0.67419
vt 0.72494 0.68063
vt 0.69053 0.6859
vt 0.71605 0.6983
vt 0.65567 0.70334
vt 0.64973 0.73396
vt 0.69774 0.94726
vt 0.72513 0.95076
vt 0.69185 0.95897
vt 0.71678 0.96733
vt 0.68538 0.96641
vt 0.69804 0.97601
vt 0.66309 0.58413
vt 0.66377 0.5909
vt 0.66979 0.59016
vt 0.66761 0.58358
vt 0.67391 0.97276
vt 0.68235 0.98332
vt 0.66416 0.60152
vt 0.65631 0.61952
vt 0.66103 0.97526
vt 0.66652 0.98841
vt 0.68038 1
vt 0.66414 0.5823
vt 0.66599 0.58207
vt 0.82928 0.26119
vt 0.82959 0.27231
vt 0.83399 0.27218
vt 0.83356 0.26105
vt 0.55106 0.06004
vt 0.54597 0.06194
vt 0.55059 0.06919
vt 0.55463 0.06544
vt 0.83051 0.34397
vt 0.83061 0.3569
vt 0.83573 0.35685
vt 0.83548 0.34391
vt 0.62079 0.13647
vt 0.63273 0.13039
vt 0.63026 0.12282
vt 0.61703 0.12491
vt 0.8306 0.39812
vt 0.83047 0.41271
vt 0.83625 0.41274
vt 0.8362 0.39813
vt 0.64934 0.08044
vt 0.65143 0.09367
vt 0.6594 0.09367
vt 0.6615 0.08043
vt 0.82984 0.28377
vt 0.83439 0.28366
vt 0.61703 0.11275
vt 0.63027 0.11484
vt 0.63273 0.10726
vt 0.62079 0.10118
vt 0.83065 0.38397
vt 0.83609 0.38395
vt 0.63741 0.10082
vt 0.62794 0.09134
vt 0.83022 0.31924
vt 0.83038 0.33142
vt 0.83519 0.33135
vt 0.83489 0.31916
vt 0.64385 0.09613
vt 0.63777 0.0842
vt 0.83028 0.42774
vt 0.82992 0.44328
vt 0.83617 0.44341
vt 0.83625 0.42781
vt 0.62793 0.14631
vt 0.63741 0.13684
vt 0.82962 0.45904
vt 0.82978 0.47579
vt 0.83625 0.47491
vt 0.83567 0.45903
vt 0.66698 0.09613
vt 0.67307 0.0842
vt 0.82999 0.29558
vt 0.83473 0.29553
vt 0.67343 0.10082
vt 0.68291 0.09135
vt 0.83014 0.30741
vt 0.83463 0.30738
vt 0.67811 0.10726
vt 0.69006 0.10119
vt 0.8285 0.22956
vt 0.82864 0.23988
vt 0.83267 0.23977
vt 0.83241 0.22961
vt 0.68058 0.11485
vt 0.69381 0.11275
vt 0.82896 0.25039
vt 0.8331 0.25025
vt 0.57467 0.09367
vt 0.58263 0.09367
vt 0.58472 0.08043
vt 0.57256 0.08044
vt 0.64934 0.15723
vt 0.65144 0.14399
vt 0.64386 0.14153
vt 0.63777 0.15346
vt 0.83066 0.37023
vt 0.83593 0.3702
vt 0.69006 0.13647
vt 0.67812 0.13039
vt 0.67344 0.13684
vt 0.68291 0.14632
vt 0.82879 0.21882
vt 0.83293 0.21945
vt 0.69381 0.12491
vt 0.68058 0.12281
vt 0.81395 0.2726
vt 0.81834 0.27264
vt 0.81836 0.26155
vt 0.81411 0.26153
vt 0.66699 0.14153
vt 0.67307 0.15347
vt 0.65941 0.14399
vt 0.6615 0.15723
vt 0.54365 0.04512
vt 0.54904 0.04602
vt 0.55114 0.03957
vt 0.54646 0.03708
vt 0.5826 0.07649
vt 0.5833 0.078
vt 0.59136 0.07244
vt 0.59024 0.0713
vt 0.56729 0.02829
vt 0.574 0.02863
vt 0.57501 0.02341
vt 0.56665 0.02323
vt 0.5971 0.06455
vt 0.59565 0.0638
vt 0.57304 0.07213
vt 0.5663 0.07192
vt 0.56542 0.07704
vt 0.57371 0.07714
vt 0.60004 0.05538
vt 0.59846 0.05512
vt 0.60004 0.04593
vt 0.59848 0.04615
vt 0.55995 0.06964
vt 0.55744 0.07435
vt 0.59726 0.03708
vt 0.59582 0.03777
vt 0.58967 0.03159
vt 0.58583 0.0352
vt 0.58977 0.04067
vt 0.59426 0.03851
vt 0.59215 0.02933
vt 0.59101 0.03037
vt 0.54484 0.03623
vt 0.54343 0.03545
vt 0.54026 0.04454
vt 0.54185 0.04483
vt 0.59399 0.06296
vt 0.58917 0.06047
vt 0.58497 0.06595
vt 0.58894 0.06996
vt 0.59671 0.04642
vt 0.59157 0.04717
vt 0.59141 0.05399
vt 0.59665 0.05483
vt 0.58474 0.02324
vt 0.58394 0.02464
vt 0.54377 0.05368
vt 0.5491 0.05294
vt 0.54033 0.05414
vt 0.54193 0.05394
vt 0.55518 0.03409
vt 0.56077 0.03034
vt 0.55848 0.02547
vt 0.55161 0.0304
vt 0.57565 0.02012
vt 0.57534 0.02169
vt 0.58032 0.0311
vt 0.58301 0.02629
vt 0.58178 0.07477
vt 0.57945 0.07001
vt 0.55032 0.02908
vt 0.55768 0.02377
vt 0.56644 0.02142
vt 0.57394 0.07887
vt 0.56513 0.07881
vt 0.55658 0.07598
vt 0.54924 0.07045
vt 0.54429 0.06271
vt 0.57414 0.08043
vt 0.56485 0.08037
vt 0.54922 0.02792
vt 0.55582 0.0774
vt 0.557 0.0223
vt 0.54802 0.07155
vt 0.56626 0.01983
vt 0.5428 0.06335
vt 0.81804 0.22996
vt 0.81827 0.2403
vt 0.81627 0.39809
vt 0.81572 0.41262
vt 0.81835 0.25078
vt 0.81512 0.4276
vt 0.81829 0.28407
vt 0.81829 0.29586
vt 0.81823 0.30767
vt 0.8182 0.31949
vt 0.81804 0.33164
vt 0.81781 0.34414
vt 0.81752 0.35703
vt 0.81455 0.44309
vt 0.81717 0.37031
vt 0.81675 0.38399
vt 0.81736 0.21898
vt 0.81378 0.45877
vt 0.81239 0.47507
vt 0.92751 0.52301
vt 0.9229 0.53026
vt 0.92798 0.53216
vt 0.93155 0.52676
vt 0.81243 0.35688
vt 0.81287 0.34402
vt 0.55349 0.11485
vt 0.55595 0.10727
vt 0.54401 0.10119
vt 0.54026 0.11275
vt 0.80998 0.41236
vt 0.8107 0.39786
vt 0.58262 0.14399
vt 0.57465 0.14399
vt 0.57256 0.15723
vt 0.58473 0.15723
vt 0.81376 0.28403
vt 0.55595 0.1304
vt 0.55349 0.12282
vt 0.54026 0.12492
vt 0.54401 0.13648
vt 0.81135 0.38379
vt 0.56063 0.13684
vt 0.55116 0.14632
vt 0.81324 0.33154
vt 0.81355 0.31942
vt 0.56708 0.14153
vt 0.561 0.15346
vt 0.80834 0.44283
vt 0.80918 0.42733
vt 0.56064 0.10082
vt 0.55116 0.09135
vt 0.80615 0.47376
vt 0.80782 0.45834
vt 0.5902 0.14153
vt 0.59629 0.15347
vt 0.81356 0.29586
vt 0.59665 0.13685
vt 0.60613 0.14631
vt 0.81375 0.30767
vt 0.60133 0.1304
vt 0.61328 0.13647
vt 0.81424 0.24034
vt 0.81409 0.23016
vt 0.6038 0.12282
vt 0.61703 0.12491
vt 0.81421 0.25078
vt 0.56709 0.09614
vt 0.56099 0.0842
vt 0.81192 0.37013
vt 0.59666 0.10082
vt 0.60134 0.10727
vt 0.61328 0.10119
vt 0.60614 0.09135
vt 0.81315 0.21979
vt 0.6038 0.11485
vt 0.61703 0.11275
vt 0.59021 0.09614
vt 0.59629 0.08419
vt 0.92806 0.55264
vt 0.92596 0.54619
vt 0.92058 0.54708
vt 0.92339 0.55512
vt 0.96828 0.51976
vt 0.96023 0.5142
vt 0.95952 0.51571
vt 0.96717 0.52091
vt 0.95193 0.56879
vt 0.95092 0.56357
vt 0.94422 0.56391
vt 0.94357 0.56897
vt 0.97402 0.52765
vt 0.97257 0.52841
vt 0.94235 0.51516
vt 0.94322 0.52028
vt 0.94996 0.52007
vt 0.95063 0.51506
vt 0.97697 0.53682
vt 0.97538 0.53708
vt 0.97697 0.54627
vt 0.9754 0.54605
vt 0.93687 0.52256
vt 0.93436 0.51785
vt 0.97418 0.55512
vt 0.97274 0.55443
vt 0.96669 0.55153
vt 0.96275 0.557
vt 0.96659 0.56061
vt 0.97119 0.55369
vt 0.96908 0.56288
vt 0.96793 0.56183
vt 0.91718 0.54766
vt 0.92035 0.55675
vt 0.92177 0.55598
vt 0.91877 0.54738
vt 0.96189 0.52626
vt 0.9661 0.53173
vt 0.97092 0.52924
vt 0.96586 0.52224
vt 0.96833 0.53821
vt 0.96849 0.54503
vt 0.97363 0.54578
vt 0.97358 0.53737
vt 0.96166 0.56896
vt 0.96086 0.56756
vt 0.92602 0.53927
vt 0.92069 0.53853
vt 0.91726 0.53806
vt 0.91885 0.53826
vt 0.93541 0.56673
vt 0.9377 0.56187
vt 0.9321 0.55811
vt 0.92853 0.56181
vt 0.95257 0.57208
vt 0.95226 0.57051
vt 0.95993 0.56591
vt 0.95724 0.5611
vt 0.95637 0.52219
vt 0.9587 0.51743
vt 0.92725 0.56312
vt 0.9346 0.56843
vt 0.94336 0.57078
vt 0.95087 0.51334
vt 0.94205 0.51339
vt 0.93351 0.51623
vt 0.92616 0.52175
vt 0.92121 0.5295
vt 0.95106 0.51177
vt 0.94178 0.51183
vt 0.92614 0.56428
vt 0.93274 0.5148
vt 0.93392 0.5699
vt 0.92494 0.52065
vt 0.94318 0.57237
vt 0.91972 0.52885
vt 0.96943 0.32828
vt 0.96513 0.32238
vt 0.95923 0.31809
vt 0.95228 0.31583
vt 0.94498 0.31583
vt 0.97168 0.33523
vt 0.97168 0.34253
vt 0.93804 0.31809
vt 0.93213 0.32238
vt 0.96943 0.34947
vt 0.92784 0.32828
vt 0.96513 0.35538
vt 0.9256 0.33519
vt 0.95923 0.35967
vt 0.9257 0.34287
vt 0.95228 0.36192
vt 0.92784 0.34947
vt 0.94498 0.36192
vt 0.93804 0.35967
vt 0.93213 0.35538
vt 0.98167 0.15181
vt 0.97941 0.14486
vt 0.97512 0.13896
vt 0.98167 0.15911
vt 0.96921 0.13467
vt 0.97941 0.16605
vt 0.96227 0.13241
vt 0.97512 0.17196
vt 0.95497 0.13241
vt 0.96921 0.17625
vt 0.94802 0.13467
vt 0.9623 0.17849
vt 0.94212 0.13896
vt 0.95463 0.17839
vt 0.93783 0.14486
vt 0.94802 0.17625
vt 0.93557 0.15181
vt 0.94212 0.17196
vt 0.93557 0.15911
vt 0.93783 0.16605
vt 0.31123 0.52374
vt 0.30683 0.52361
vt 0.30653 0.53473
vt 0.3108 0.53487
vt 0.61037 0.03108
vt 0.60576 0.03832
vt 0.61085 0.04022
vt 0.61442 0.03482
vt 0.31297 0.43907
vt 0.30785 0.43902
vt 0.30775 0.45195
vt 0.31272 0.45201
vt 0.43413 0.10968
vt 0.42655 0.10722
vt 0.42048 0.11916
vt 0.43204 0.12291
vt 0.31349 0.38318
vt 0.30771 0.38321
vt 0.30784 0.3978
vt 0.31344 0.39779
vt 0.46328 0.08054
vt 0.46328 0.08851
vt 0.47651 0.09061
vt 0.47651 0.07844
vt 0.31163 0.51226
vt 0.30709 0.51215
vt 0.44968 0.10722
vt 0.4421 0.10968
vt 0.4442 0.12291
vt 0.45577 0.11915
vt 0.3079 0.41196
vt 0.31333 0.41197
vt 0.45613 0.10254
vt 0.46561 0.112
vt 0.31244 0.46458
vt 0.30762 0.4645
vt 0.30746 0.47668
vt 0.31214 0.47676
vt 0.46082 0.09609
vt 0.47275 0.10217
vt 0.31341 0.35251
vt 0.30716 0.35264
vt 0.30752 0.36818
vt 0.31349 0.36811
vt 0.42011 0.10253
vt 0.41064 0.11201
vt 0.31349 0.32101
vt 0.30702 0.32013
vt 0.30686 0.33688
vt 0.31291 0.33689
vt 0.46082 0.07296
vt 0.47275 0.06687
vt 0.31198 0.50039
vt 0.30723 0.50034
vt 0.45613 0.06652
vt 0.4656 0.05704
vt 0.31188 0.48854
vt 0.30739 0.48851
vt 0.44968 0.06183
vt 0.45576 0.04989
vt 0.30992 0.55615
vt 0.30589 0.55604
vt 0.30574 0.56636
vt 0.30965 0.56631
vt 0.4421 0.05937
vt 0.44419 0.04614
vt 0.31035 0.54567
vt 0.3062 0.54553
vt 0.10598 0.15917
vt 0.10389 0.14594
vt 0.09592 0.14594
vt 0.09381 0.15917
vt 0.41542 0.09608
vt 0.41296 0.0885
vt 0.39972 0.09061
vt 0.40349 0.10217
vt 0.31317 0.42572
vt 0.3079 0.42569
vt 0.42011 0.06651
vt 0.42655 0.06183
vt 0.42047 0.04989
vt 0.41063 0.05703
vt 0.30603 0.5771
vt 0.31018 0.57647
vt 0.43413 0.05937
vt 0.43203 0.04614
vt 0.29561 0.53437
vt 0.29558 0.52328
vt 0.2912 0.52332
vt 0.29135 0.53439
vt 0.41542 0.07296
vt 0.40348 0.06688
vt 0.41296 0.08053
vt 0.39972 0.07845
vt 0.61093 0.0607
vt 0.60883 0.05425
vt 0.60344 0.05515
vt 0.60625 0.06318
vt 0.65115 0.02782
vt 0.64309 0.02227
vt 0.64238 0.02377
vt 0.65003 0.02897
vt 0.6348 0.07685
vt 0.63378 0.07163
vt 0.62708 0.07197
vt 0.62644 0.07703
vt 0.65688 0.03571
vt 0.65544 0.03647
vt 0.62521 0.02323
vt 0.62609 0.02834
vt 0.63282 0.02814
vt 0.6335 0.02312
vt 0.65983 0.04488
vt 0.65825 0.04515
vt 0.65983 0.05433
vt 0.65827 0.05411
vt 0.61974 0.03062
vt 0.61722 0.02592
vt 0.65705 0.06318
vt 0.6556 0.06249
vt 0.64956 0.05959
vt 0.64561 0.06507
vt 0.64945 0.06867
vt 0.65405 0.06175
vt 0.65194 0.07094
vt 0.65079 0.0699
vt 0.60004 0.05572
vt 0.60322 0.06481
vt 0.60463 0.06404
vt 0.60164 0.05544
vt 0.64476 0.03432
vt 0.64896 0.03979
vt 0.65378 0.03731
vt 0.64872 0.0303
vt 0.6512 0.04628
vt 0.65136 0.0531
vt 0.6565 0.05384
vt 0.65644 0.04543
vt 0.64452 0.07703
vt 0.64372 0.07563
vt 0.60889 0.04733
vt 0.60356 0.04659
vt 0.60012 0.04612
vt 0.60172 0.04633
vt 0.61827 0.07479
vt 0.62056 0.06993
vt 0.61497 0.06617
vt 0.6114 0.06987
vt 0.63543 0.08014
vt 0.63513 0.07858
vt 0.6428 0.07397
vt 0.64011 0.06916
vt 0.63924 0.03025
vt 0.64157 0.02549
vt 0.61011 0.07118
vt 0.61746 0.07649
vt 0.62622 0.07885
vt 0.63373 0.0214
vt 0.62492 0.02145
vt 0.61637 0.02429
vt 0.60902 0.02982
vt 0.60408 0.03756
vt 0.63392 0.01983
vt 0.62464 0.0199
vt 0.60901 0.07234
vt 0.6156 0.02286
vt 0.61679 0.07796
vt 0.60781 0.02871
vt 0.62605 0.08043
vt 0.60259 0.03691
vt 0.29552 0.55562
vt 0.29528 0.56596
vt 0.29296 0.3833
vt 0.29351 0.39783
vt 0.29559 0.54514
vt 0.29236 0.36832
vt 0.29553 0.51186
vt 0.29553 0.50006
vt 0.29547 0.48825
vt 0.29544 0.47643
vt 0.29528 0.46428
vt 0.29505 0.45178
vt 0.29476 0.43889
vt 0.29179 0.35283
vt 0.29441 0.42562
vt 0.29399 0.41193
vt 0.29461 0.57694
vt 0.28964 0.32085
vt 0.29101 0.33715
vt 0.15052 0.06504
vt 0.14544 0.06694
vt 0.15005 0.07419
vt 0.15409 0.07044
vt 0.28967 0.43904
vt 0.29011 0.4519
vt 0.06526 0.13842
vt 0.0772 0.13234
vt 0.07474 0.12476
vt 0.06151 0.12686
vt 0.28722 0.38356
vt 0.28794 0.39806
vt 0.09381 0.08238
vt 0.09591 0.09562
vt 0.10388 0.09562
vt 0.10598 0.08238
vt 0.291 0.5119
vt 0.06151 0.11469
vt 0.07474 0.11679
vt 0.0772 0.10921
vt 0.06527 0.10312
vt 0.28859 0.41213
vt 0.08188 0.10276
vt 0.07241 0.09329
vt 0.29048 0.46438
vt 0.29079 0.4765
vt 0.08833 0.09808
vt 0.08225 0.08614
vt 0.28558 0.35309
vt 0.28642 0.3686
vt 0.07241 0.14826
vt 0.08189 0.13879
vt 0.28339 0.32217
vt 0.28506 0.33758
vt 0.11146 0.09808
vt 0.11755 0.08614
vt 0.2908 0.50006
vt 0.1179 0.10276
vt 0.12738 0.09329
vt 0.29099 0.48825
vt 0.12259 0.10921
vt 0.13453 0.10313
vt 0.29149 0.55558
vt 0.29133 0.56576
vt 0.12505 0.11679
vt 0.13828 0.1147
vt 0.29146 0.54514
vt 0.08834 0.14347
vt 0.08225 0.15541
vt 0.28916 0.42579
vt 0.13453 0.13842
vt 0.12259 0.13234
vt 0.11791 0.13879
vt 0.12739 0.14826
vt 0.2904 0.57613
vt 0.13828 0.12686
vt 0.12506 0.12476
vt 0.11147 0.14347
vt 0.11755 0.15542
vt 0.14312 0.05012
vt 0.1485 0.05102
vt 0.1506 0.04456
vt 0.14593 0.04208
vt 0.18206 0.08149
vt 0.18277 0.083
vt 0.19082 0.07744
vt 0.18971 0.07629
vt 0.16676 0.03329
vt 0.17346 0.03363
vt 0.17447 0.02841
vt 0.16611 0.02823
vt 0.19656 0.06955
vt 0.19511 0.0688
vt 0.1725 0.07713
vt 0.16576 0.07692
vt 0.16488 0.08204
vt 0.17317 0.08214
vt 0.1995 0.06038
vt 0.19792 0.06012
vt 0.1995 0.05093
vt 0.19794 0.05115
vt 0.15941 0.07464
vt 0.1569 0.07935
vt 0.19672 0.04208
vt 0.19528 0.04277
vt 0.18913 0.03659
vt 0.18529 0.0402
vt 0.18923 0.04567
vt 0.19373 0.04351
vt 0.19162 0.03433
vt 0.19047 0.03537
vt 0.14431 0.04122
vt 0.14289 0.04045
vt 0.13972 0.04954
vt 0.14131 0.04982
vt 0.19346 0.06796
vt 0.18864 0.06547
vt 0.18443 0.07094
vt 0.1884 0.07496
vt 0.19617 0.05142
vt 0.19103 0.05217
vt 0.19087 0.05899
vt 0.19612 0.05983
vt 0.1842 0.02824
vt 0.1834 0.02964
vt 0.14323 0.05867
vt 0.14856 0.05794
vt 0.1398 0.05914
vt 0.14139 0.05894
vt 0.15464 0.03909
vt 0.16024 0.03533
vt 0.15794 0.03047
vt 0.15107 0.0354
vt 0.17511 0.02512
vt 0.1748 0.02669
vt 0.17978 0.0361
vt 0.18247 0.03129
vt 0.18124 0.07977
vt 0.17891 0.07501
vt 0.14979 0.03408
vt 0.15714 0.02877
vt 0.1659 0.02642
vt 0.17341 0.08386
vt 0.16459 0.08381
vt 0.15605 0.08097
vt 0.1487 0.07545
vt 0.14375 0.0677
vt 0.1736 0.08543
vt 0.16432 0.08537
vt 0.14868 0.03292
vt 0.15528 0.0824
vt 0.15646 0.0273
vt 0.14748 0.07655
vt 0.16572 0.02483
vt 0.14226 0.06835
vt 0.84999 0.1766
vt 0.8457 0.17069
vt 0.83979 0.1664
vt 0.85224 0.18354
vt 0.83285 0.16414
vt 0.85224 0.19084
vt 0.82555 0.16414
vt 0.84999 0.19778
vt 0.8186 0.1664
vt 0.8457 0.20369
vt 0.8127 0.17069
vt 0.83979 0.20798
vt 0.8084 0.1766
vt 0.83288 0.21023
vt 0.80615 0.18354
vt 0.8252 0.21013
vt 0.80615 0.19084
vt 0.8186 0.20798
vt 0.8084 0.19778
vt 0.8127 0.20369
vt 0.27778 0.06036
vt 0.28207 0.05446
vt 0.28433 0.04751
vt 0.28433 0.04021
vt 0.27187 0.06466
vt 0.28207 0.03327
vt 0.26493 0.06691
vt 0.27778 0.02736
vt 0.27187 0.02307
vt 0.25763 0.06691
vt 0.26496 0.02083
vt 0.25069 0.06466
vt 0.24478 0.06036
vt 0.25729 0.02093
vt 0.25069 0.02307
vt 0.24049 0.05446
vt 0.24478 0.02736
vt 0.23823 0.04751
vt 0.24049 0.03327
vt 0.23823 0.04021
vt 0.8897 0.26346
vt 0.8898 0.2752
vt 0.89426 0.27519
vt 0.89441 0.26343
vt 0.36758 0.06397
vt 0.37301 0.06346
vt 0.37042 0.05524
vt 0.36552 0.05781
vt 0.88987 0.34851
vt 0.88983 0.36136
vt 0.89471 0.3614
vt 0.89502 0.34854
vt 0.31684 0.13129
vt 0.33007 0.13338
vt 0.33253 0.1258
vt 0.32059 0.11973
vt 0.8896 0.40106
vt 0.88949 0.41509
vt 0.89505 0.41513
vt 0.895 0.40107
vt 0.37285 0.10271
vt 0.36678 0.11465
vt 0.37323 0.11934
vt 0.3827 0.10985
vt 0.88983 0.28694
vt 0.89447 0.28689
vt 0.32774 0.10988
vt 0.33721 0.11936
vt 0.34365 0.11467
vt 0.33757 0.10273
vt 0.88967 0.38743
vt 0.8949 0.38743
vt 0.35123 0.1122
vt 0.34913 0.09897
vt 0.88988 0.32323
vt 0.88992 0.33568
vt 0.89486 0.33565
vt 0.89465 0.32319
vt 0.3592 0.1122
vt 0.36128 0.09896
vt 0.8893 0.42956
vt 0.88895 0.44451
vt 0.89497 0.44463
vt 0.89504 0.42962
vt 0.31684 0.14344
vt 0.33006 0.14135
vt 0.88866 0.45967
vt 0.88881 0.47579
vt 0.89505 0.47494
vt 0.89448 0.45966
vt 0.37791 0.12578
vt 0.38986 0.1197
vt 0.88984 0.29903
vt 0.89469 0.29902
vt 0.38038 0.13336
vt 0.39362 0.13127
vt 0.8899 0.31113
vt 0.89449 0.31113
vt 0.38038 0.14133
vt 0.39362 0.14343
vt 0.8894 0.22914
vt 0.88945 0.24032
vt 0.89382 0.24026
vt 0.89366 0.22921
vt 0.37792 0.14891
vt 0.38986 0.155
vt 0.88961 0.25173
vt 0.89412 0.25165
vt 0.4201 0.14329
vt 0.42654 0.13861
vt 0.42045 0.12667
vt 0.41062 0.13383
vt 0.32773 0.16484
vt 0.33721 0.15537
vt 0.33253 0.14893
vt 0.32059 0.155
vt 0.88972 0.3742
vt 0.89479 0.3742
vt 0.37288 0.17199
vt 0.36679 0.16005
vt 0.35921 0.16251
vt 0.36131 0.17575
vt 0.88989 0.21766
vt 0.89421 0.21837
vt 0.38271 0.16484
vt 0.37324 0.15536
vt 0.87354 0.2754
vt 0.87799 0.27542
vt 0.87809 0.2637
vt 0.87339 0.26368
vt 0.35124 0.16252
vt 0.34914 0.17575
vt 0.34366 0.16006
vt 0.33757 0.17199
vt 0.37086 0.08023
vt 0.36591 0.07797
vt 0.36219 0.08365
vt 0.36608 0.08728
vt 0.34101 0.03994
vt 0.34068 0.03837
vt 0.33169 0.04169
vt 0.33247 0.04306
vt 0.34357 0.09027
vt 0.33707 0.08833
vt 0.33477 0.09291
vt 0.34277 0.09552
vt 0.3242 0.04782
vt 0.32544 0.04892
vt 0.34923 0.04649
vt 0.35579 0.04843
vt 0.35798 0.04362
vt 0.34981 0.04145
vt 0.31921 0.05586
vt 0.32061 0.05648
vt 0.31684 0.06472
vt 0.31837 0.06492
vt 0.36141 0.05231
vt 0.36511 0.04835
vt 0.31699 0.07389
vt 0.31856 0.07362
vt 0.32287 0.08122
vt 0.32757 0.07879
vt 0.32532 0.07243
vt 0.32024 0.07333
vt 0.31987 0.08274
vt 0.32125 0.08204
vt 0.36743 0.08852
vt 0.3686 0.08964
vt 0.374 0.08165
vt 0.37253 0.08097
vt 0.32681 0.05013
vt 0.33078 0.05369
vt 0.3362 0.04948
vt 0.3334 0.04465
vt 0.32012 0.06513
vt 0.325 0.06574
vt 0.32697 0.05933
vt 0.32225 0.0572
vt 0.32541 0.09053
vt 0.32654 0.0894
vt 0.37296 0.07196
vt 0.36764 0.0713
vt 0.37637 0.07239
vt 0.37479 0.07218
vt 0.35684 0.0879
vt 0.35042 0.09006
vt 0.35135 0.09547
vt 0.35935 0.09244
vt 0.33326 0.09591
vt 0.33398 0.09449
vt 0.33173 0.08422
vt 0.32786 0.08807
vt 0.34138 0.04173
vt 0.34249 0.04693
vt 0.36026 0.09406
vt 0.3517 0.09735
vt 0.34248 0.09734
vt 0.35 0.03964
vt 0.35873 0.04194
vt 0.36638 0.04697
vt 0.37213 0.05435
vt 0.37477 0.06319
vt 0.35019 0.038
vt 0.35941 0.04047
vt 0.36104 0.09548
vt 0.36752 0.04577
vt 0.35197 0.09896
vt 0.37361 0.0536
vt 0.34221 0.09893
vt 0.37637 0.06296
vt 0.87817 0.2294
vt 0.87821 0.2406
vt 0.87582 0.40102
vt 0.87529 0.41501
vt 0.87813 0.25198
vt 0.87471 0.42942
vt 0.87794 0.28715
vt 0.87787 0.29922
vt 0.87771 0.31131
vt 0.87759 0.32339
vt 0.87736 0.33581
vt 0.87716 0.34862
vt 0.8769 0.36144
vt 0.87416 0.44433
vt 0.87666 0.37427
vt 0.87628 0.38745
vt 0.8776 0.21766
vt 0.87342 0.45941
vt 0.87209 0.4751
vt 0.67012 0.03112
vt 0.66549 0.03839
vt 0.6706 0.04029
vt 0.67419 0.03488
vt 0.87203 0.36136
vt 0.87203 0.34854
vt 0.41541 0.17286
vt 0.41295 0.16528
vt 0.39972 0.16738
vt 0.40348 0.17894
vt 0.86976 0.41476
vt 0.87046 0.40081
vt 0.45611 0.17933
vt 0.44966 0.18401
vt 0.45573 0.19596
vt 0.46559 0.18881
vt 0.87331 0.28708
vt 0.42654 0.184
vt 0.4201 0.17931
vt 0.41062 0.18878
vt 0.42046 0.19593
vt 0.87107 0.38726
vt 0.43412 0.18647
vt 0.43201 0.19969
vt 0.87244 0.33569
vt 0.87283 0.32329
vt 0.44208 0.18647
vt 0.44417 0.1997
vt 0.86819 0.44408
vt 0.869 0.42916
vt 0.41295 0.15732
vt 0.39972 0.15523
vt 0.86608 0.47383
vt 0.86769 0.459
vt 0.4608 0.17288
vt 0.47274 0.17897
vt 0.87303 0.29919
vt 0.46327 0.1653
vt 0.4765 0.1674
vt 0.87313 0.31127
vt 0.46327 0.15733
vt 0.4765 0.15523
vt 0.87383 0.24057
vt 0.87387 0.22952
vt 0.46081 0.14975
vt 0.47275 0.14367
vt 0.87363 0.25193
vt 0.41541 0.14974
vt 0.40347 0.14367
vt 0.87161 0.37412
vt 0.44209 0.13615
vt 0.44968 0.13861
vt 0.45576 0.12668
vt 0.44419 0.12291
vt 0.87319 0.21843
vt 0.45612 0.1433
vt 0.4656 0.13383
vt 0.43412 0.13615
vt 0.43202 0.12291
vt 0.67066 0.06067
vt 0.66857 0.05424
vt 0.66321 0.05512
vt 0.66599 0.06314
vt 0.71106 0.02807
vt 0.70322 0.02253
vt 0.7025 0.02397
vt 0.70995 0.02919
vt 0.69452 0.07687
vt 0.6935 0.07163
vt 0.68679 0.07196
vt 0.68613 0.07703
vt 0.71671 0.03594
vt 0.71523 0.03668
vt 0.68515 0.02313
vt 0.68602 0.02834
vt 0.69286 0.02817
vt 0.69361 0.02315
vt 0.71946 0.04501
vt 0.71794 0.04524
vt 0.71946 0.05421
vt 0.71792 0.05401
vt 0.67958 0.03063
vt 0.67703 0.02584
vt 0.71692 0.06307
vt 0.71546 0.06239
vt 0.70921 0.05946
vt 0.70534 0.06502
vt 0.70927 0.06865
vt 0.7139 0.06167
vt 0.71178 0.07093
vt 0.71062 0.06988
vt 0.65983 0.05568
vt 0.66296 0.06476
vt 0.66437 0.06399
vt 0.66142 0.05541
vt 0.70468 0.03443
vt 0.70882 0.03991
vt 0.71359 0.03749
vt 0.70864 0.03049
vt 0.71104 0.04635
vt 0.71128 0.05306
vt 0.71616 0.05375
vt 0.71617 0.04551
vt 0.70429 0.07707
vt 0.70349 0.07565
vt 0.66864 0.04735
vt 0.66334 0.04661
vt 0.65994 0.04614
vt 0.66152 0.04635
vt 0.67797 0.07476
vt 0.68027 0.0699
vt 0.67469 0.06614
vt 0.67111 0.06982
vt 0.69515 0.08017
vt 0.69484 0.0786
vt 0.70256 0.07399
vt 0.69984 0.06915
vt 0.69926 0.03034
vt 0.70167 0.0256
vt 0.66982 0.07113
vt 0.67716 0.07646
vt 0.68592 0.07885
vt 0.69389 0.02134
vt 0.68486 0.02131
vt 0.67616 0.02419
vt 0.6687 0.02982
vt 0.66387 0.03767
vt 0.69414 0.01971
vt 0.68459 0.01972
vt 0.66872 0.07229
vt 0.67538 0.02273
vt 0.67647 0.07793
vt 0.66746 0.02872
vt 0.68574 0.08043
vt 0.66238 0.03704
vt 0.88134 0.08511
vt 0.88725 0.08082
vt 0.89154 0.07491
vt 0.8938 0.06797
vt 0.8938 0.06067
vt 0.8744 0.08736
vt 0.8671 0.08736
vt 0.89154 0.05372
vt 0.88725 0.04782
vt 0.86016 0.08511
vt 0.88134 0.04353
vt 0.85425 0.08082
vt 0.87444 0.04128
vt 0.84996 0.07491
vt 0.86676 0.04138
vt 0.84771 0.06797
vt 0.86016 0.04353
vt 0.84771 0.06067
vt 0.84996 0.05372
vt 0.85425 0.04782
vt 0.94114 0.04445
vt 0.93888 0.03751
vt 0.93459 0.0316
vt 0.94114 0.05175
vt 0.92869 0.02731
vt 0.93888 0.0587
vt 0.92175 0.02505
vt 0.93459 0.0646
vt 0.91444 0.02505
vt 0.92869 0.06889
vt 0.9075 0.02731
vt 0.92178 0.07114
vt 0.90159 0.0316
vt 0.9141 0.07104
vt 0.8973 0.03751
vt 0.9075 0.06889
vt 0.89505 0.04445
vt 0.90159 0.0646
vt 0.89505 0.05175
vt 0.8973 0.0587
vt 0.86398 0.42009
vt 0.85966 0.42004
vt 0.85947 0.43141
vt 0.86404 0.43148
vt 0.79825 0.03801
vt 0.79364 0.04525
vt 0.79872 0.04715
vt 0.80229 0.04175
vt 0.86556 0.33623
vt 0.86049 0.33618
vt 0.86039 0.349
vt 0.86531 0.34906
vt 0.75477 0.14845
vt 0.74832 0.14376
vt 0.73886 0.15324
vt 0.74869 0.16039
vt 0.86608 0.28086
vt 0.86036 0.28089
vt 0.86048 0.29535
vt 0.86603 0.29534
vt 0.79149 0.12975
vt 0.78903 0.13733
vt 0.80097 0.14342
vt 0.80473 0.13185
vt 0.86427 0.40875
vt 0.85978 0.40867
vt 0.77032 0.15091
vt 0.76235 0.15091
vt 0.76026 0.16414
vt 0.77242 0.16414
vt 0.86053 0.30937
vt 0.86592 0.30938
vt 0.7779 0.14846
vt 0.78398 0.16039
vt 0.86503 0.36151
vt 0.86026 0.36143
vt 0.86011 0.3735
vt 0.86473 0.37358
vt 0.78435 0.14377
vt 0.79381 0.15325
vt 0.866 0.25048
vt 0.85981 0.2506
vt 0.86016 0.26599
vt 0.86608 0.26593
vt 0.74364 0.13732
vt 0.73171 0.14341
vt 0.86608 0.21926
vt 0.85966 0.21839
vt 0.85951 0.23499
vt 0.8655 0.235
vt 0.79149 0.12178
vt 0.80473 0.11968
vt 0.86458 0.397
vt 0.85988 0.39695
vt 0.78903 0.1142
vt 0.80097 0.10811
vt 0.86448 0.38526
vt 0.86003 0.38523
vt 0.78435 0.10775
vt 0.79382 0.09827
vt 0.86329 0.45393
vt 0.85905 0.45383
vt 0.85892 0.46467
vt 0.86305 0.46463
vt 0.7779 0.10306
vt 0.78398 0.09112
vt 0.86367 0.44289
vt 0.8593 0.44278
vt 0.8099 0.1434
vt 0.82185 0.13732
vt 0.81939 0.12974
vt 0.80615 0.13183
vt 0.74118 0.12974
vt 0.74118 0.12177
vt 0.72794 0.11968
vt 0.72794 0.13184
vt 0.86576 0.32301
vt 0.86054 0.32298
vt 0.75477 0.10306
vt 0.76235 0.10059
vt 0.76026 0.08736
vt 0.74869 0.09112
vt 0.85931 0.47579
vt 0.86349 0.47514
vt 0.77032 0.1006
vt 0.77241 0.08737
vt 0.84822 0.4311
vt 0.84822 0.41974
vt 0.84391 0.41972
vt 0.84368 0.43108
vt 0.74832 0.10774
vt 0.73884 0.09827
vt 0.74364 0.11419
vt 0.73169 0.10811
vt 0.7988 0.06763
vt 0.7967 0.06118
vt 0.79132 0.06208
vt 0.79413 0.07011
vt 0.83902 0.03475
vt 0.83097 0.02919
vt 0.83026 0.0307
vt 0.83791 0.0359
vt 0.82267 0.08378
vt 0.82166 0.07856
vt 0.81496 0.0789
vt 0.81431 0.08396
vt 0.84476 0.04264
vt 0.84331 0.0434
vt 0.81309 0.03016
vt 0.81396 0.03527
vt 0.8207 0.03506
vt 0.82137 0.03005
vt 0.84771 0.05181
vt 0.84612 0.05208
vt 0.84771 0.06126
vt 0.84614 0.06104
vt 0.80761 0.03755
vt 0.8051 0.03285
vt 0.84492 0.07011
vt 0.84348 0.06942
vt 0.83743 0.06652
vt 0.83349 0.072
vt 0.83733 0.0756
vt 0.84193 0.06868
vt 0.83982 0.07787
vt 0.83867 0.07683
vt 0.78792 0.06265
vt 0.79109 0.07174
vt 0.79251 0.07097
vt 0.78951 0.06237
vt 0.83263 0.04125
vt 0.83684 0.04672
vt 0.84166 0.04423
vt 0.8366 0.03723
vt 0.83907 0.05321
vt 0.83923 0.06003
vt 0.84437 0.06077
vt 0.84432 0.05236
vt 0.8324 0.08396
vt 0.8316 0.08255
vt 0.79677 0.05426
vt 0.79143 0.05352
vt 0.788 0.05305
vt 0.78959 0.05326
vt 0.80615 0.08172
vt 0.80844 0.07686
vt 0.80284 0.0731
vt 0.79927 0.0768
vt 0.82331 0.08707
vt 0.823 0.0855
vt 0.83067 0.0809
vt 0.82798 0.07609
vt 0.82711 0.03718
vt 0.82944 0.03242
vt 0.79799 0.07811
vt 0.80534 0.08342
vt 0.8141 0.08578
vt 0.82161 0.02833
vt 0.81279 0.02838
vt 0.80425 0.03122
vt 0.7969 0.03674
vt 0.79195 0.04449
vt 0.8218 0.02676
vt 0.81252 0.02683
vt 0.79688 0.07927
vt 0.80348 0.02979
vt 0.80466 0.08489
vt 0.79568 0.03564
vt 0.81392 0.08736
vt 0.79046 0.04384
vt 0.84816 0.45348
vt 0.84804 0.46433
vt 0.84574 0.28098
vt 0.84628 0.29538
vt 0.84817 0.44245
vt 0.84514 0.26614
vt 0.84826 0.40838
vt 0.84828 0.39667
vt 0.84822 0.38496
vt 0.84819 0.37326
vt 0.84803 0.36122
vt 0.84781 0.34883
vt 0.84752 0.33606
vt 0.84458 0.25079
vt 0.84717 0.32291
vt 0.84676 0.30935
vt 0.8474 0.4757
vt 0.84244 0.2191
vt 0.84381 0.23526
vt 0.07231 0.06199
vt 0.06723 0.06389
vt 0.07184 0.07113
vt 0.07588 0.06739
vt 0.84248 0.33621
vt 0.84291 0.34895
vt 0.81707 0.09826
vt 0.82653 0.10774
vt 0.83298 0.10306
vt 0.8269 0.09112
vt 0.84004 0.28123
vt 0.84076 0.2956
vt 0.87918 0.10809
vt 0.86724 0.11418
vt 0.8697 0.12176
vt 0.88294 0.11966
vt 0.84377 0.4084
vt 0.83847 0.08736
vt 0.84056 0.1006
vt 0.84853 0.10059
vt 0.85063 0.08737
vt 0.8414 0.30955
vt 0.85611 0.10305
vt 0.86219 0.09112
vt 0.84328 0.36132
vt 0.84358 0.37332
vt 0.86256 0.10773
vt 0.87202 0.09826
vt 0.83842 0.25105
vt 0.83926 0.26641
vt 0.80992 0.1081
vt 0.82185 0.11419
vt 0.83625 0.22041
vt 0.83791 0.23568
vt 0.8697 0.12973
vt 0.88294 0.13183
vt 0.84359 0.39667
vt 0.86724 0.13731
vt 0.87918 0.1434
vt 0.84378 0.38497
vt 0.86256 0.14376
vt 0.87203 0.15324
vt 0.84392 0.45347
vt 0.84388 0.46418
vt 0.85611 0.14845
vt 0.86219 0.16039
vt 0.84381 0.44247
vt 0.81939 0.12177
vt 0.80615 0.11967
vt 0.84197 0.32308
vt 0.83846 0.16414
vt 0.84056 0.15091
vt 0.83298 0.14845
vt 0.8269 0.16039
vt 0.84314 0.47492
vt 0.85062 0.16414
vt 0.84853 0.15091
vt 0.82653 0.14377
vt 0.81705 0.15324
vt 0.06491 0.04706
vt 0.07029 0.04796
vt 0.07239 0.04151
vt 0.06772 0.03903
vt 0.10385 0.07844
vt 0.10456 0.07995
vt 0.11261 0.07439
vt 0.1115 0.07324
vt 0.08855 0.03024
vt 0.09525 0.03058
vt 0.09627 0.02536
vt 0.0879 0.02518
vt 0.11835 0.0665
vt 0.1169 0.06574
vt 0.09429 0.07407
vt 0.08755 0.07386
vt 0.08668 0.07898
vt 0.09496 0.07909
vt 0.12129 0.05733
vt 0.11971 0.05706
vt 0.12129 0.04788
vt 0.11974 0.0481
vt 0.0812 0.07159
vt 0.07869 0.07629
vt 0.11851 0.03903
vt 0.11707 0.03972
vt 0.11092 0.03354
vt 0.10708 0.03714
vt 0.11102 0.04262
vt 0.11552 0.04046
vt 0.11341 0.03127
vt 0.11226 0.03231
vt 0.0661 0.03817
vt 0.06468 0.0374
vt 0.06151 0.04649
vt 0.0631 0.04677
vt 0.11525 0.0649
vt 0.11043 0.06242
vt 0.10622 0.06789
vt 0.11019 0.07191
vt 0.11796 0.04837
vt 0.11282 0.04911
vt 0.11266 0.05593
vt 0.1179 0.05678
vt 0.10599 0.02518
vt 0.10519 0.02658
vt 0.06502 0.05562
vt 0.07035 0.05488
vt 0.06159 0.05609
vt 0.06318 0.05588
vt 0.07643 0.03604
vt 0.08203 0.03228
vt 0.07974 0.02742
vt 0.07286 0.03234
vt 0.0969 0.02207
vt 0.09659 0.02364
vt 0.10157 0.03305
vt 0.10426 0.02824
vt 0.10303 0.07672
vt 0.1007 0.07196
vt 0.07158 0.03103
vt 0.07893 0.02572
vt 0.08769 0.02336
vt 0.0952 0.08081
vt 0.08638 0.08076
vt 0.07784 0.07792
vt 0.07049 0.0724
vt 0.06554 0.06465
vt 0.09539 0.08238
vt 0.0861 0.08231
vt 0.07047 0.02987
vt 0.07707 0.07935
vt 0.07825 0.02425
vt 0.06927 0.0735
vt 0.08751 0.02178
vt 0.06405 0.0653
vt 0.5497 0.56918
vt 0.5454 0.56327
vt 0.5395 0.55898
vt 0.55195 0.57612
vt 0.53256 0.55672
vt 0.55195 0.58342
vt 0.52526 0.55672
vt 0.5497 0.59036
vt 0.51831 0.55898
vt 0.5454 0.59627
vt 0.51241 0.56327
vt 0.5395 0.60056
vt 0.50811 0.56918
vt 0.53259 0.60281
vt 0.50586 0.57612
vt 0.52491 0.60271
vt 0.50586 0.58342
vt 0.51831 0.60056
vt 0.50811 0.59036
vt 0.5124 0.59627
vt 0.49931 0.56326
vt 0.49341 0.55897
vt 0.48646 0.55671
vt 0.47916 0.55671
vt 0.5036 0.56916
vt 0.47222 0.55897
vt 0.50586 0.57611
vt 0.46631 0.56326
vt 0.46202 0.56916
vt 0.50586 0.58341
vt 0.45978 0.57607
vt 0.5036 0.59035
vt 0.49931 0.59626
vt 0.45987 0.58375
vt 0.46202 0.59035
vt 0.49341 0.60055
vt 0.46631 0.59626
vt 0.48646 0.60281
vt 0.47222 0.60055
vt 0.47916 0.60281
vt 0.57153 0.25819
vt 0.55986 0.24871
vt 0.55513 0.25297
vt 0.56822 0.26352
vt 0.73914 0.0675
vt 0.73414 0.06952
vt 0.73892 0.07657
vt 0.74282 0.07277
vt 0.57103 0.17075
vt 0.58468 0.16504
vt 0.58321 0.15893
vt 0.56785 0.16538
vt 0.21274 0.1062
vt 0.2008 0.11227
vt 0.20326 0.11985
vt 0.21649 0.11776
vt 0.6279 0.17371
vt 0.63912 0.18466
vt 0.64442 0.1806
vt 0.63179 0.16847
vt 0.18419 0.16223
vt 0.1821 0.14899
vt 0.17413 0.14899
vt 0.17202 0.16223
vt 0.55133 0.23615
vt 0.54546 0.23889
vt 0.21649 0.12992
vt 0.20326 0.12782
vt 0.2008 0.1354
vt 0.21274 0.14148
vt 0.61434 0.16651
vt 0.61656 0.16048
vt 0.19612 0.14184
vt 0.20559 0.15132
vt 0.55166 0.19241
vt 0.55974 0.18017
vt 0.55517 0.17599
vt 0.54614 0.18973
vt 0.18967 0.14653
vt 0.19576 0.15847
vt 0.64716 0.19866
vt 0.65131 0.21493
vt 0.65859 0.21395
vt 0.65354 0.19606
vt 0.20561 0.09636
vt 0.19612 0.10582
vt 0.6516 0.23234
vt 0.64938 0.2519
vt 0.65727 0.25172
vt 0.65859 0.23259
vt 0.16655 0.14653
vt 0.16046 0.15847
vt 0.54698 0.22139
vt 0.54026 0.22224
vt 0.1601 0.14185
vt 0.15062 0.15132
vt 0.54725 0.20633
vt 0.5414 0.20528
vt 0.15541 0.1354
vt 0.14347 0.14148
vt 0.61497 0.26637
vt 0.59985 0.26656
vt 0.59936 0.2726
vt 0.61516 0.27232
vt 0.15295 0.12782
vt 0.13972 0.12991
vt 0.5852 0.26412
vt 0.5834 0.27002
vt 0.18421 0.08544
vt 0.1821 0.09867
vt 0.18968 0.10114
vt 0.19577 0.08921
vt 0.59953 0.16356
vt 0.59991 0.15723
vt 0.14348 0.10618
vt 0.15541 0.11227
vt 0.1601 0.10582
vt 0.15063 0.09634
vt 0.63151 0.26499
vt 0.63119 0.27159
vt 0.13972 0.11775
vt 0.15295 0.11985
vt 0.16655 0.10114
vt 0.16047 0.08919
vt 0.17413 0.09867
vt 0.17205 0.08543
vt 0.73135 0.05282
vt 0.73674 0.05356
vt 0.73865 0.04706
vt 0.73391 0.04472
vt 0.77096 0.08321
vt 0.77171 0.08472
vt 0.77968 0.07892
vt 0.77853 0.0778
vt 0.75447 0.03532
vt 0.76119 0.03547
vt 0.76205 0.03021
vt 0.75367 0.03028
vt 0.7852 0.0709
vt 0.78375 0.07018
vt 0.76123 0.07889
vt 0.75457 0.07898
vt 0.75377 0.08392
vt 0.76201 0.08407
vt 0.78792 0.06175
vt 0.78633 0.0615
vt 0.78792 0.05226
vt 0.78634 0.05251
vt 0.74819 0.07682
vt 0.74582 0.08148
vt 0.78486 0.04332
vt 0.78341 0.04406
vt 0.77701 0.03798
vt 0.77323 0.04172
vt 0.77731 0.04714
vt 0.78185 0.04485
vt 0.77945 0.03562
vt 0.77833 0.03671
vt 0.73227 0.04391
vt 0.73084 0.04318
vt 0.72794 0.05235
vt 0.72954 0.05258
vt 0.78208 0.06938
vt 0.77728 0.06699
vt 0.77315 0.07253
vt 0.77719 0.07649
vt 0.78456 0.05281
vt 0.7792 0.05368
vt 0.77947 0.06051
vt 0.78452 0.06125
vt 0.7718 0.02973
vt 0.77104 0.03116
vt 0.73171 0.06135
vt 0.73701 0.06046
vt 0.7283 0.06191
vt 0.72989 0.06166
vt 0.74253 0.04148
vt 0.74801 0.03756
vt 0.74557 0.03276
vt 0.73885 0.03789
vt 0.76258 0.02689
vt 0.76232 0.02847
vt 0.76759 0.03776
vt 0.77016 0.03285
vt 0.7701 0.08149
vt 0.76767 0.0767
vt 0.73753 0.03662
vt 0.74471 0.03109
vt 0.7534 0.02847
vt 0.76227 0.08579
vt 0.7535 0.08569
vt 0.74502 0.0831
vt 0.73762 0.07785
vt 0.73249 0.07032
vt 0.76247 0.08736
vt 0.75324 0.08723
vt 0.73639 0.03549
vt 0.7443 0.08452
vt 0.74399 0.02964
vt 0.73645 0.07898
vt 0.75318 0.02688
vt 0.73103 0.071
vt 0.61312 0.25208
vt 0.60031 0.25316
vt 0.61993 0.18487
vt 0.62802 0.19338
vt 0.58864 0.25141
vt 0.63377 0.20428
vt 0.57818 0.24678
vt 0.56946 0.23956
vt 0.56322 0.23018
vt 0.56009 0.21937
vt 0.56041 0.20818
vt 0.56349 0.19762
vt 0.56958 0.1886
vt 0.57793 0.18167
vt 0.58808 0.17769
vt 0.63633 0.21684
vt 0.59909 0.17676
vt 0.60998 0.17921
vt 0.62878 0.2468
vt 0.6351 0.23075
vt 0.62076 0.19823
vt 0.61461 0.19129
vt 0.60686 0.18673
vt 0.59838 0.18467
vt 0.58982 0.18532
vt 0.58191 0.18841
vt 0.57535 0.1938
vt 0.57068 0.20096
vt 0.56843 0.20938
vt 0.56813 0.21834
vt 0.5706 0.2269
vt 0.57556 0.23424
vt 0.58256 0.23983
vt 0.59098 0.24343
vt 0.6004 0.24427
vt 0.61045 0.24273
vt 0.62014 0.23777
vt 0.62519 0.22779
vt 0.62683 0.21721
vt 0.62522 0.20709
vt 0.51829 0.06838
vt 0.5242 0.06409
vt 0.52849 0.05818
vt 0.53075 0.05124
vt 0.53075 0.04394
vt 0.51135 0.07063
vt 0.50405 0.07063
vt 0.52849 0.03699
vt 0.5242 0.03109
vt 0.4971 0.06838
vt 0.51829 0.0268
vt 0.4912 0.06409
vt 0.51138 0.02455
vt 0.48691 0.05818
vt 0.50371 0.02465
vt 0.48465 0.05124
vt 0.4971 0.0268
vt 0.48465 0.04394
vt 0.48691 0.03699
vt 0.4912 0.03109
vt 0.94159 0.46455
vt 0.94275 0.47374
vt 0.94329 0.47386
vt 0.94331 0.46454
vt 0.93347 0.43792
vt 0.93299 0.40661
vt 0.93117 0.40662
vt 0.93178 0.43794
vt 0.94468 0.44078
vt 0.94307 0.44062
vt 0.94181 0.46216
vt 0.94334 0.46218
vt 0.94355 0.36409
vt 0.94245 0.37512
vt 0.9445 0.37509
vt 0.94418 0.36393
vt 0.9444 0.40609
vt 0.94308 0.43816
vt 0.94468 0.43828
vt 0.94609 0.40606
vt 0.9316 0.44039
vt 0.93168 0.46152
vt 0.9334 0.46179
vt 0.93325 0.44036
vt 0.93078 0.37877
vt 0.93084 0.40374
vt 0.93275 0.40378
vt 0.93282 0.37843
vt 0.9311 0.464
vt 0.93036 0.47451
vt 0.93102 0.47471
vt 0.93333 0.4644
vt 0.92961 0.3631
vt 0.93007 0.37583
vt 0.93273 0.37538
vt 0.93024 0.36273
vt 0.67337 0.25694
vt 0.67505 0.25699
vt 0.67498 0.2353
vt 0.67325 0.23531
vt 0.94277 0.37795
vt 0.94458 0.37791
vt 0.94627 0.40313
vt 0.94438 0.4033
vt 0.94767 0.44001
vt 0.94781 0.43942
vt 0.94978 0.40419
vt 0.94991 0.40491
vt 0.94607 0.46334
vt 0.94604 0.46292
vt 0.94783 0.37649
vt 0.9478 0.37697
vt 0.92637 0.40497
vt 0.92628 0.40573
vt 0.9278 0.43947
vt 0.9277 0.43884
vt 0.92809 0.46229
vt 0.92803 0.46173
vt 0.92655 0.37785
vt 0.92648 0.37851
vt 0.67536 0.16423
vt 0.67383 0.16476
vt 0.67344 0.17756
vt 0.67511 0.17751
vt 0.66441 0.23308
vt 0.66622 0.23308
vt 0.66622 0.20366
vt 0.66441 0.20366
vt 0.67326 0.20143
vt 0.67498 0.20144
vt 0.67508 0.17974
vt 0.6734 0.17979
vt 0.67508 0.25921
vt 0.67341 0.25917
vt 0.67382 0.27207
vt 0.67535 0.2726
vt 0.67499 0.23308
vt 0.67499 0.20366
vt 0.67326 0.20366
vt 0.67326 0.23308
vt 0.66442 0.20143
vt 0.66624 0.20143
vt 0.66657 0.17993
vt 0.66472 0.18001
vt 0.66623 0.23531
vt 0.66442 0.23531
vt 0.6647 0.25671
vt 0.66654 0.25679
vt 0.66836 0.1655
vt 0.66646 0.16638
vt 0.6649 0.17779
vt 0.66674 0.1777
vt 0.66671 0.25903
vt 0.66487 0.25894
vt 0.66657 0.271
vt 0.66846 0.27175
vt 0.93093 0.43727
vt 0.93014 0.40746
vt 0.67958 0.20365
vt 0.67956 0.20142
vt 0.67955 0.23532
vt 0.67958 0.23309
vt 0.67967 0.1795
vt 0.67963 0.17728
vt 0.67963 0.25946
vt 0.67967 0.25724
vt 0.65859 0.23309
vt 0.65862 0.23532
vt 0.65862 0.20142
vt 0.6586 0.20365
vt 0.65969 0.17772
vt 0.65933 0.17993
vt 0.65931 0.25681
vt 0.65966 0.25902
vt 0.93146 0.47579
vt 0.92959 0.47484
vt 0.92987 0.37964
vt 0.92973 0.40299
vt 0.92717 0.43991
vt 0.92723 0.43843
vt 0.94403 0.46158
vt 0.94633 0.46256
vt 0.94734 0.40236
vt 0.9454 0.37861
vt 0.94545 0.37441
vt 0.94843 0.37616
vt 0.92868 0.36243
vt 0.93082 0.36192
vt 0.94481 0.36322
vt 0.93424 0.40239
vt 0.94264 0.40142
vt 0.94814 0.37739
vt 0.94104 0.46121
vt 0.9416 0.44223
vt 0.94279 0.40807
vt 0.93441 0.40788
vt 0.94209 0.43655
vt 0.93007 0.4643
vt 0.92754 0.46254
vt 0.93434 0.43693
vt 0.92769 0.46128
vt 0.93451 0.44151
vt 0.93431 0.46041
vt 0.93091 0.46078
vt 0.94187 0.37908
vt 0.94078 0.46532
vt 0.93423 0.46547
vt 0.94219 0.4746
vt 0.93376 0.37414
vt 0.94147 0.37423
vt 0.93389 0.38006
vt 0.92608 0.37904
vt 0.9259 0.37756
vt 0.92888 0.37546
vt 0.94559 0.44145
vt 0.94714 0.40686
vt 0.94557 0.43768
vt 0.93066 0.44105
vt 0.94286 0.36309
vt 0.94828 0.43909
vt 0.94822 0.44044
vt 0.94412 0.46509
vt 0.94384 0.47445
vt 0.95047 0.4037
vt 0.92572 0.40623
vt 0.9256 0.40446
vt 0.95047 0.40534
vt 0.94658 0.4636
usemtl mat0
f 1/1/1 2/2/1 3/3/1
f 3/3/1 4/4/1 1/1/1
f 5/5/2 6/6/3 7/7/4
f 7/7/4 8/8/5 5/5/2
f 9/9/6 5/5/2 8/8/5
f 8/8/5 10/10/7 9/9/6
f 11/11/8 12/12/8 13/13/8
f 13/13/8 14/14/8 11/11/8
f 11/11/9 15/15/10 16/16/11
f 16/16/11 12/12/9 11/11/9
f 17/17/12 18/18/12 19/19/12
f 19/19/12 20/20/12 17/17/12
f 21/21/13 7/7/14 22/22/15
f 22/22/15 23/23/16 21/21/13
f 24/24/17 25/25/18 26/26/18
f 26/26/18 22/22/19 24/24/17
f 27/27/20 28/28/21 29/29/22
f 29/29/22 30/30/23 27/27/20
f 1/1/24 20/20/24 19/19/24
f 19/19/24 2/2/24 1/1/24
f 17/17/25 4/4/25 3/3/25
f 3/3/25 18/18/25 17/17/25
f 31/31/26 32/32/27 21/21/28
f 21/21/28 23/23/29 31/31/26
f 6/6/3 24/24/17 22/22/19
f 22/22/19 7/7/4 6/6/3
f 28/28/21 33/33/30 34/34/31
f 34/34/31 29/29/22 28/28/21
f 32/32/27 27/27/20 30/30/23
f 30/30/23 21/21/28 32/32/27
f 19/19/32 18/18/32 3/3/32
f 3/3/32 2/2/32 19/19/32
f 7/7/14 21/21/13 30/30/33
f 30/30/33 8/8/34 7/7/14
f 35/35/35 36/36/35 37/37/35
f 37/37/35 38/38/35 35/35/35
f 39/39/36 40/40/36 41/41/36
f 41/41/36 42/42/36 39/39/36
f 43/43/37 31/31/26 23/23/29
f 23/23/29 44/44/37 43/43/37
f 45/45/38 46/46/38 35/35/38
f 35/35/38 38/38/38 45/45/38
f 8/8/34 30/30/33 29/29/39
f 29/29/39 10/10/40 8/8/34
f 23/23/16 22/22/15 26/26/41
f 26/26/41 44/44/41 23/23/16
f 47/47/42 48/48/42 41/41/42
f 41/41/42 40/40/42 47/47/42
f 26/26/43 25/25/43 43/43/43
f 43/43/43 44/44/43 26/26/43
f 48/48/44 49/49/44 42/42/44
f 42/42/44 41/41/44 48/48/44
f 13/13/45 12/12/45 16/16/46
f 16/16/46 34/34/47 13/13/45
f 37/37/48 50/50/48 45/45/48
f 45/45/48 38/38/48 37/37/48
f 47/47/49 51/51/49 49/49/49
f 49/49/49 48/48/49 47/47/49
f 52/52/50 46/46/50 45/45/50
f 45/45/50 50/50/50 52/52/50
f 50/50/51 37/37/51 36/36/51
f 36/36/51 52/52/51 50/50/51
f 39/39/52 42/42/52 49/49/52
f 49/49/52 51/51/52 39/39/52
f 29/29/39 34/34/47 16/16/46
f 16/16/46 10/10/40 29/29/39
f 33/33/30 14/14/53 13/13/53
f 13/13/53 34/34/31 33/33/30
f 15/15/10 9/9/6 10/10/7
f 10/10/7 16/16/11 15/15/10
f 53/53/1 54/54/1 55/55/1
f 55/55/1 56/56/1 53/53/1
f 57/57/12 58/58/12 59/59/12
f 59/59/12 60/60/12 57/57/12
f 53/53/54 60/60/54 59/59/54
f 59/59/54 54/54/54 53/53/54
f 57/57/25 56/56/25 55/55/25
f 55/55/25 58/58/25 57/57/25
f 59/59/55 58/58/55 55/55/55
f 55/55/55 54/54/55 59/59/55
f 61/61/56 62/62/56 63/63/56
f 63/63/56 64/64/56 61/61/56
f 65/65/57 66/66/57 67/67/57
f 67/67/57 68/68/57 65/65/57
f 61/61/58 68/68/58 67/67/58
f 67/67/58 62/62/58 61/61/58
f 65/65/59 64/64/59 63/63/59
f 63/63/59 66/66/59 65/65/59
f 67/67/60 66/66/60 63/63/60
f 63/63/60 62/62/60 67/67/60
f 69/69/1 70/70/1 71/71/1
f 71/71/1 72/72/1 69/69/1
f 73/73/12 74/74/12 75/75/12
f 75/75/12 76/76/12 73/73/12
f 69/69/61 76/76/61 75/75/61
f 75/75/61 70/70/61 69/69/61
f 73/73/58 72/72/58 71/71/58
f 71/71/58 74/74/58 73/73/58
f 75/75/62 74/74/62 71/71/62
f 71/71/62 70/70/62 75/75/62
f 77/77/56 78/78/56 79/79/56
f 79/79/56 80/80/56 77/77/56
f 81/81/57 82/82/57 83/83/57
f 83/83/57 84/84/57 81/81/57
f 77/77/63 84/84/63 83/83/63
f 83/83/63 78/78/63 77/77/63
f 81/81/64 80/80/64 79/79/64
f 79/79/64 82/82/64 81/81/64
f 83/83/65 82/82/65 79/79/65
f 79/79/65 78/78/65 83/83/65
f 85/85/66 86/86/67 87/87/68
f 87/87/68 88/88/69 85/85/66
f 89/89/70 90/90/71 91/91/72
f 91/91/72 92/92/73 89/89/70
f 87/87/74 92/92/75 91/91/76
f 91/91/76 88/88/77 87/87/74
f 93/93/78 94/94/79 95/95/80
f 95/95/80 96/96/81 93/93/78
f 97/97/82 98/98/83 99/99/84
f 99/99/84 100/100/85 97/97/82
f 101/101/86 102/102/87 103/103/88
f 103/103/88 104/104/89 101/101/86
f 99/99/90 104/104/91 103/103/92
f 103/103/92 100/100/93 99/99/90
f 105/105/94 106/106/95 107/107/96
f 107/107/96 108/108/97 105/105/94
f 89/89/98 109/109/98 110/110/98
f 110/110/98 86/86/98 89/89/98
f 111/111/99 92/92/75 87/87/74
f 87/87/74 112/112/99 111/111/99
f 112/112/100 87/87/68 86/86/67
f 86/86/67 110/110/101 112/112/100
f 109/109/102 89/89/70 92/92/73
f 92/92/73 111/111/103 109/109/102
f 93/93/104 88/88/77 91/91/76
f 91/91/76 94/94/104 93/93/104
f 96/96/81 85/85/66 88/88/69
f 88/88/69 93/93/78 96/96/81
f 94/94/79 91/91/72 90/90/71
f 90/90/71 95/95/80 94/94/79
f 95/95/105 90/90/105 85/85/105
f 85/85/105 96/96/105 95/95/105
f 101/101/106 113/113/106 114/114/106
f 114/114/106 98/98/106 101/101/106
f 115/115/107 104/104/91 99/99/90
f 99/99/90 116/116/107 115/115/107
f 116/116/108 99/99/84 98/98/83
f 98/98/83 114/114/109 116/116/108
f 113/113/110 101/101/86 104/104/89
f 104/104/89 115/115/111 113/113/110
f 105/105/112 100/100/93 103/103/92
f 103/103/92 106/106/112 105/105/112
f 108/108/97 97/97/82 100/100/85
f 100/100/85 105/105/94 108/108/97
f 106/106/95 103/103/88 102/102/87
f 102/102/87 107/107/96 106/106/95
f 107/107/113 102/102/113 97/97/113
f 97/97/113 108/108/113 107/107/113
f 116/116/108 114/114/109 113/113/110
f 113/113/110 115/115/111 116/116/108
f 112/112/100 110/110/101 109/109/102
f 109/109/102 111/111/103 112/112/100
f 117/117/114 118/118/114 119/119/114
f 119/119/114 120/120/114 117/117/114
f 121/121/115 122/122/116 123/123/117
f 123/123/117 124/124/118 121/121/115
f 124/124/118 123/123/117 125/125/119
f 125/125/119 126/126/120 124/124/118
f 127/127/121 128/128/121 129/129/121
f 129/129/121 130/130/121 127/127/121
f 131/131/122 132/132/123 127/127/124
f 127/127/124 130/130/124 131/131/122
f 133/133/125 134/134/125 135/135/125
f 135/135/125 136/136/125 133/133/125
f 137/137/126 138/138/127 121/121/128
f 121/121/128 139/139/129 137/137/126
f 140/140/130 141/141/130 142/142/131
f 142/142/131 138/138/132 140/140/130
f 143/143/133 144/144/134 145/145/135
f 145/145/135 146/146/136 143/143/133
f 136/136/24 135/135/24 119/119/24
f 119/119/24 118/118/24 136/136/24
f 117/117/137 120/120/137 134/134/137
f 134/134/137 133/133/137 117/117/137
f 139/139/138 147/147/139 148/148/140
f 148/148/140 137/137/141 139/139/138
f 138/138/132 142/142/131 122/122/116
f 122/122/116 121/121/115 138/138/132
f 149/149/142 150/150/143 144/144/134
f 144/144/134 143/143/133 149/149/142
f 146/146/136 145/145/135 147/147/139
f 147/147/139 139/139/138 146/146/136
f 117/117/144 133/133/144 136/136/144
f 136/136/144 118/118/144 117/117/144
f 124/124/145 146/146/146 139/139/129
f 139/139/129 121/121/128 124/124/145
f 151/151/35 152/152/35 153/153/35
f 153/153/35 154/154/35 151/151/35
f 155/155/147 156/156/147 157/157/147
f 157/157/147 158/158/147 155/155/147
f 137/137/141 148/148/140 159/159/148
f 159/159/148 160/160/148 137/137/141
f 153/153/149 161/161/149 162/162/149
f 162/162/149 154/154/149 153/153/149
f 126/126/150 143/143/151 146/146/146
f 146/146/146 124/124/145 126/126/150
f 160/160/152 140/140/152 138/138/127
f 138/138/127 137/137/126 160/160/152
f 155/155/153 163/163/153 164/164/153
f 164/164/153 156/156/153 155/155/153
f 159/159/154 141/141/154 140/140/154
f 140/140/154 160/160/154 159/159/154
f 165/165/155 163/163/155 155/155/155
f 155/155/155 158/158/155 165/165/155
f 149/149/156 131/131/157 130/130/158
f 130/130/158 129/129/158 149/149/156
f 162/162/159 166/166/159 151/151/159
f 151/151/159 154/154/159 162/162/159
f 165/165/160 167/167/160 164/164/160
f 164/164/160 163/163/160 165/165/160
f 162/162/50 161/161/50 168/168/50
f 168/168/50 166/166/50 162/162/50
f 152/152/161 151/151/161 166/166/161
f 166/166/161 168/168/161 152/152/161
f 165/165/162 158/158/162 157/157/162
f 157/157/162 167/167/162 165/165/162
f 149/149/156 143/143/151 126/126/150
f 126/126/150 131/131/157 149/149/156
f 129/129/163 128/128/163 150/150/143
f 150/150/143 149/149/142 129/129/163
f 126/126/120 125/125/119 132/132/123
f 132/132/123 131/131/122 126/126/120
f 169/169/114 170/170/114 171/171/114
f 171/171/114 172/172/114 169/169/114
f 173/173/125 174/174/125 175/175/125
f 175/175/125 176/176/125 173/173/125
f 176/176/24 175/175/24 171/171/24
f 171/171/24 170/170/24 176/176/24
f 169/169/137 172/172/137 174/174/137
f 174/174/137 173/173/137 169/169/137
f 169/169/164 173/173/164 176/176/164
f 176/176/164 170/170/164 169/169/164
f 177/177/165 178/178/165 179/179/165
f 179/179/165 180/180/165 177/177/165
f 181/181/166 182/182/166 183/183/166
f 183/183/166 184/184/166 181/181/166
f 184/184/137 183/183/137 179/179/137
f 179/179/137 178/178/137 184/184/137
f 177/177/24 180/180/24 182/182/24
f 182/182/24 181/181/24 177/177/24
f 177/177/167 181/181/167 184/184/167
f 184/184/167 178/178/167 177/177/167
f 185/185/114 186/186/114 187/187/114
f 187/187/114 188/188/114 185/185/114
f 189/189/125 190/190/125 191/191/125
f 191/191/125 192/192/125 189/189/125
f 192/192/168 191/191/168 187/187/168
f 187/187/168 186/186/168 192/192/168
f 185/185/137 188/188/137 190/190/137
f 190/190/137 189/189/137 185/185/137
f 185/185/169 189/189/169 192/192/169
f 192/192/169 186/186/169 185/185/169
f 193/193/165 194/194/165 195/195/165
f 195/195/165 196/196/165 193/193/165
f 197/197/166 198/198/166 199/199/166
f 199/199/166 200/200/166 197/197/166
f 200/200/170 199/199/170 195/195/170
f 195/195/170 194/194/170 200/200/170
f 193/193/24 196/196/24 198/198/24
f 198/198/24 197/197/24 193/193/24
f 193/193/171 197/197/171 200/200/171
f 200/200/171 194/194/171 193/193/171
f 201/201/172 202/202/173 203/203/174
f 203/203/174 204/204/175 201/201/172
f 205/205/176 206/206/177 207/207/178
f 207/207/178 208/208/179 205/205/176
f 204/204/180 205/205/181 208/208/182
f 208/208/182 201/201/183 204/204/180
f 209/209/184 210/210/185 211/211/186
f 211/211/186 212/212/187 209/209/184
f 213/213/188 214/214/189 215/215/190
f 215/215/190 216/216/191 213/213/188
f 217/217/192 218/218/193 219/219/194
f 219/219/194 220/220/195 217/217/192
f 216/216/196 217/217/197 220/220/198
f 220/220/198 213/213/198 216/216/196
f 221/221/199 222/222/200 223/223/201
f 223/223/201 224/224/202 221/221/199
f 225/225/203 226/226/203 207/207/203
f 207/207/203 202/202/203 225/225/203
f 208/208/182 227/227/204 228/228/204
f 228/228/204 201/201/183 208/208/182
f 202/202/173 201/201/172 228/228/205
f 228/228/205 225/225/206 202/202/173
f 208/208/179 207/207/178 226/226/207
f 226/226/207 227/227/208 208/208/179
f 204/204/180 211/211/209 210/210/209
f 210/210/209 205/205/181 204/204/180
f 204/204/175 203/203/174 212/212/187
f 212/212/187 211/211/186 204/204/175
f 206/206/177 205/205/176 210/210/185
f 210/210/185 209/209/184 206/206/177
f 203/203/210 206/206/210 209/209/210
f 209/209/210 212/212/210 203/203/210
f 229/229/211 230/230/211 219/219/211
f 219/219/211 214/214/211 229/229/211
f 220/220/198 231/231/212 232/232/212
f 232/232/212 213/213/198 220/220/198
f 214/214/189 213/213/188 232/232/213
f 232/232/213 229/229/214 214/214/189
f 220/220/195 219/219/194 230/230/215
f 230/230/215 231/231/216 220/220/195
f 216/216/196 223/223/217 222/222/217
f 222/222/217 217/217/197 216/216/196
f 216/216/191 215/215/190 224/224/202
f 224/224/202 223/223/201 216/216/191
f 218/218/193 217/217/192 222/222/200
f 222/222/200 221/221/199 218/218/193
f 215/215/218 218/218/218 221/221/218
f 221/221/218 224/224/218 215/215/218
f 230/230/215 229/229/214 232/232/213
f 232/232/213 231/231/216 230/230/215
f 226/226/207 225/225/206 228/228/205
f 228/228/205 227/227/208 226/226/207
f 233/233/25 234/234/219 235/235/220
f 235/235/220 236/236/25 233/233/25
f 237/237/221 238/238/221 239/239/221
f 239/239/221 240/240/221 237/237/221
f 234/234/219 240/240/222 239/239/222
f 239/239/222 235/235/220 234/234/219
f 241/241/223 242/242/224 243/243/225
f 243/243/225 244/244/223 241/241/223
f 236/236/226 235/235/227 245/245/228
f 245/245/228 246/246/229 236/236/226
f 242/242/224 233/233/25 236/236/25
f 236/236/25 243/243/225 242/242/224
f 247/247/230 248/248/231 249/249/232
f 249/249/232 246/246/230 247/247/230
f 250/250/233 247/247/230 246/246/230
f 246/246/230 245/245/234 250/250/233
f 237/237/235 250/250/233 245/245/234
f 245/245/234 238/238/235 237/237/235
f 251/251/236 241/241/236 244/244/237
f 244/244/237 252/252/238 251/251/236
f 235/235/227 239/239/239 238/238/239
f 238/238/239 245/245/228 235/235/227
f 248/248/231 251/251/240 252/252/240
f 252/252/240 249/249/232 248/248/231
f 243/243/241 236/236/226 246/246/229
f 246/246/229 249/249/242 243/243/241
f 249/249/242 252/252/238 244/244/237
f 244/244/237 243/243/241 249/249/242
f 253/253/243 254/254/244 255/255/137
f 255/255/137 256/256/137 253/253/243
f 257/257/245 258/258/246 259/259/246
f 259/259/246 260/260/247 257/257/245
f 260/260/248 259/259/248 254/254/244
f 254/254/244 253/253/243 260/260/248
f 261/261/249 262/262/250 263/263/251
f 263/263/251 264/264/251 261/261/249
f 265/265/252 253/253/253 256/256/254
f 256/256/254 266/266/255 265/265/252
f 256/256/137 255/255/137 262/262/250
f 262/262/250 261/261/249 256/256/137
f 267/267/256 268/268/257 269/269/64
f 269/269/64 266/266/64 267/267/256
f 266/266/64 269/269/64 270/270/258
f 270/270/258 265/265/259 266/266/64
f 265/265/259 270/270/258 258/258/260
f 258/258/260 257/257/260 265/265/259
f 264/264/261 263/263/262 271/271/262
f 271/271/262 272/272/263 264/264/261
f 257/257/245 260/260/247 253/253/253
f 253/253/253 265/265/252 257/257/245
f 272/272/264 271/271/264 268/268/257
f 268/268/257 267/267/256 272/272/264
f 266/266/255 256/256/254 261/261/265
f 261/261/265 267/267/266 266/266/255
f 264/264/261 272/272/263 267/267/266
f 267/267/266 261/261/265 264/264/261
f 273/273/267 274/274/268 275/275/58
f 275/275/58 276/276/269 273/273/267
f 277/277/270 278/278/270 279/279/270
f 279/279/270 280/280/270 277/277/270
f 280/280/271 279/279/271 274/274/268
f 274/274/268 273/273/267 280/280/271
f 281/281/272 282/282/273 283/283/251
f 283/283/251 284/284/251 281/281/272
f 285/285/274 273/273/275 276/276/254
f 276/276/254 286/286/255 285/285/274
f 276/276/269 275/275/58 282/282/273
f 282/282/273 281/281/272 276/276/269
f 287/287/256 288/288/276 289/289/24
f 289/289/24 286/286/24 287/287/256
f 286/286/24 289/289/24 290/290/277
f 290/290/277 285/285/278 286/286/24
f 285/285/278 290/290/277 278/278/279
f 278/278/279 277/277/279 285/285/278
f 284/284/280 283/283/262 291/291/262
f 291/291/262 292/292/263 284/284/280
f 277/277/281 280/280/281 273/273/275
f 273/273/275 285/285/274 277/277/281
f 292/292/282 291/291/282 288/288/276
f 288/288/276 287/287/256 292/292/282
f 286/286/255 276/276/254 281/281/265
f 281/281/265 287/287/266 286/286/255
f 284/284/280 292/292/263 287/287/266
f 287/287/266 281/281/265 284/284/280
f 293/293/25 294/294/283 295/295/284
f 295/295/284 296/296/25 293/293/25
f 297/297/285 298/298/286 299/299/287
f 299/299/287 300/300/285 297/297/285
f 294/294/283 300/300/288 299/299/288
f 299/299/288 295/295/284 294/294/283
f 301/301/289 302/302/224 303/303/225
f 303/303/225 304/304/289 301/301/289
f 296/296/226 295/295/290 305/305/291
f 305/305/291 306/306/229 296/296/226
f 302/302/224 293/293/25 296/296/25
f 296/296/25 303/303/225 302/302/224
f 307/307/292 308/308/293 309/309/294
f 309/309/294 306/306/292 307/307/292
f 310/310/295 307/307/292 306/306/292
f 306/306/292 305/305/296 310/310/295
f 297/297/297 310/310/295 305/305/296
f 305/305/296 298/298/297 297/297/297
f 311/311/236 301/301/236 304/304/237
f 304/304/237 312/312/238 311/311/236
f 295/295/290 299/299/287 298/298/286
f 298/298/286 305/305/291 295/295/290
f 308/308/293 311/311/298 312/312/298
f 312/312/298 309/309/294 308/308/293
f 303/303/241 296/296/226 306/306/229
f 306/306/229 309/309/299 303/303/241
f 309/309/299 312/312/238 304/304/237
f 304/304/237 303/303/241 309/309/299
f 313/313/300 314/314/301 315/315/302
f 315/315/302 316/316/303 313/313/300
f 317/317/304 318/318/305 319/319/305
f 319/319/305 320/320/304 317/317/304
f 321/321/306 313/313/300 316/316/303
f 316/316/303 322/322/306 321/321/306
f 323/323/307 321/321/307 322/322/307
f 322/322/307 324/324/307 323/323/307
f 325/325/308 317/317/308 320/320/308
f 320/320/308 326/326/308 325/325/308
f 319/319/309 327/327/310 316/316/310
f 316/316/310 315/315/309 319/319/309
f 314/314/301 325/325/311 326/326/311
f 326/326/311 315/315/302 314/314/301
f 318/318/305 328/328/312 327/327/313
f 327/327/313 319/319/305 318/318/305
f 328/328/312 323/323/314 324/324/314
f 324/324/314 327/327/313 328/328/312
f 315/315/309 326/326/315 320/320/315
f 320/320/315 319/319/309 315/315/309
f 327/327/310 324/324/316 322/322/316
f 322/322/316 316/316/310 327/327/310
f 329/329/300 330/330/301 331/331/302
f 331/331/302 332/332/303 329/329/300
f 333/333/317 334/334/318 335/335/318
f 335/335/318 336/336/317 333/333/317
f 337/337/306 329/329/300 332/332/303
f 332/332/303 338/338/306 337/337/306
f 339/339/307 337/337/307 338/338/307
f 338/338/307 340/340/307 339/339/307
f 341/341/308 333/333/308 336/336/308
f 336/336/308 342/342/308 341/341/308
f 335/335/309 343/343/310 332/332/310
f 332/332/310 331/331/309 335/335/309
f 330/330/301 341/341/311 342/342/311
f 342/342/311 331/331/302 330/330/301
f 334/334/318 344/344/313 343/343/313
f 343/343/313 335/335/318 334/334/318
f 344/344/313 339/339/319 340/340/319
f 340/340/319 343/343/313 344/344/313
f 331/331/309 342/342/315 336/336/315
f 336/336/315 335/335/309 331/331/309
f 343/343/310 340/340/316 338/338/316
f 338/338/316 332/332/310 343/343/310
f 345/345/320 346/346/302 347/347/321
f 347/347/321 348/348/300 345/345/320
f 349/349/322 350/350/318 351/351/323
f 351/351/323 352/352/322 349/349/322
f 353/353/324 345/345/320 348/348/300
f 348/348/300 354/354/324 353/353/324
f 355/355/307 353/353/307 354/354/307
f 354/354/307 356/356/307 355/355/307
f 357/357/308 349/349/308 352/352/308
f 352/352/308 358/358/308 357/357/308
f 351/351/309 359/359/310 348/348/310
f 348/348/310 347/347/309 351/351/309
f 346/346/302 357/357/325 358/358/325
f 358/358/325 347/347/321 346/346/302
f 350/350/318 360/360/326 359/359/326
f 359/359/326 351/351/323 350/350/318
f 360/360/326 355/355/327 356/356/327
f 356/356/327 359/359/326 360/360/326
f 347/347/309 358/358/315 352/352/315
f 352/352/315 351/351/309 347/347/309
f 359/359/310 356/356/316 354/354/316
f 354/354/316 348/348/310 359/359/310
f 361/361/320 362/362/302 363/363/321
f 363/363/321 364/364/300 361/361/320
f 365/365/328 366/366/323 367/367/323
f 367/367/323 368/368/328 365/365/328
f 369/369/324 361/361/320 364/364/300
f 364/364/300 370/370/324 369/369/324
f 371/371/307 369/369/307 370/370/307
f 370/370/307 372/372/307 371/371/307
f 373/373/308 365/365/308 368/368/308
f 368/368/308 374/374/308 373/373/308
f 367/367/309 375/375/310 364/364/310
f 364/364/310 363/363/309 367/367/309
f 362/362/302 373/373/325 374/374/325
f 374/374/325 363/363/321 362/362/302
f 366/366/323 376/376/312 375/375/312
f 375/375/312 367/367/323 366/366/323
f 376/376/312 371/371/329 372/372/329
f 372/372/329 375/375/312 376/376/312
f 363/363/309 374/374/315 368/368/315
f 368/368/315 367/367/309 363/363/309
f 375/375/310 372/372/316 370/370/316
f 370/370/316 364/364/310 375/375/310
f 377/377/330 378/378/330 379/379/330
f 379/379/330 380/380/330 377/377/330
f 381/381/330 382/382/330 383/383/330
f 383/383/330 384/384/330 381/381/330
f 382/382/330 385/385/330 386/386/330
f 386/386/330 383/383/330 382/382/330
f 387/387/331 388/388/331 389/389/331
f 389/389/331 390/390/331 387/387/331
f 379/379/332 387/387/332 390/390/332
f 390/390/332 380/380/332 379/379/332
f 385/385/330 389/389/330 388/388/330
f 388/388/330 386/386/330 385/385/330
f 391/391/333 392/392/334 393/393/335
f 393/393/335 394/394/336 391/391/333
f 395/395/337 396/396/338 397/397/339
f 397/397/339 398/398/340 395/395/337
f 399/399/336 400/400/333 391/391/333
f 391/391/333 394/394/336 399/399/336
f 401/401/341 402/402/342 403/403/343
f 403/403/343 404/404/344 401/401/341
f 396/396/338 405/405/345 406/406/346
f 406/406/346 397/397/339 396/396/338
f 404/404/344 403/403/343 407/407/347
f 407/407/347 408/408/348 404/404/344
f 398/398/340 397/397/339 393/393/335
f 393/393/335 392/392/334 398/398/340
f 409/409/349 410/410/350 405/405/345
f 405/405/345 396/396/338 409/409/349
f 397/397/339 406/406/346 394/394/336
f 394/394/336 393/393/335 397/397/339
f 411/411/351 409/409/349 396/396/338
f 396/396/338 395/395/337 411/411/351
f 412/412/352 413/413/353 414/414/354
f 414/414/354 415/415/355 412/412/352
f 410/410/350 416/416/356 408/408/348
f 408/408/348 407/407/347 410/410/350
f 409/409/349 411/411/351 416/416/356
f 416/416/356 410/410/350 409/409/349
f 406/406/346 417/417/357 399/399/336
f 399/399/336 394/394/336 406/406/346
f 410/410/350 407/407/347 418/418/345
f 418/418/345 405/405/345 410/410/350
f 405/405/345 418/418/345 417/417/357
f 417/417/357 406/406/346 405/405/345
f 418/418/345 402/402/342 414/414/354
f 414/414/354 417/417/357 418/418/345
f 419/419/358 420/420/359 421/421/360
f 421/421/360 422/422/361 419/419/358
f 407/407/347 403/403/343 402/402/342
f 402/402/342 418/418/345 407/407/347
f 417/417/357 414/414/354 413/413/353
f 413/413/353 399/399/336 417/417/357
f 400/400/333 399/399/336 413/413/353
f 413/413/353 412/412/352 400/400/333
f 423/423/330 424/424/330 425/425/330
f 425/425/330 426/426/330 423/423/330
f 427/427/330 428/428/330 381/381/330
f 381/381/330 384/384/330 427/427/330
f 429/429/330 430/430/330 428/428/330
f 428/428/330 427/427/330 429/429/330
f 431/431/332 432/432/332 433/433/332
f 433/433/332 434/434/332 431/431/332
f 434/434/331 433/433/331 423/423/331
f 423/423/331 426/426/331 434/434/331
f 432/432/330 431/431/330 430/430/330
f 430/430/330 429/429/330 432/432/330
f 435/435/362 436/436/363 437/437/364
f 437/437/364 438/438/365 435/435/362
f 439/439/366 440/440/367 441/441/368
f 441/441/368 442/442/369 439/439/366
f 435/435/362 443/443/362 444/444/363
f 444/444/363 436/436/363 435/435/362
f 445/445/370 421/421/360 420/420/359
f 420/420/359 446/446/371 445/445/370
f 447/447/372 448/448/373 441/441/368
f 441/441/368 440/440/367 447/447/372
f 446/446/371 449/449/374 450/450/375
f 450/450/375 445/445/370 446/446/371
f 439/439/366 438/438/365 437/437/364
f 437/437/364 440/440/367 439/439/366
f 448/448/373 451/451/376 452/452/377
f 452/452/377 441/441/368 448/448/373
f 436/436/363 447/447/372 440/440/367
f 440/440/367 437/437/364 436/436/363
f 442/442/369 441/441/368 452/452/377
f 452/452/377 453/453/378 442/442/369
f 422/422/361 454/454/379 455/455/380
f 455/455/380 419/419/358 422/422/361
f 449/449/374 456/456/381 451/451/376
f 451/451/376 450/450/375 449/449/374
f 456/456/381 453/453/378 452/452/377
f 452/452/377 451/451/376 456/456/381
f 444/444/363 457/457/382 447/447/372
f 447/447/372 436/436/363 444/444/363
f 458/458/373 450/450/375 451/451/376
f 451/451/376 448/448/373 458/458/373
f 457/457/382 458/458/373 448/448/373
f 448/448/373 447/447/372 457/457/382
f 422/422/361 421/421/360 458/458/373
f 458/458/373 457/457/382 422/422/361
f 459/459/383 460/460/384 461/461/385
f 461/461/385 462/462/386 459/459/383
f 421/421/360 445/445/370 450/450/375
f 450/450/375 458/458/373 421/421/360
f 454/454/379 422/422/361 457/457/382
f 457/457/382 444/444/363 454/454/379
f 455/455/380 454/454/379 444/444/363
f 444/444/363 443/443/362 455/455/380
f 463/463/387 464/464/387 465/465/387
f 465/465/387 466/466/387 463/463/387
f 467/467/388 468/468/388 469/469/388
f 469/469/388 470/470/388 467/467/388
f 463/463/389 466/466/389 471/471/389
f 471/471/389 472/472/389 463/463/389
f 465/465/390 464/464/390 473/473/390
f 473/473/390 474/474/390 465/465/390
f 475/475/391 476/476/391 477/477/391
f 477/477/391 478/478/391 475/475/391
f 479/479/392 480/480/392 481/481/392
f 481/481/392 482/482/392 479/479/392
f 483/483/393 484/484/393 485/485/393
f 485/485/393 486/486/393 483/483/393
f 476/476/394 475/475/394 467/467/394
f 467/467/394 470/470/394 476/476/394
f 487/487/395 488/488/395 489/489/395
f 489/489/395 490/490/395 487/487/395
f 491/491/396 492/492/396 493/493/396
f 493/493/396 494/494/396 491/491/396
f 495/495/397 490/490/397 489/489/397
f 489/489/397 496/496/397 495/495/397
f 497/497/398 488/488/398 487/487/398
f 487/487/398 498/498/398 497/497/398
f 499/499/399 500/500/399 501/501/399
f 501/501/399 502/502/399 499/499/399
f 503/503/400 504/504/400 505/505/400
f 505/505/400 506/506/400 503/503/400
f 507/507/401 508/508/401 509/509/401
f 509/509/401 510/510/401 507/507/401
f 493/493/402 501/501/402 500/500/402
f 500/500/402 494/494/402 493/493/402
f 511/511/403 512/512/403 513/513/404
f 513/513/404 514/514/404 511/511/403
f 515/515/404 516/516/404 517/517/405
f 517/517/405 518/518/405 515/515/404
f 519/519/403 520/520/403 516/516/404
f 516/516/404 515/515/404 519/519/403
f 521/521/406 522/522/407 523/523/408
f 523/523/408 524/524/409 521/521/406
f 525/525/410 521/521/411 524/524/412
f 524/524/412 526/526/412 525/525/410
f 527/527/413 517/517/414 516/516/415
f 516/516/415 528/528/415 527/527/413
f 529/529/416 527/527/416 528/528/417
f 528/528/417 514/514/417 529/529/416
f 514/514/404 513/513/404 530/530/405
f 530/530/405 529/529/405 514/514/404
f 514/514/417 528/528/417 531/531/418
f 531/531/418 511/511/419 514/514/417
f 528/528/415 516/516/415 520/520/420
f 520/520/420 531/531/421 528/528/415
f 532/532/403 522/522/403 520/520/403
f 520/520/403 519/519/403 532/532/403
f 525/525/403 533/533/422 512/512/403
f 512/512/403 511/511/403 525/525/403
f 526/526/423 534/534/423 533/533/422
f 533/533/422 525/525/403 526/526/423
f 535/535/403 523/523/403 522/522/403
f 522/522/403 532/532/403 535/535/403
f 511/511/419 531/531/418 521/521/411
f 521/521/411 525/525/410 511/511/419
f 531/531/421 520/520/420 522/522/407
f 522/522/407 521/521/406 531/531/421
f 536/536/424 537/537/425 538/538/425
f 538/538/425 539/539/424 536/536/424
f 540/540/426 541/541/424 542/542/424
f 542/542/424 543/543/426 540/540/426
f 541/541/424 544/544/427 545/545/427
f 545/545/427 542/542/424 541/541/424
f 546/546/428 547/547/429 548/548/430
f 548/548/430 549/549/431 546/546/428
f 549/549/432 548/548/433 550/550/434
f 550/550/434 551/551/432 549/549/432
f 541/541/435 540/540/436 552/552/437
f 552/552/437 553/553/435 541/541/435
f 553/553/438 552/552/439 554/554/439
f 554/554/439 539/539/438 553/553/438
f 555/555/426 536/536/424 539/539/424
f 539/539/424 554/554/426 555/555/426
f 556/556/440 553/553/438 539/539/438
f 539/539/438 538/538/441 556/556/440
f 544/544/442 541/541/435 553/553/435
f 553/553/435 556/556/443 544/544/442
f 544/544/427 547/547/444 557/557/445
f 557/557/445 545/545/427 544/544/427
f 537/537/425 558/558/427 550/550/444
f 550/550/444 538/538/425 537/537/425
f 558/558/427 559/559/446 551/551/446
f 551/551/446 550/550/444 558/558/427
f 547/547/444 546/546/425 560/560/425
f 560/560/425 557/557/445 547/547/444
f 548/548/433 556/556/440 538/538/441
f 538/538/441 550/550/434 548/548/433
f 547/547/429 544/544/442 556/556/443
f 556/556/443 548/548/430 547/547/429
f 561/561/24 562/562/24 563/563/24
f 563/563/24 564/564/24 561/561/24
f 565/565/447 566/566/448 567/567/449
f 567/567/449 568/568/449 565/565/447
f 569/569/308 570/570/450 571/571/451
f 571/571/451 572/572/308 569/569/308
f 573/573/452 574/574/452 575/575/452
f 575/575/452 576/576/452 573/573/452
f 577/577/330 569/569/330 572/572/449
f 572/572/449 578/578/449 577/577/330
f 579/579/453 580/580/454 581/581/454
f 581/581/454 582/582/453 579/579/453
f 583/583/455 584/584/456 585/585/457
f 585/585/457 586/586/458 583/583/455
f 587/587/459 588/588/460 589/589/461
f 589/589/461 590/590/461 587/587/459
f 591/591/462 592/592/463 593/593/464
f 593/593/464 594/594/462 591/591/462
f 595/595/24 596/596/24 597/597/465
f 597/597/465 598/598/466 595/595/24
f 584/584/456 599/599/467 600/600/468
f 600/600/468 585/585/457 584/584/456
f 601/601/469 602/602/470 603/603/470
f 603/603/470 604/604/471 601/601/469
f 588/588/472 591/591/473 605/605/137
f 605/605/137 606/606/137 588/588/472
f 607/607/24 595/595/24 598/598/466
f 598/598/466 608/608/24 607/607/24
f 599/599/467 577/577/307 578/578/307
f 578/578/307 600/600/468 599/599/467
f 570/570/450 601/601/469 604/604/471
f 604/604/471 571/571/451 570/570/450
f 606/606/137 605/605/137 566/566/448
f 566/566/448 565/565/447 606/606/137
f 562/562/24 607/607/24 608/608/24
f 608/608/24 563/563/24 562/562/24
f 596/596/24 609/609/24 610/610/24
f 610/610/24 597/597/465 596/596/24
f 611/611/474 612/612/475 594/594/476
f 594/594/476 587/587/477 611/611/474
f 613/613/478 614/614/479 615/615/480
f 615/615/480 616/616/478 613/613/478
f 591/591/462 594/594/462 617/617/137
f 617/617/137 618/618/137 591/591/462
f 619/619/24 620/620/24 621/621/24
f 621/621/24 622/622/24 619/619/24
f 596/596/24 595/595/24 623/623/24
f 623/623/24 624/624/24 596/596/24
f 625/625/307 626/626/307 627/627/307
f 628/628/307 629/629/307 576/576/307
f 576/576/307 575/575/307 628/628/307
f 630/630/481 631/631/481 632/632/481
f 632/632/481 633/633/481 630/630/481
f 598/598/466 597/597/465 634/634/482
f 634/634/482 635/635/482 598/598/466
f 613/613/483 616/616/483 633/633/483
f 633/633/483 632/632/483 613/613/483
f 636/636/484 637/637/484 638/638/484
f 638/638/484 639/639/484 636/636/484
f 640/640/485 580/580/454 579/579/453
f 579/579/453 641/641/486 640/640/485
f 642/642/24 643/643/24 644/644/487
f 644/644/487 645/645/488 642/642/24
f 646/646/307 647/647/307 648/648/307
f 648/648/307 649/649/307 646/646/307
f 646/646/489 649/649/489 650/650/489
f 650/650/489 651/651/489 646/646/489
f 583/583/455 586/586/458 629/629/490
f 629/629/490 628/628/490 583/583/455
f 652/652/491 653/653/492 654/654/493
f 654/654/493 655/655/494 652/652/491
f 603/603/495 602/602/495 656/656/495
f 656/656/495 657/657/495 603/603/495
f 640/640/485 641/641/486 658/658/496
f 658/658/496 659/659/497 640/640/485
f 645/645/488 644/644/487 660/660/498
f 660/660/498 661/661/499 645/645/488
f 638/638/500 662/662/501 663/663/502
f 663/663/502 639/639/500 638/638/500
f 664/664/503 665/665/504 666/666/505
f 666/666/505 667/667/506 664/664/503
f 641/641/486 579/579/453 668/668/507
f 668/668/507 669/669/508 641/641/486
f 669/669/508 668/668/507 670/670/509
f 670/670/509 652/652/491 669/669/508
f 652/652/491 655/655/494 671/671/510
f 671/671/510 669/669/508 652/652/491
f 669/669/508 671/671/510 658/658/496
f 658/658/496 641/641/486 669/669/508
f 672/672/509 670/670/509 668/668/507
f 668/668/507 673/673/507 672/672/509
f 673/673/507 668/668/507 579/579/453
f 579/579/453 582/582/453 673/673/507
f 666/666/505 665/665/504 674/674/511
f 674/674/511 675/675/511 666/666/505
f 676/676/512 677/677/513 678/678/514
f 678/678/514 679/679/515 676/676/512
f 620/620/24 619/619/24 677/677/513
f 677/677/513 676/676/512 620/620/24
f 620/620/24 680/680/24 681/681/24
f 681/681/24 621/621/24 620/620/24
f 625/625/307 682/682/307 626/626/307
f 625/625/307 683/683/307 682/682/307
f 625/625/307 684/684/307 685/685/307
f 685/685/307 683/683/307 625/625/307
f 686/686/516 687/687/517 688/688/518
f 686/686/516 689/689/519 687/687/517
f 690/690/520 689/689/519 686/686/516
f 647/647/307 574/574/307 573/573/307
f 573/573/307 648/648/307 647/647/307
f 614/614/479 637/637/521 636/636/521
f 636/636/521 615/615/480 614/614/479
f 667/667/506 666/666/505 612/612/475
f 612/612/475 611/611/474 667/667/506
f 609/609/24 642/642/24 645/645/488
f 645/645/488 610/610/24 609/609/24
f 588/588/472 691/691/522 592/592/463
f 592/592/463 591/591/473 588/588/472
f 692/692/137 593/593/464 592/592/463
f 592/592/463 693/693/137 692/692/137
f 588/588/460 587/587/459 694/694/523
f 694/694/523 691/691/522 588/588/460
f 593/593/464 694/694/523 587/587/477
f 587/587/477 594/594/476 593/593/464
f 695/695/307 651/651/307 650/650/307
f 650/650/307 696/696/307 695/695/307
f 684/684/307 695/695/307 696/696/307
f 696/696/307 685/685/307 684/684/307
f 643/643/24 642/642/24 697/697/24
f 697/697/24 698/698/24 643/643/24
f 680/680/24 643/643/24 698/698/24
f 698/698/24 681/681/24 680/680/24
f 699/699/524 670/670/509 672/672/509
f 672/672/509 700/700/525 699/699/524
f 701/701/526 702/702/527 703/703/527
f 703/703/527 704/704/528 701/701/526
f 652/652/491 670/670/509 699/699/524
f 699/699/524 653/653/492 652/652/491
f 705/705/529 686/686/516 688/688/518
f 688/688/518 706/706/530 705/705/529
f 662/662/501 705/705/529 706/706/530
f 706/706/530 663/663/502 662/662/501
f 707/707/531 676/676/512 679/679/515
f 679/679/515 708/708/532 707/707/531
f 644/644/487 707/707/531 708/708/532
f 708/708/532 660/660/498 644/644/487
f 664/664/503 667/667/506 709/709/533
f 709/709/533 710/710/533 664/664/503
f 665/665/534 703/703/535 711/711/536
f 711/711/536 674/674/537 665/665/534
f 680/680/24 620/620/24 676/676/512
f 676/676/512 707/707/531 680/680/24
f 643/643/24 680/680/24 707/707/531
f 707/707/531 644/644/487 643/643/24
f 653/653/492 699/699/524 702/702/538
f 702/702/538 701/701/539 653/653/492
f 703/703/527 702/702/527 712/712/540
f 712/712/540 711/711/540 703/703/527
f 653/653/492 701/701/539 713/713/541
f 713/713/541 654/654/493 653/653/492
f 701/701/526 704/704/528 714/714/542
f 714/714/542 713/713/543 701/701/526
f 715/715/544 716/716/544 717/717/544
f 717/717/544 718/718/544 715/715/544
f 719/719/545 720/720/546 685/685/525
f 685/685/525 721/721/545 719/719/545
f 710/710/547 714/714/548 704/704/549
f 704/704/549 664/664/550 710/710/547
f 716/716/551 706/706/493 722/722/541
f 722/722/541 723/723/551 716/716/551
f 724/724/552 725/725/552 692/692/552
f 692/692/552 726/726/552 724/724/552
f 727/727/137 691/691/522 694/694/523
f 694/694/523 725/725/137 727/727/137
f 725/725/137 694/694/523 593/593/464
f 593/593/464 692/692/137 725/725/137
f 693/693/137 592/592/463 691/691/522
f 691/691/522 727/727/137 693/693/137
f 724/724/137 726/726/137 728/728/137
f 728/728/137 729/729/137 724/724/137
f 728/728/330 693/693/330 727/727/330
f 727/727/330 729/729/330 728/728/330
f 726/726/307 692/692/307 693/693/307
f 693/693/307 728/728/307 726/726/307
f 729/729/553 727/727/553 725/725/553
f 725/725/553 724/724/553 729/729/553
f 730/730/554 731/731/554 732/732/555
f 730/730/554 732/732/555 733/733/556
f 730/730/554 733/733/556 734/734/556
f 734/734/556 735/735/555 730/730/554
f 736/736/330 737/737/330 738/738/330
f 738/738/330 739/739/330 736/736/330
f 740/740/137 741/741/137 742/742/137
f 742/742/137 737/737/137 740/740/137
f 738/738/24 743/743/24 744/744/24
f 744/744/24 745/745/24 738/738/24
f 737/737/557 742/742/557 743/743/557
f 743/743/557 738/738/557 737/737/557
f 745/745/558 744/744/558 746/746/558
f 746/746/558 747/747/558 745/745/558
f 748/748/558 749/749/558 750/750/558
f 750/750/558 751/751/558 748/748/558
f 739/739/559 738/738/559 745/745/559
f 745/745/559 749/749/559 739/739/559
f 749/749/330 745/745/330 747/747/330
f 747/747/330 750/750/330 749/749/330
f 752/752/559 740/740/559 737/737/559
f 737/737/559 736/736/559 752/752/559
f 753/753/552 754/754/552 755/755/552
f 755/755/552 756/756/552 753/753/552
f 757/757/137 752/752/137 736/736/137
f 736/736/137 754/754/137 757/757/137
f 754/754/557 736/736/557 739/739/557
f 739/739/557 755/755/557 754/754/557
f 755/755/24 739/739/24 749/749/24
f 749/749/24 748/748/24 755/755/24
f 758/758/560 759/759/560 760/760/560
f 760/760/560 761/761/560 758/758/560
f 756/756/561 755/755/561 748/748/561
f 748/748/561 761/761/561 756/756/561
f 761/761/552 748/748/552 751/751/552
f 751/751/552 758/758/552 761/761/552
f 762/762/561 757/757/561 754/754/561
f 754/754/561 753/753/561 762/762/561
f 700/700/525 712/712/546 702/702/538
f 702/702/538 699/699/524 700/700/525
f 753/753/562 763/763/562 764/764/562
f 764/764/562 762/762/562 753/753/562
f 765/765/308 766/766/308 767/767/308
f 767/767/308 768/768/308 765/765/308
f 768/768/230 767/767/230 769/769/230
f 769/769/230 770/770/230 768/768/230
f 771/771/24 772/772/24 773/773/24
f 773/773/24 774/774/24 771/771/24
f 753/753/563 756/756/563 775/775/563
f 775/775/563 763/763/563 753/753/563
f 770/770/307 769/769/307 776/776/307
f 776/776/307 777/777/307 770/770/307
f 772/772/564 769/769/564 767/767/564
f 767/767/564 773/773/564 772/772/564
f 778/778/565 766/766/565 779/779/565
f 779/779/565 780/780/565 778/778/565
f 781/781/137 779/779/137 766/766/137
f 766/766/137 765/765/137 781/781/137
f 782/782/307 783/783/307 784/784/307
f 784/784/307 785/785/307 782/782/307
f 775/775/557 786/786/557 787/787/557
f 787/787/557 763/763/557 775/775/557
f 788/788/24 789/789/24 790/790/24
f 790/790/24 791/791/24 788/788/24
f 792/792/566 776/776/566 769/769/566
f 769/769/566 772/772/566 792/792/566
f 773/773/567 767/767/567 766/766/567
f 766/766/567 778/778/567 773/773/567
f 774/774/308 773/773/308 778/778/308
f 778/778/308 793/793/308 774/774/308
f 760/760/24 794/794/24 786/786/24
f 786/786/24 775/775/24 760/760/24
f 791/791/308 790/790/308 795/795/308
f 795/795/308 796/796/308 791/791/308
f 763/763/137 787/787/137 797/797/137
f 797/797/137 764/764/137 763/763/137
f 793/793/137 778/778/137 780/780/137
f 780/780/137 798/798/137 793/793/137
f 796/796/25 795/795/25 799/799/25
f 799/799/25 800/800/25 796/796/25
f 801/801/307 792/792/307 772/772/307
f 772/772/307 771/771/307 801/801/307
f 802/802/307 803/803/307 789/789/307
f 789/789/307 788/788/307 802/802/307
f 804/804/568 796/796/568 800/800/568
f 800/800/568 805/805/568 804/804/568
f 806/806/569 790/790/569 789/789/569
f 789/789/569 783/783/569 806/806/569
f 807/807/570 794/794/570 808/808/570
f 808/808/570 809/809/570 807/807/570
f 810/810/571 791/791/571 796/796/571
f 796/796/571 804/804/571 810/810/571
f 811/811/572 797/797/572 787/787/572
f 787/787/572 812/812/572 811/811/572
f 785/785/573 801/801/573 771/771/573
f 771/771/573 782/782/573 785/785/573
f 813/813/568 793/793/568 798/798/568
f 798/798/568 814/814/568 813/813/568
f 812/812/574 787/787/574 786/786/574
f 786/786/574 815/815/574 812/812/574
f 759/759/558 808/808/558 794/794/558
f 794/794/558 760/760/558 759/759/558
f 816/816/307 807/807/307 809/809/307
f 809/809/307 817/817/307 816/816/307
f 814/814/137 818/818/137 819/819/137
f 819/819/137 813/813/137 814/814/137
f 805/805/137 811/811/137 812/812/137
f 812/812/137 804/804/137 805/805/137
f 813/813/557 819/819/557 806/806/557
f 806/806/557 820/820/557 813/813/557
f 804/804/557 812/812/557 815/815/557
f 815/815/557 810/810/557 804/804/557
f 820/820/24 806/806/24 783/783/24
f 783/783/24 782/782/24 820/820/24
f 810/810/24 815/815/24 807/807/24
f 807/807/24 816/816/24 810/810/24
f 782/782/575 771/771/575 774/774/575
f 774/774/575 820/820/575 782/782/575
f 819/819/576 795/795/576 790/790/576
f 790/790/576 806/806/576 819/819/576
f 817/817/573 802/802/573 788/788/573
f 788/788/573 816/816/573 817/817/573
f 815/815/577 786/786/577 794/794/577
f 794/794/577 807/807/577 815/815/577
f 818/818/578 799/799/578 795/795/578
f 795/795/578 819/819/578 818/818/578
f 816/816/579 788/788/579 791/791/579
f 791/791/579 810/810/579 816/816/579
f 783/783/580 789/789/580 803/803/580
f 803/803/580 784/784/580 783/783/580
f 820/820/581 774/774/581 793/793/581
f 793/793/581 813/813/581 820/820/581
f 664/664/550 704/704/549 703/703/535
f 703/703/535 665/665/534 664/664/550
f 821/821/582 822/822/548 663/663/547
f 663/663/547 715/715/582 821/821/582
f 723/723/583 722/722/543 822/822/542
f 822/822/542 821/821/583 723/723/583
f 823/823/584 824/824/585 825/825/586
f 825/825/586 826/826/587 823/823/584
f 824/824/585 827/827/588 828/828/589
f 828/828/589 825/825/586 824/824/585
f 829/829/590 830/830/591 831/831/592
f 831/831/592 832/832/593 829/829/590
f 833/833/594 834/834/595 835/835/596
f 835/835/596 836/836/597 833/833/594
f 460/460/384 837/837/598 838/838/599
f 838/838/599 461/461/385 460/460/384
f 839/839/600 840/840/601 841/841/602
f 841/841/602 842/842/603 839/839/600
f 843/843/604 844/844/605 845/845/606
f 845/845/606 846/846/607 843/843/604
f 847/847/608 848/848/609 849/849/610
f 849/849/610 850/850/611 847/847/608
f 851/851/612 852/852/613 853/853/614
f 853/853/614 854/854/615 851/851/612
f 855/855/616 856/856/617 857/857/618
f 857/857/618 858/858/619 855/855/616
f 845/845/606 857/857/618 846/846/607
f 852/852/613 833/833/594 836/836/597
f 836/836/597 853/853/614 852/852/613
f 859/859/620 860/860/621 861/861/622
f 861/861/622 840/840/601 859/859/620
f 848/848/609 847/847/608 842/842/603
f 842/842/603 841/841/602 848/848/609
f 862/862/623 863/863/624 850/850/611
f 850/850/611 849/849/610 862/862/623
f 856/856/617 855/855/616 863/863/624
f 863/863/624 862/862/623 856/856/617
f 827/827/588 864/864/625 865/865/626
f 865/865/626 828/828/589 827/827/588
f 846/846/607 823/823/584 826/826/587
f 826/826/587 843/843/604 846/846/607
f 852/852/613 855/855/616 858/858/619
f 858/858/619 833/833/594 852/852/613
f 834/834/595 845/845/606 844/844/605
f 844/844/605 835/835/596 834/834/595
f 460/460/384 847/847/608 850/850/611
f 850/850/611 837/837/598 460/460/384
f 856/856/617 823/823/584 846/846/607
f 846/846/607 857/857/618 856/856/617
f 834/834/595 833/833/594 858/858/619
f 866/866/627 859/859/620 840/840/601
f 840/840/601 839/839/600 866/866/627
f 834/834/595 858/858/619 857/857/618
f 857/857/618 845/845/606 834/834/595
f 863/863/624 851/851/612 837/837/598
f 837/837/598 850/850/611 863/863/624
f 847/847/608 460/460/384 459/459/383
f 459/459/383 842/842/603 847/847/608
f 867/867/628 861/861/622 860/860/621
f 860/860/621 868/868/629 867/867/628
f 855/855/616 852/852/613 851/851/612
f 851/851/612 863/863/624 855/855/616
f 869/869/630 459/459/383 462/462/386
f 462/462/386 870/870/631 869/869/630
f 840/840/601 861/861/622 867/867/628
f 867/867/628 841/841/602 840/840/601
f 823/823/584 856/856/617 862/862/623
f 862/862/623 824/824/585 823/823/584
f 824/824/585 862/862/623 849/849/610
f 849/849/610 827/827/588 824/824/585
f 864/864/625 848/848/609 841/841/602
f 841/841/602 867/867/628 864/864/625
f 864/864/625 867/867/628 868/868/629
f 868/868/629 865/865/626 864/864/625
f 869/869/630 839/839/600 842/842/603
f 842/842/603 459/459/383 869/869/630
f 848/848/609 864/864/625 827/827/588
f 827/827/588 849/849/610 848/848/609
f 837/837/598 851/851/612 854/854/615
f 854/854/615 838/838/599 837/837/598
f 870/870/631 866/866/627 839/839/600
f 839/839/600 869/869/630 870/870/631
f 871/871/632 872/872/633 873/873/634
f 873/873/634 874/874/635 871/871/632
f 875/875/636 876/876/637 872/872/633
f 872/872/633 871/871/632 875/875/636
f 877/877/638 878/878/639 879/879/640
f 879/879/640 880/880/641 877/877/638
f 881/881/642 882/882/643 830/830/591
f 830/830/591 829/829/590 881/881/642
f 883/883/644 884/884/645 885/885/646
f 885/885/646 886/886/647 883/883/644
f 887/887/648 888/888/649 889/889/650
f 889/889/650 890/890/651 887/887/648
f 891/891/652 892/892/653 893/893/654
f 893/893/654 894/894/655 891/891/652
f 895/895/656 896/896/657 897/897/658
f 897/897/658 898/898/659 895/895/656
f 899/899/660 900/900/661 901/901/662
f 901/901/662 902/902/663 899/899/660
f 887/887/648 890/890/651 899/899/660
f 880/880/641 879/879/640 896/896/657
f 896/896/657 895/895/656 880/880/641
f 903/903/664 904/904/665 905/905/666
f 905/905/666 884/884/645 903/903/664
f 886/886/647 893/893/654 892/892/653
f 892/892/653 883/883/644 886/886/647
f 894/894/655 906/906/667 907/907/668
f 907/907/668 891/891/652 894/894/655
f 906/906/667 901/901/662 900/900/661
f 900/900/661 907/907/668 906/906/667
f 908/908/669 909/909/670 876/876/637
f 876/876/637 875/875/636 908/908/669
f 874/874/635 873/873/634 890/890/651
f 890/890/651 889/889/650 874/874/635
f 902/902/663 901/901/662 896/896/657
f 896/896/657 879/879/640 902/902/663
f 888/888/649 887/887/648 878/878/639
f 878/878/639 877/877/638 888/888/649
f 894/894/655 893/893/654 830/830/591
f 830/830/591 882/882/643 894/894/655
f 890/890/651 873/873/634 900/900/661
f 900/900/661 899/899/660 890/890/651
f 878/878/639 902/902/663 879/879/640
f 884/884/645 905/905/666 910/910/671
f 910/910/671 885/885/646 884/884/645
f 899/899/660 902/902/663 878/878/639
f 878/878/639 887/887/648 899/899/660
f 882/882/643 897/897/658 906/906/667
f 906/906/667 894/894/655 882/882/643
f 831/831/592 830/830/591 893/893/654
f 893/893/654 886/886/647 831/831/592
f 904/904/665 903/903/664 911/911/672
f 911/911/672 912/912/673 904/904/665
f 897/897/658 896/896/657 901/901/662
f 901/901/662 906/906/667 897/897/658
f 832/832/593 831/831/592 913/913/674
f 913/913/674 914/914/675 832/832/593
f 911/911/672 903/903/664 884/884/645
f 884/884/645 883/883/644 911/911/672
f 907/907/668 900/900/661 873/873/634
f 873/873/634 872/872/633 907/907/668
f 891/891/652 907/907/668 872/872/633
f 872/872/633 876/876/637 891/891/652
f 883/883/644 892/892/653 909/909/670
f 909/909/670 911/911/672 883/883/644
f 912/912/673 911/911/672 909/909/670
f 909/909/670 908/908/669 912/912/673
f 886/886/647 885/885/646 913/913/674
f 913/913/674 831/831/592 886/886/647
f 876/876/637 909/909/670 892/892/653
f 892/892/653 891/891/652 876/876/637
f 898/898/659 897/897/658 882/882/643
f 882/882/643 881/881/642 898/898/659
f 885/885/646 910/910/671 914/914/675
f 914/914/675 913/913/674 885/885/646
f 915/915/676 916/916/677 917/917/678
f 917/917/678 918/918/679 915/915/676
f 919/919/680 920/920/681 921/921/682
f 921/921/682 922/922/683 919/919/680
f 923/923/684 924/924/685 925/925/686
f 925/925/686 926/926/687 923/923/684
f 927/927/688 928/928/689 915/915/676
f 915/915/676 918/918/679 927/927/688
f 929/929/690 930/930/691 931/931/692
f 931/931/692 932/932/693 929/929/690
f 924/924/694 923/923/695 933/933/696
f 933/933/696 934/934/697 924/924/694
f 920/920/681 935/935/698 936/936/699
f 936/936/699 921/921/682 920/920/681
f 930/930/691 923/923/684 926/926/687
f 926/926/687 931/931/692 930/930/691
f 916/916/677 919/919/680 922/922/683
f 922/922/683 917/917/678 916/916/677
f 935/935/698 929/929/690 932/932/693
f 932/932/693 936/936/699 935/935/698
f 916/916/700 915/915/701 937/937/702
f 937/937/702 938/938/703 916/916/700
f 939/939/704 940/940/705 936/936/706
f 936/936/706 932/932/707 939/939/704
f 941/941/708 942/942/709 917/917/710
f 917/917/710 922/922/708 941/941/708
f 943/943/711 944/944/712 945/945/713
f 945/945/713 925/925/714 943/943/711
f 946/946/715 941/941/716 922/922/716
f 922/922/716 921/921/717 946/946/715
f 928/928/718 947/947/719 937/937/702
f 937/937/702 915/915/701 928/928/718
f 948/948/720 949/949/721 935/935/722
f 935/935/722 920/920/723 948/948/720
f 950/950/724 939/939/704 932/932/707
f 932/932/707 931/931/725 950/950/724
f 951/951/726 926/926/727 925/925/714
f 925/925/714 945/945/713 951/951/726
f 924/924/694 934/934/697 952/952/728
f 952/952/728 953/953/729 924/924/694
f 949/949/721 954/954/730 929/929/731
f 929/929/731 935/935/722 949/949/721
f 938/938/703 955/955/732 919/919/732
f 919/919/732 916/916/700 938/938/703
f 951/951/726 950/950/724 931/931/725
f 931/931/725 926/926/727 951/951/726
f 955/955/733 948/948/720 920/920/723
f 920/920/723 919/919/733 955/955/733
f 942/942/709 956/956/734 918/918/735
f 918/918/735 917/917/710 942/942/709
f 954/954/730 957/957/736 930/930/737
f 930/930/737 929/929/731 954/954/730
f 958/958/738 959/959/739 960/960/740
f 960/960/740 961/961/741 958/958/738
f 957/957/736 933/933/696 923/923/695
f 923/923/695 930/930/737 957/957/736
f 940/940/705 946/946/715 921/921/717
f 921/921/717 936/936/706 940/940/705
f 956/956/734 962/962/742 927/927/743
f 927/927/743 918/918/735 956/956/734
f 963/963/744 964/964/745 959/959/739
f 959/959/739 958/958/738 963/963/744
f 965/965/746 966/966/747 928/928/689
f 928/928/689 927/927/688 965/965/746
f 964/964/745 963/963/744 967/967/748
f 967/967/748 968/968/749 964/964/745
f 968/968/749 967/967/748 969/969/750
f 969/969/750 970/970/751 968/968/749
f 971/971/752 970/970/751 969/969/750
f 972/972/753 973/973/754 974/974/755
f 974/974/755 975/975/756 972/972/753
f 943/943/757 953/953/758 976/976/759
f 976/976/759 977/977/760 943/943/757
f 952/952/728 978/978/761 976/976/762
f 976/976/762 953/953/729 952/952/728
f 979/979/763 980/980/764 981/981/765
f 981/981/765 982/982/766 979/979/763
f 983/983/767 984/984/768 973/973/754
f 973/973/754 972/972/753 983/983/767
f 977/977/760 976/976/759 980/980/764
f 980/980/764 979/979/763 977/977/760
f 975/975/756 974/974/755 966/966/747
f 966/966/747 965/965/746 975/975/756
f 982/982/766 981/981/765 984/984/768
f 984/984/768 983/983/767 982/982/766
f 985/985/769 947/947/719 928/928/718
f 928/928/718 966/966/770 985/985/769
f 983/983/771 986/986/772 987/987/773
f 987/987/773 982/982/774 983/983/771
f 965/965/775 988/988/776 989/989/777
f 989/989/777 975/975/777 965/965/775
f 977/977/778 990/990/779 944/944/712
f 944/944/712 943/943/711 977/977/778
f 975/975/780 989/989/780 991/991/781
f 991/991/781 972/972/782 975/975/780
f 984/984/783 992/992/784 993/993/785
f 993/993/785 973/973/786 984/984/783
f 982/982/774 987/987/773 994/994/787
f 994/994/787 979/979/788 982/982/774
f 927/927/743 962/962/742 988/988/776
f 988/988/776 965/965/775 927/927/743
f 981/981/789 995/995/790 992/992/784
f 992/992/784 984/984/783 981/981/789
f 974/974/791 996/996/791 985/985/769
f 985/985/769 966/966/770 974/974/791
f 979/979/788 994/994/787 990/990/779
f 990/990/779 977/977/778 979/979/788
f 973/973/786 993/993/785 996/996/792
f 996/996/792 974/974/792 973/973/786
f 980/980/793 997/997/794 995/995/790
f 995/995/790 981/981/789 980/980/793
f 960/960/740 998/998/795 999/999/796
f 999/999/796 961/961/741 960/960/740
f 976/976/762 978/978/761 997/997/794
f 997/997/794 980/980/793 976/976/762
f 972/972/782 991/991/781 986/986/772
f 986/986/772 983/983/771 972/972/782
f 1000/1000/797 999/999/796 998/998/795
f 998/998/795 1001/1001/798 1000/1000/797
f 1002/1002/799 1000/1000/797 1001/1001/798
f 1001/1001/798 1003/1003/800 1002/1002/799
f 1004/1004/801 1002/1002/799 1003/1003/800
f 1005/1005/802 1006/1006/803 1007/1007/803
f 1007/1007/803 1008/1008/802 1005/1005/802
f 1009/1009/804 1010/1010/805 1011/1011/806
f 1011/1011/806 1012/1012/807 1009/1009/804
f 1013/1013/808 1014/1014/809 1015/1015/810
f 1015/1015/810 1016/1016/811 1013/1013/808
f 1007/1007/803 1006/1006/803 1009/1009/812
f 1009/1009/812 1012/1012/812 1007/1007/803
f 1017/1017/813 1018/1018/814 1019/1019/815
f 1019/1019/815 1005/1005/816 1017/1017/813
f 1020/1020/817 1021/1021/818 1022/1022/819
f 1022/1022/819 1008/1008/820 1020/1020/817
f 1023/1023/821 1020/1020/817 1008/1008/820
f 1008/1008/820 1007/1007/822 1023/1023/821
f 1011/1011/806 1023/1023/821 1007/1007/822
f 1007/1007/822 1012/1012/807 1011/1011/806
f 1006/1006/823 1005/1005/816 1019/1019/815
f 1019/1019/815 1024/1024/824 1006/1006/823
f 1009/1009/804 1006/1006/823 1024/1024/824
f 1024/1024/824 1010/1010/805 1009/1009/804
f 1025/1025/825 1014/1014/809 1013/1013/808
f 1013/1013/808 1026/1026/826 1025/1025/825
f 1021/1021/818 1025/1025/825 1026/1026/826
f 1026/1026/826 1022/1022/819 1021/1021/818
f 1027/1027/827 1018/1018/814 1017/1017/813
f 1017/1017/813 1028/1028/828 1027/1027/827
f 1015/1015/810 1027/1027/827 1028/1028/828
f 1028/1028/828 1016/1016/811 1015/1015/810
f 1022/1022/829 1017/1017/829 1005/1005/802
f 1005/1005/802 1008/1008/802 1022/1022/829
f 1026/1026/830 1028/1028/830 1017/1017/829
f 1017/1017/829 1022/1022/829 1026/1026/830
f 1028/1028/830 1026/1026/830 1013/1013/831
f 1013/1013/831 1016/1016/831 1028/1028/830
f 1029/1029/832 1030/1030/833 1031/1031/834
f 1031/1031/834 1032/1032/835 1029/1029/832
f 1033/1033/836 1034/1034/837 1035/1035/838
f 1035/1035/838 1036/1036/839 1033/1033/836
f 734/734/556 733/733/556 1029/1029/840
f 1029/1029/840 1032/1032/840 734/734/556
f 731/731/841 1037/1037/842 1038/1038/843
f 1038/1038/843 732/732/844 731/731/841
f 1039/1039/845 1040/1040/846 730/730/847
f 730/730/847 735/735/848 1039/1039/845
f 1041/1041/849 1039/1039/845 735/735/848
f 735/735/848 734/734/850 1041/1041/849
f 1031/1031/834 1041/1041/849 734/734/850
f 734/734/850 1032/1032/835 1031/1031/834
f 733/733/851 732/732/844 1038/1038/843
f 1038/1038/843 1042/1042/852 733/733/851
f 1029/1029/832 733/733/851 1042/1042/852
f 1042/1042/852 1030/1030/833 1029/1029/832
f 1043/1043/853 1034/1034/837 1033/1033/836
f 1033/1033/836 1044/1044/854 1043/1043/853
f 1040/1040/846 1043/1043/853 1044/1044/854
f 1044/1044/854 730/730/847 1040/1040/846
f 1045/1045/855 1037/1037/842 731/731/841
f 731/731/841 1046/1046/856 1045/1045/855
f 1035/1035/838 1045/1045/855 1046/1046/856
f 1046/1046/856 1036/1036/839 1035/1035/838
f 1044/1044/857 1046/1046/857 731/731/554
f 731/731/554 730/730/554 1044/1044/857
f 1046/1046/857 1044/1044/857 1033/1033/858
f 1033/1033/858 1036/1036/858 1046/1046/857
f 1047/1047/859 1048/1048/860 1049/1049/861
f 1049/1049/861 1050/1050/859 1047/1047/859
f 1051/1051/137 1047/1047/137 1050/1050/137
f 1050/1050/137 1052/1052/137 1051/1051/137
f 1050/1050/862 1049/1049/861 1053/1053/863
f 1053/1053/863 1052/1052/862 1050/1050/862
f 1054/1054/864 1055/1055/865 1056/1056/866
f 1056/1056/866 1048/1048/860 1054/1054/864
f 1048/1048/860 1056/1056/866 1057/1057/867
f 1057/1057/867 1049/1049/861 1048/1048/860
f 1049/1049/861 1057/1057/867 1058/1058/868
f 1058/1058/868 1053/1053/863 1049/1049/861
f 1056/1056/866 1055/1055/865 1058/1058/868
f 1058/1058/868 1057/1057/867 1056/1056/866
f 1059/1059/869 1060/1060/870 1061/1061/871
f 1061/1061/871 1062/1062/872 1059/1059/869
f 1063/1063/873 1064/1064/873 1065/1065/874
f 1065/1065/874 1066/1066/874 1063/1063/873
f 1067/1067/875 1068/1068/876 1069/1069/877
f 1069/1069/877 1063/1063/878 1067/1067/875
f 1070/1070/879 1071/1071/880 1072/1072/881
f 1072/1072/881 1073/1073/882 1070/1070/879
f 1066/1066/874 1065/1065/874 1073/1073/883
f 1073/1073/883 1072/1072/883 1066/1066/874
f 1074/1074/884 1059/1059/869 1062/1062/872
f 1062/1062/872 1075/1075/884 1074/1074/884
f 1068/1068/876 1074/1074/884 1075/1075/884
f 1075/1075/884 1069/1069/877 1068/1068/876
f 1076/1076/885 1061/1061/871 1060/1060/870
f 1060/1060/870 1077/1077/885 1076/1076/885
f 1078/1078/886 1076/1076/885 1077/1077/885
f 1077/1077/885 1079/1079/887 1078/1078/886
f 1080/1080/888 1067/1067/875 1063/1063/878
f 1063/1063/878 1066/1066/889 1080/1080/888
f 1071/1071/880 1080/1080/888 1066/1066/889
f 1066/1066/889 1072/1072/881 1071/1071/880
f 1065/1065/890 1064/1064/891 1081/1081/892
f 1081/1081/892 1082/1082/893 1065/1065/890
f 1073/1073/882 1065/1065/890 1082/1082/893
f 1082/1082/893 1070/1070/879 1073/1073/882
f 1079/1079/887 1081/1081/892 1064/1064/891
f 1064/1064/891 1078/1078/886 1079/1079/887
f 1064/1064/873 1063/1063/873 1069/1069/894
f 1069/1069/894 1078/1078/894 1064/1064/873
f 1069/1069/894 1075/1075/895 1076/1076/895
f 1076/1076/895 1078/1078/894 1069/1069/894
f 1076/1076/895 1075/1075/895 1062/1062/896
f 1062/1062/896 1061/1061/896 1076/1076/895
f 1083/1083/897 1084/1084/898 1085/1085/898
f 1085/1085/898 1086/1086/899 1083/1083/897
f 1087/1087/900 1083/1083/897 1086/1086/899
f 1086/1086/899 1088/1088/901 1087/1087/900
f 1089/1089/902 1087/1087/900 1088/1088/901
f 1088/1088/901 1090/1090/903 1089/1089/902
f 1091/1091/552 1089/1089/902 1090/1090/903
f 1090/1090/903 1092/1092/552 1091/1091/552
f 1093/1093/904 1091/1091/552 1092/1092/552
f 1092/1092/552 1094/1094/904 1093/1093/904
f 1095/1095/137 1093/1093/904 1094/1094/904
f 1094/1094/904 1096/1096/137 1095/1095/137
f 1088/1088/558 1086/1086/558 1085/1085/558
f 1088/1088/558 1085/1085/558 1097/1097/558
f 1088/1088/558 1097/1097/558 1096/1096/558
f 1088/1088/558 1096/1096/558 1094/1094/558
f 1088/1088/558 1094/1094/558 1092/1092/558
f 1092/1092/558 1090/1090/558 1088/1088/558
f 1098/1098/905 1095/1095/137 1096/1096/137
f 1096/1096/137 1097/1097/905 1098/1098/905
f 1084/1084/898 1098/1098/905 1097/1097/905
f 1097/1097/905 1085/1085/898 1084/1084/898
f 1099/1099/906 1100/1100/330 1101/1101/330
f 1101/1101/330 1102/1102/906 1099/1099/906
f 1103/1103/24 1099/1099/906 1102/1102/906
f 1102/1102/906 1104/1104/24 1103/1103/24
f 1105/1105/907 1103/1103/24 1104/1104/24
f 1104/1104/24 1106/1106/907 1105/1105/907
f 1107/1107/552 1105/1105/907 1106/1106/907
f 1106/1106/907 1108/1108/552 1107/1107/552
f 1109/1109/908 1107/1107/552 1108/1108/552
f 1108/1108/552 1110/1110/908 1109/1109/908
f 1111/1111/137 1109/1109/908 1110/1110/908
f 1110/1110/908 1112/1112/137 1111/1111/137
f 1113/1113/909 1111/1111/137 1112/1112/137
f 1112/1112/137 1114/1114/909 1113/1113/909
f 1100/1100/330 1113/1113/909 1114/1114/909
f 1114/1114/909 1101/1101/330 1100/1100/330
f 1113/1113/910 1100/1100/910 1099/1099/910
f 1113/1113/910 1099/1099/910 1103/1103/910
f 1113/1113/910 1103/1103/910 1105/1105/910
f 1113/1113/910 1105/1105/910 1107/1107/910
f 1113/1113/910 1107/1107/910 1109/1109/910
f 1109/1109/910 1111/1111/910 1113/1113/910
f 1115/1115/911 1116/1116/912 1117/1117/913
f 1117/1117/913 1118/1118/914 1115/1115/911
f 1119/1119/915 1120/1120/916 1121/1121/917
f 1121/1121/917 1122/1122/918 1119/1119/915
f 1115/1115/911 1123/1123/919 1124/1124/920
f 1124/1124/920 1125/1125/921 1115/1115/911
f 1126/1126/922 1127/1127/923 1128/1128/924
f 1128/1128/924 1129/1129/925 1126/1126/922
f 1130/1130/926 1119/1119/915 1122/1122/918
f 1122/1122/918 1131/1131/927 1130/1130/926
f 1116/1116/912 1115/1115/911 1125/1125/921
f 1125/1125/921 1132/1132/928 1116/1116/912
f 1118/1118/914 1117/1117/913 1133/1133/929
f 1133/1133/929 1134/1134/930 1118/1118/914
f 1120/1120/916 1135/1135/931 1136/1136/932
f 1136/1136/932 1121/1121/917 1120/1120/916
f 1124/1124/920 1123/1123/919 1130/1130/926
f 1130/1130/926 1131/1131/927 1124/1124/920
f 1134/1134/930 1137/1137/933 1138/1138/934
f 1138/1138/934 1118/1118/914 1134/1134/930
f 1139/1139/935 1140/1140/936 1138/1138/934
f 1138/1138/934 1137/1137/933 1139/1139/935
f 1133/1133/929 1117/1117/913 1116/1116/912
f 1116/1116/912 1132/1132/928 1133/1133/929
f 1141/1141/937 1127/1127/923 1126/1126/922
f 1126/1126/922 1142/1142/938 1141/1141/937
f 1135/1135/931 1143/1143/939 1144/1144/940
f 1144/1144/940 1136/1136/932 1135/1135/931
f 1145/1145/941 1146/1146/941 1147/1147/942
f 1147/1147/942 1148/1148/943 1145/1145/941
f 1149/1149/925 1150/1150/944 1151/1151/945
f 1151/1151/945 1152/1152/946 1149/1149/925
f 1129/1129/925 1128/1128/924 1153/1153/945
f 1153/1153/945 1154/1154/947 1129/1129/925
f 1155/1155/948 1156/1156/949 1157/1157/950
f 1157/1157/950 1158/1158/951 1155/1155/948
f 1147/1147/952 1159/1159/945 1141/1141/937
f 1141/1141/937 1142/1142/938 1147/1147/952
f 1152/1152/946 1151/1151/945 1160/1160/953
f 1160/1160/953 1161/1161/954 1152/1152/946
f 1154/1154/947 1153/1153/945 1162/1162/955
f 1162/1162/955 1163/1163/954 1154/1154/947
f 1163/1163/954 1162/1162/955 1150/1150/944
f 1150/1150/944 1149/1149/925 1163/1163/954
f 1158/1158/951 1157/1157/950 1164/1164/956
f 1164/1164/956 1146/1146/957 1158/1158/951
f 1161/1161/954 1160/1160/953 1156/1156/949
f 1156/1156/949 1155/1155/948 1161/1161/954
f 1152/1152/958 1161/1161/959 1165/1165/960
f 1165/1165/960 1166/1166/961 1152/1152/958
f 1146/1146/957 1164/1164/956 1159/1159/945
f 1159/1159/945 1147/1147/952 1146/1146/957
f 1167/1167/952 1168/1168/952 1169/1169/952
f 1167/1167/952 1169/1169/952 1170/1170/952
f 1167/1167/952 1170/1170/952 1171/1171/952
f 1167/1167/952 1171/1171/952 1172/1172/952
f 1167/1167/952 1172/1172/952 1173/1173/952
f 1167/1167/952 1173/1173/952 1174/1174/952
f 1167/1167/952 1174/1174/952 1175/1175/952
f 1167/1167/952 1175/1175/952 1176/1176/952
f 1167/1167/952 1176/1176/952 1177/1177/952
f 1177/1177/952 1178/1178/952 1167/1167/952
f 1179/1179/962 1142/1142/963 1126/1126/964
f 1126/1126/964 1180/1180/965 1179/1179/962
f 1181/1181/966 1129/1129/967 1154/1154/968
f 1154/1154/968 1182/1182/969 1181/1181/966
f 1180/1180/965 1126/1126/964 1129/1129/967
f 1129/1129/967 1181/1181/966 1180/1180/965
f 1183/1183/970 1149/1149/971 1152/1152/958
f 1152/1152/958 1166/1166/961 1183/1183/970
f 1184/1184/972 1155/1155/972 1158/1158/973
f 1158/1158/973 1185/1185/974 1184/1184/972
f 1148/1148/943 1147/1147/942 1142/1142/963
f 1142/1142/963 1179/1179/962 1148/1148/943
f 1118/1118/914 1138/1138/934 1123/1123/919
f 1123/1123/919 1115/1115/911 1118/1118/914
f 1182/1182/969 1154/1154/968 1163/1163/975
f 1163/1163/975 1186/1186/975 1182/1182/969
f 1186/1186/975 1163/1163/975 1149/1149/971
f 1149/1149/971 1183/1183/970 1186/1186/975
f 1185/1185/974 1158/1158/973 1146/1146/941
f 1146/1146/941 1145/1145/941 1185/1185/974
f 1165/1165/960 1161/1161/959 1155/1155/972
f 1155/1155/972 1184/1184/972 1165/1165/960
f 1187/1187/976 1188/1188/977 1189/1189/977
f 1189/1189/977 1190/1190/978 1187/1187/976
f 1188/1188/330 1187/1187/330 1191/1191/330
f 1191/1191/330 1192/1192/330 1188/1188/330
f 1193/1193/552 1194/1194/552 1195/1195/552
f 1195/1195/552 1196/1196/552 1193/1193/552
f 1191/1191/979 1187/1187/979 1195/1195/979
f 1195/1195/979 1194/1194/979 1191/1191/979
f 1188/1188/980 1192/1192/980 1197/1197/980
f 1197/1197/980 1198/1198/980 1188/1188/980
f 1199/1199/981 1200/1200/981 1201/1201/982
f 1201/1201/982 1202/1202/983 1199/1199/981
f 1196/1196/984 1195/1195/985 1203/1203/986
f 1203/1203/986 1204/1204/984 1196/1196/984
f 1188/1188/977 1198/1198/984 1205/1205/984
f 1205/1205/984 1189/1189/977 1188/1188/977
f 1195/1195/985 1187/1187/976 1190/1190/978
f 1190/1190/978 1203/1203/986 1195/1195/985
f 1206/1206/987 1202/1202/988 1207/1207/989
f 1207/1207/989 1208/1208/989 1206/1206/987
f 1209/1209/986 1210/1210/978 1206/1206/990
f 1206/1206/990 1211/1211/991 1209/1209/986
f 1210/1210/992 1199/1199/992 1202/1202/988
f 1202/1202/988 1206/1206/987 1210/1210/992
f 1212/1212/993 1209/1209/993 1211/1211/994
f 1211/1211/994 1213/1213/995 1212/1212/993
f 1213/1213/995 1211/1211/994 1214/1214/996
f 1214/1214/996 1215/1215/996 1213/1213/995
f 1202/1202/983 1201/1201/982 1216/1216/997
f 1216/1216/997 1207/1207/997 1202/1202/983
f 1211/1211/991 1206/1206/990 1208/1208/998
f 1208/1208/998 1214/1214/998 1211/1211/991
f 1217/1217/999 1218/1218/1000 1219/1219/1001
f 1219/1219/1001 1220/1220/1002 1217/1217/999
f 1221/1221/1003 1222/1222/1004 1223/1223/1005
f 1223/1223/1005 1224/1224/1006 1221/1221/1003
f 1225/1225/1007 1226/1226/1008 1227/1227/1009
f 1227/1227/1009 1219/1219/1001 1225/1225/1007
f 1228/1228/1010 1229/1229/1011 1230/1230/1012
f 1230/1230/1012 1231/1231/1013 1228/1228/1010
f 1232/1232/1014 1233/1233/1015 1223/1223/1005
f 1223/1223/1005 1222/1222/1004 1232/1232/1014
f 1219/1219/1001 1218/1218/1000 1234/1234/1016
f 1234/1234/1016 1225/1225/1007 1219/1219/1001
f 1217/1217/999 1220/1220/1002 1235/1235/1017
f 1235/1235/1017 1236/1236/1018 1217/1217/999
f 1237/1237/1019 1221/1221/1003 1224/1224/1006
f 1224/1224/1006 1238/1238/1020 1237/1237/1019
f 1233/1233/1015 1232/1232/1014 1227/1227/1009
f 1227/1227/1009 1226/1226/1008 1233/1233/1015
f 1220/1220/1002 1239/1239/1021 1240/1240/1022
f 1240/1240/1022 1235/1235/1017 1220/1220/1002
f 1240/1240/1022 1239/1239/1021 1241/1241/1023
f 1241/1241/1023 1242/1242/1024 1240/1240/1022
f 1234/1234/1016 1218/1218/1000 1217/1217/999
f 1217/1217/999 1236/1236/1018 1234/1234/1016
f 1243/1243/1025 1230/1230/1012 1229/1229/1011
f 1229/1229/1011 1244/1244/1026 1243/1243/1025
f 1245/1245/1027 1237/1237/1019 1238/1238/1020
f 1238/1238/1020 1246/1246/1028 1245/1245/1027
f 1247/1247/1029 1248/1248/1030 1249/1249/1030
f 1249/1249/1030 1250/1250/1029 1247/1247/1029
f 1251/1251/1031 1252/1252/1032 1253/1253/1033
f 1253/1253/1033 1254/1254/1034 1251/1251/1031
f 1228/1228/1010 1231/1231/1013 1255/1255/1035
f 1255/1255/1035 1256/1256/1036 1228/1228/1010
f 1257/1257/1037 1258/1258/1025 1259/1259/1038
f 1259/1259/1038 1260/1260/1011 1257/1257/1037
f 1244/1244/1026 1261/1261/1039 1247/1247/1040
f 1247/1247/1040 1243/1243/1025 1244/1244/1026
f 1262/1262/1025 1251/1251/1031 1254/1254/1034
f 1254/1254/1034 1263/1263/1041 1262/1262/1025
f 1264/1264/1042 1256/1256/1036 1255/1255/1035
f 1255/1255/1035 1265/1265/1043 1264/1264/1042
f 1252/1252/1032 1264/1264/1042 1265/1265/1043
f 1265/1265/1043 1253/1253/1033 1252/1252/1032
f 1266/1266/1044 1260/1260/1011 1259/1259/1038
f 1259/1259/1038 1248/1248/1045 1266/1266/1044
f 1257/1257/1037 1262/1262/1025 1263/1263/1041
f 1263/1263/1041 1258/1258/1025 1257/1257/1037
f 1267/1267/1046 1268/1268/1047 1263/1263/1048
f 1263/1263/1048 1254/1254/1049 1267/1267/1046
f 1261/1261/1039 1266/1266/1044 1248/1248/1045
f 1248/1248/1045 1247/1247/1040 1261/1261/1039
f 1269/1269/1026 1270/1270/1026 1271/1271/1026
f 1269/1269/1026 1271/1271/1026 1272/1272/1026
f 1269/1269/1026 1272/1272/1026 1273/1273/1026
f 1269/1269/1026 1273/1273/1026 1274/1274/1026
f 1269/1269/1026 1274/1274/1026 1275/1275/1026
f 1269/1269/1026 1275/1275/1026 1276/1276/1026
f 1269/1269/1026 1276/1276/1026 1277/1277/1026
f 1269/1269/1026 1277/1277/1026 1278/1278/1026
f 1269/1269/1026 1278/1278/1026 1279/1279/1026
f 1279/1279/1026 1280/1280/1026 1269/1269/1026
f 1230/1230/1050 1243/1243/1051 1281/1281/1052
f 1281/1281/1052 1282/1282/1050 1230/1230/1050
f 1231/1231/1053 1283/1283/1054 1284/1284/1055
f 1284/1284/1055 1255/1255/1056 1231/1231/1053
f 1231/1231/1053 1230/1230/1050 1282/1282/1050
f 1282/1282/1050 1283/1283/1054 1231/1231/1053
f 1254/1254/1049 1253/1253/1057 1285/1285/1058
f 1285/1285/1058 1267/1267/1046 1254/1254/1049
f 1258/1258/1059 1286/1286/1060 1287/1287/1061
f 1287/1287/1061 1259/1259/1062 1258/1258/1059
f 1243/1243/1051 1247/1247/1029 1250/1250/1029
f 1250/1250/1029 1281/1281/1052 1243/1243/1051
f 518/518/137 1288/1288/137 1289/1289/137
f 1289/1289/137 1290/1290/137 518/518/137
f 1265/1265/1063 1255/1255/1056 1284/1284/1055
f 1284/1284/1055 1291/1291/1064 1265/1265/1063
f 1253/1253/1057 1265/1265/1063 1291/1291/1064
f 1291/1291/1064 1285/1285/1058 1253/1253/1057
f 1248/1248/1030 1259/1259/1062 1287/1287/1061
f 1287/1287/1061 1249/1249/1030 1248/1248/1030
f 1258/1258/1059 1263/1263/1048 1268/1268/1047
f 1268/1268/1047 1286/1286/1060 1258/1258/1059
f 1292/1292/1065 1293/1293/1065 1294/1294/1066
f 1294/1294/1066 1295/1295/1067 1292/1292/1065
f 1296/1296/992 1294/1294/992 1293/1293/992
f 1293/1293/992 1297/1297/992 1296/1296/992
f 1298/1298/1068 1299/1299/1068 1300/1300/1068
f 1300/1300/1068 1301/1301/1068 1298/1298/1068
f 1298/1298/1069 1294/1294/1069 1296/1296/1069
f 1296/1296/1069 1299/1299/1069 1298/1298/1069
f 1302/1302/1070 1297/1297/1070 1293/1293/1070
f 1293/1293/1070 1303/1303/1070 1302/1302/1070
f 1304/1304/1071 1305/1305/1072 1306/1306/1072
f 1306/1306/1072 1307/1307/1073 1304/1304/1071
f 1308/1308/1074 1298/1298/1075 1301/1301/1076
f 1301/1301/1076 1309/1309/1076 1308/1308/1074
f 1310/1310/1076 1303/1303/1076 1293/1293/1065
f 1293/1293/1065 1292/1292/1065 1310/1310/1076
f 1295/1295/1067 1294/1294/1066 1298/1298/1075
f 1298/1298/1075 1308/1308/1074 1295/1295/1067
f 1311/1311/1077 1307/1307/1078 1312/1312/1079
f 1312/1312/1079 1313/1313/1077 1311/1311/1077
f 1312/1312/1080 1314/1314/1067 1315/1315/1074
f 1315/1315/1074 1316/1316/1081 1312/1312/1080
f 1307/1307/1078 1306/1306/1082 1314/1314/1082
f 1314/1314/1082 1312/1312/1079 1307/1307/1078
f 1316/1316/1083 1315/1315/552 1317/1317/552
f 1317/1317/552 1318/1318/1084 1316/1316/1083
f 1319/1319/1085 1316/1316/1083 1318/1318/1084
f 1318/1318/1084 1320/1320/1085 1319/1319/1085
f 1321/1321/1086 1304/1304/1071 1307/1307/1073
f 1307/1307/1073 1311/1311/1086 1321/1321/1086
f 1313/1313/1087 1312/1312/1080 1316/1316/1081
f 1316/1316/1081 1319/1319/1087 1313/1313/1087
f 696/696/537 1322/1322/536 1323/1323/1088
f 1323/1323/1088 1324/1324/1088 696/696/537
f 721/721/1089 1324/1324/1089 1325/1325/1089
f 1325/1325/1089 1326/1326/1089 721/721/1089
f 1323/1323/1090 1322/1322/540 720/720/540
f 720/720/540 719/719/1090 1323/1323/1090
f 715/715/1091 663/663/1091 706/706/1091
f 706/706/1091 716/716/1091 715/715/1091
f 721/721/1092 685/685/1092 696/696/1092
f 696/696/1092 1324/1324/1092 721/721/1092
f 1327/1327/1093 1328/1328/1094 1329/1329/1095
f 1329/1329/1095 1330/1330/1096 1327/1327/1093
f 1331/1331/1097 1332/1332/1098 1333/1333/1099
f 1333/1333/1099 1334/1334/1100 1331/1331/1097
f 1335/1335/1101 1336/1336/1102 1337/1337/1103
f 1337/1337/1103 1338/1338/1104 1335/1335/1101
f 1329/1329/1095 1328/1328/1094 1339/1339/1105
f 1339/1339/1105 1340/1340/1106 1329/1329/1095
f 1341/1341/1107 1342/1342/1108 1343/1343/1109
f 1343/1343/1109 1344/1344/1110 1341/1341/1107
f 1327/1327/1093 1330/1330/1096 1345/1345/1111
f 1345/1345/1111 1346/1346/1112 1327/1327/1093
f 1347/1347/1113 1348/1348/1114 1349/1349/1115
f 1349/1349/1115 1350/1350/1116 1347/1347/1113
f 1351/1351/1117 1352/1352/1116 1353/1353/1112
f 1353/1353/1112 1354/1354/1118 1351/1351/1117
f 1336/1336/1102 1341/1341/1107 1344/1344/1110
f 1344/1344/1110 1337/1337/1103 1336/1336/1102
f 1355/1355/1119 1356/1356/1109 1357/1357/1108
f 1357/1357/1108 1358/1358/1120 1355/1355/1119
f 1328/1328/1094 1334/1334/1100 1333/1333/1099
f 1333/1333/1099 1339/1339/1105 1328/1328/1094
f 1337/1337/1103 1329/1329/1095 1340/1340/1106
f 1340/1340/1106 1338/1338/1104 1337/1337/1103
f 1327/1327/1093 1349/1349/1115 1334/1334/1100
f 1334/1334/1100 1328/1328/1094 1327/1327/1093
f 1344/1344/1110 1330/1330/1096 1329/1329/1095
f 1329/1329/1095 1337/1337/1103 1344/1344/1110
f 1330/1330/1096 1344/1344/1110 1343/1343/1109
f 1343/1343/1109 1345/1345/1111 1330/1330/1096
f 1349/1349/1115 1327/1327/1093 1346/1346/1112
f 1346/1346/1112 1350/1350/1116 1349/1349/1115
f 1348/1348/1114 1331/1331/1097 1334/1334/1100
f 1334/1334/1100 1349/1349/1115 1348/1348/1114
f 1359/1359/1121 1360/1360/1101 1361/1361/1104
f 1361/1361/1104 1362/1362/1122 1359/1359/1121
f 1354/1354/1118 1353/1353/1112 1363/1363/1111
f 1363/1363/1111 1364/1364/1123 1354/1354/1118
f 1365/1365/1124 1366/1366/1106 1367/1367/1105
f 1367/1367/1105 1368/1368/1125 1365/1365/1124
f 1364/1364/1123 1363/1363/1111 1356/1356/1109
f 1356/1356/1109 1355/1355/1119 1364/1364/1123
f 1369/1369/1126 1370/1370/1099 1371/1371/1098
f 1371/1371/1098 1372/1372/1127 1369/1369/1126
f 1373/1373/1128 1374/1374/1113 1352/1352/1116
f 1352/1352/1116 1351/1351/1117 1373/1373/1128
f 1368/1368/1125 1367/1367/1105 1370/1370/1099
f 1370/1370/1099 1369/1369/1126 1368/1368/1125
f 1362/1362/1122 1361/1361/1104 1366/1366/1106
f 1366/1366/1106 1365/1365/1124 1362/1362/1122
f 1375/1375/1129 1376/1376/1130 1377/1377/1131
f 1377/1377/1131 1378/1378/1132 1375/1375/1129
f 1379/1379/1133 1376/1376/1130 1375/1375/1129
f 1375/1375/1129 1380/1380/1134 1379/1379/1133
f 1381/1381/1135 1382/1382/1136 1383/1383/1137
f 1383/1383/1137 1384/1384/1138 1381/1381/1135
f 1385/1385/1139 1386/1386/1140 1387/1387/1141
f 1387/1387/1141 1388/1388/1142 1385/1385/1139
f 1382/1382/1136 1379/1379/1133 1380/1380/1134
f 1380/1380/1134 1383/1383/1137 1382/1382/1136
f 1386/1386/1140 1381/1381/1135 1384/1384/1138
f 1384/1384/1138 1387/1387/1141 1386/1386/1140
f 1389/1389/137 1385/1385/1139 1388/1388/1142
f 1388/1388/1142 1390/1390/269 1389/1389/137
f 1391/1391/1143 1392/1392/1144 1393/1393/1145
f 1393/1393/1145 1394/1394/1146 1391/1391/1143
f 1389/1389/137 1390/1390/269 1395/1395/137
f 1377/1377/1131 1394/1394/1146 1393/1393/1145
f 1393/1393/1145 1378/1378/1132 1377/1377/1131
f 1396/1396/137 1389/1389/137 1395/1395/137
f 1395/1395/137 1397/1397/137 1396/1396/137
f 1398/1398/1147 1385/1385/1139 1389/1389/137
f 1389/1389/137 1396/1396/137 1398/1398/1147
f 1399/1399/1148 1381/1381/1135 1386/1386/1140
f 1386/1386/1140 1400/1400/1149 1399/1399/1148
f 1401/1401/1150 1394/1394/1146 1377/1377/1131
f 1377/1377/1131 1402/1402/1151 1401/1401/1150
f 1400/1400/1149 1386/1386/1140 1385/1385/1139
f 1385/1385/1139 1398/1398/1147 1400/1400/1149
f 1403/1403/1152 1391/1391/1143 1394/1394/1146
f 1394/1394/1146 1401/1401/1150 1403/1403/1152
f 1404/1404/1153 1379/1379/1133 1382/1382/1136
f 1382/1382/1136 1405/1405/1154 1404/1404/1153
f 1405/1405/1154 1382/1382/1136 1381/1381/1135
f 1381/1381/1135 1399/1399/1148 1405/1405/1154
f 1402/1402/1151 1377/1377/1131 1376/1376/1130
f 1376/1376/1130 1406/1406/1155 1402/1402/1151
f 1406/1406/1155 1376/1376/1130 1379/1379/1133
f 1379/1379/1133 1404/1404/1153 1406/1406/1155
f 1219/1219/1001 1227/1227/1009 1239/1239/1021
f 1239/1239/1021 1220/1220/1002 1219/1219/1001
f 1407/1407/1156 1408/1408/1156 1409/1409/1156
f 1409/1409/1156 1410/1410/1157 1407/1407/1156
f 1410/1410/1157 1409/1409/1156 1411/1411/330
f 1411/1411/330 1412/1412/330 1410/1410/1157
f 1413/1413/552 1414/1414/552 1415/1415/552
f 1415/1415/552 1416/1416/552 1413/1413/552
f 1417/1417/552 1418/1418/552 1419/1419/552
f 1419/1419/552 1420/1420/552 1417/1417/552
f 1288/1288/330 1421/1421/330 1422/1422/1158
f 1422/1422/1158 1423/1423/1159 1288/1288/330
f 1424/1424/137 1425/1425/137 1290/1290/137
f 1290/1290/137 1289/1289/137 1424/1424/137
f 1426/1426/137 1427/1427/137 1425/1425/137
f 1425/1425/137 1424/1424/137 1426/1426/137
f 1428/1428/137 1429/1429/137 1430/1430/137
f 1430/1430/137 1431/1431/137 1428/1428/137
f 1432/1432/137 1433/1433/137 1434/1434/137
f 1434/1434/137 1435/1435/137 1432/1432/137
f 1436/1436/552 1437/1437/552 1438/1438/552
f 1438/1438/552 1439/1439/552 1436/1436/552
f 1439/1439/552 1438/1438/552 1440/1440/552
f 1440/1440/552 1441/1441/552 1439/1439/552
f 1442/1442/1156 1443/1443/1156 1444/1444/992
f 1444/1444/992 1445/1445/894 1442/1442/1156
f 1446/1446/894 1447/1447/992 1443/1443/1156
f 1443/1443/1156 1442/1442/1156 1446/1446/894
f 1448/1448/330 1449/1449/330 1447/1447/992
f 1447/1447/992 1446/1446/894 1448/1448/330
f 1431/1431/552 1430/1430/552 1437/1437/552
f 1437/1437/552 1436/1436/552 1431/1431/552
f 1441/1441/552 1440/1440/552 1450/1450/552
f 1450/1450/552 1451/1451/552 1441/1441/552
f 1445/1445/894 1444/1444/992 1433/1433/330
f 1433/1433/330 1432/1432/330 1445/1445/894
f 1435/1435/137 1434/1434/137 1452/1452/137
f 1452/1452/137 1453/1453/137 1435/1435/137
f 1453/1453/137 1452/1452/137 1429/1429/137
f 1429/1429/137 1428/1428/137 1453/1453/137
f 1416/1416/137 1415/1415/137 1427/1427/137
f 1427/1427/137 1426/1426/137 1416/1416/137
f 1454/1454/552 1455/1455/552 1414/1414/552
f 1414/1414/552 1413/1413/552 1454/1454/552
f 1420/1420/552 1419/1419/552 1455/1455/552
f 1455/1455/552 1454/1454/552 1420/1420/552
f 1423/1423/1159 1422/1422/1158 1408/1408/1156
f 1408/1408/1156 1407/1407/1156 1423/1423/1159
f 1456/1456/137 1428/1428/137 1431/1431/137
f 1431/1431/137 1457/1457/137 1456/1456/137
f 1458/1458/137 1453/1453/137 1428/1428/137
f 1428/1428/137 1456/1456/137 1458/1458/137
f 1459/1459/137 1432/1432/137 1435/1435/137
f 1435/1435/137 1460/1460/137 1459/1459/137
f 1460/1460/137 1435/1435/137 1453/1453/137
f 1453/1453/137 1458/1458/137 1460/1460/137
f 402/402/342 401/401/341 415/415/355
f 415/415/355 414/414/354 402/402/342
f 1461/1461/1160 1462/1462/1161 1463/1463/1162
f 1463/1463/1162 1464/1464/1163 1461/1461/1160
f 1463/1463/1162 1462/1462/1161 1465/1465/1164
f 1465/1465/1164 1466/1466/1165 1463/1463/1162
f 1467/1467/1166 1468/1468/1167 1469/1469/1168
f 1469/1469/1168 1470/1470/1169 1467/1467/1166
f 1471/1471/1170 1472/1472/1171 1473/1473/1172
f 1473/1473/1172 1474/1474/1173 1471/1471/1170
f 1466/1466/1165 1465/1465/1164 1468/1468/1167
f 1468/1468/1167 1467/1467/1166 1466/1466/1165
f 1470/1470/1169 1469/1469/1168 1472/1472/1171
f 1472/1472/1171 1471/1471/1170 1470/1470/1169
f 1474/1474/1173 1473/1473/1172 1475/1475/137
f 1475/1475/137 1476/1476/137 1474/1474/1173
f 1477/1477/1174 1478/1478/1175 1479/1391/1176
f 1479/1391/1176 1480/1479/1177 1477/1477/1174
f 1475/1475/137 1481/1480/137 1476/1476/137
f 1477/1477/1174 1480/1479/1177 1461/1461/1160
f 1461/1461/1160 1464/1464/1163 1477/1477/1174
f 1481/1480/137 1475/1475/137 1482/1481/137
f 1482/1481/137 1483/1482/137 1481/1480/137
f 1475/1475/137 1473/1473/1172 1484/1483/1147
f 1484/1483/1147 1482/1481/137 1475/1475/137
f 1472/1472/1171 1469/1469/1168 1485/1484/1148
f 1485/1484/1148 1486/1485/1149 1472/1472/1171
f 1461/1461/1160 1480/1479/1177 1487/1486/1150
f 1487/1486/1150 1488/1487/1178 1461/1461/1160
f 1473/1473/1172 1472/1472/1171 1486/1485/1149
f 1486/1485/1149 1484/1483/1147 1473/1473/1172
f 1480/1479/1177 1479/1391/1176 1489/1488/1152
f 1489/1488/1152 1487/1486/1150 1480/1479/1177
f 1468/1468/1167 1465/1465/1164 1490/1489/1153
f 1490/1489/1153 1491/1490/1154 1468/1468/1167
f 1469/1469/1168 1468/1468/1167 1491/1490/1154
f 1491/1490/1154 1485/1484/1148 1469/1469/1168
f 1462/1462/1161 1461/1461/1160 1488/1487/1178
f 1488/1487/1178 1492/1491/1155 1462/1462/1161
f 1465/1465/1164 1462/1462/1161 1492/1491/1155
f 1492/1491/1155 1490/1489/1153 1465/1465/1164
f 925/925/686 924/924/685 953/953/758
f 953/953/758 943/943/757 925/925/686
f 1222/1222/1179 1245/1245/1179 1241/1241/1180
f 1241/1241/1180 1232/1232/1180 1222/1222/1179
f 1232/1232/1180 1241/1241/1180 1239/1239/1021
f 1239/1239/1021 1227/1227/1009 1232/1232/1180
f 1221/1221/1181 1237/1237/1181 1245/1245/1179
f 1245/1245/1179 1222/1222/1179 1221/1221/1181
f 1140/1140/1182 1143/1143/1183 1119/1119/1183
f 1119/1119/1183 1130/1130/1182 1140/1140/1182
f 1138/1138/934 1140/1140/1182 1130/1130/1182
f 1130/1130/1182 1123/1123/919 1138/1138/934
f 1143/1143/1183 1135/1135/1184 1120/1120/1184
f 1120/1120/1184 1119/1119/1183 1143/1143/1183
f 756/756/1185 761/761/1185 760/760/1185
f 760/760/1185 775/775/1185 756/756/1185
f 1241/1241/1023 1245/1245/1027 1246/1246/1028
f 1246/1246/1028 1242/1242/1024 1241/1241/1023
f 1140/1140/936 1139/1139/935 1144/1144/940
f 1144/1144/940 1143/1143/939 1140/1140/936
f 1051/1051/1186 1054/1054/864 1048/1048/860
f 1048/1048/860 1047/1047/1186 1051/1051/1186
f 1493/1492/1187 1494/1493/1188 1495/1494/1189
f 1495/1494/1189 1496/1495/1190 1493/1492/1187
f 1497/1496/1191 1498/1497/1192 1499/1498/1193
f 1499/1498/1193 1500/1499/1194 1497/1496/1191
f 1495/1494/1189 1501/1500/1195 1502/1501/1196
f 1495/1494/1189 1502/1501/1196 1503/1502/1197
f 1503/1502/1197 1496/1495/1190 1495/1494/1189
f 1499/1498/1193 1498/1497/1192 1504/1503/1198
f 1504/1503/1198 1505/1504/1199 1499/1498/1193
f 1499/1498/1193 1506/1505/1200 1507/1506/1201
f 1507/1506/1201 1500/1499/1194 1499/1498/1193
f 1506/1505/1200 1499/1498/1193 1505/1504/1199
f 1505/1504/1199 1508/1507/1202 1506/1505/1200
f 1497/1496/1191 1493/1492/1203 1496/1495/1190
f 1496/1495/1190 1498/1497/1192 1497/1496/1191
f 1498/1497/1192 1496/1495/1190 1503/1502/1197
f 1503/1502/1197 1504/1503/1198 1498/1497/1192
f 1509/1508/1204 1493/1492/1203 1497/1496/1191
f 1497/1496/1191 1510/1509/1205 1509/1508/1204
f 1511/1510/1206 1512/1511/1207 1513/1512/1208
f 1513/1512/1208 1514/1513/1209 1511/1510/1206
f 1512/1511/1207 1515/1514/1210 1516/1515/1211
f 1517/1516/1212 1511/1510/1206 1518/1517/1213
f 1518/1517/1213 1519/1518/1214 1517/1516/1212
f 1510/1509/1205 1497/1496/1191 1500/1499/1194
f 1500/1499/1194 1520/1519/1215 1510/1509/1205
f 1520/1519/1215 1500/1499/1194 1507/1506/1201
f 1507/1506/1201 1521/1520/1216 1520/1519/1215
f 1507/1506/1201 1511/1510/1206 1517/1516/1212
f 1517/1516/1212 1521/1520/1216 1507/1506/1201
f 1522/1521/1217 1523/1522/1218 1524/1523/1219
f 1524/1523/1219 1525/1524/1220 1522/1521/1217
f 1525/1524/1220 1526/1525/1221 1494/1493/1222
f 1494/1493/1222 1522/1521/1217 1525/1524/1220
f 1527/1526/1223 1517/1516/1212 1528/1527/1224
f 1528/1527/1224 1529/1528/1225 1527/1526/1223
f 1501/1500/1195 1495/1494/1226 1530/1529/1227
f 1530/1529/1227 1531/1530/1228 1501/1500/1195
f 1511/1510/1206 1514/1513/1209 1532/1531/1229
f 1507/1506/1201 1506/1505/1200 1512/1511/1207
f 1512/1511/1207 1511/1510/1206 1507/1506/1201
f 1533/1532/1230 1534/1533/1231 1501/1500/1195
f 1501/1500/1195 1531/1530/1228 1533/1532/1230
f 1511/1510/1206 1532/1531/1229 1535/1534/1232
f 1536/1535/1233 1537/1536/1234 1538/1537/1235
f 1501/1500/1195 1539/1538/1236 1502/1501/1196
f 1540/1539/1237 1541/1540/1238 1542/1541/1239
f 1542/1541/1239 1543/1542/1240 1540/1539/1237
f 1544/1543/1241 1545/1544/1242 1546/1545/1243
f 1546/1545/1243 1547/1546/1244 1544/1543/1241
f 1548/1547/1245 1549/1548/1246 1550/1549/1247
f 1550/1549/1247 1551/1550/1248 1548/1547/1245
f 1551/1550/1248 1550/1549/1247 1541/1540/1238
f 1541/1540/1238 1540/1539/1237 1551/1550/1248
f 1547/1546/1244 1546/1545/1243 1549/1548/1246
f 1549/1548/1246 1548/1547/1245 1547/1546/1244
f 1543/1542/1240 1542/1541/1239 1537/1536/1234
f 1537/1536/1234 1552/1551/1249 1543/1542/1240
f 1553/1552/1250 1554/1553/1251 1545/1544/1242
f 1545/1544/1242 1544/1543/1241 1553/1552/1250
f 1537/1536/1234 1536/1535/1233 1552/1551/1249
f 1538/1537/1235 1555/1554/1252 1556/1555/1253
f 1556/1555/1253 1536/1535/1233 1538/1537/1235
f 1555/1554/1252 1557/1556/1254 1558/1557/1254
f 1558/1557/1254 1556/1555/1253 1555/1554/1252
f 1539/1538/1236 1501/1500/1195 1534/1533/1231
f 1516/1515/1255 1515/1514/1256 1559/1558/1257
f 1559/1558/1257 1560/1559/1258 1516/1515/1255
f 1515/1514/1210 1561/1560/1259 1553/1552/1250
f 1562/1561/1260 1563/1562/1261 1564/1563/1262
f 1564/1563/1262 1561/1560/1259 1562/1561/1260
f 1510/1509/1205 1520/1519/1215 1565/1564/1263
f 1565/1564/1263 1566/1565/1264 1510/1509/1205
f 1520/1519/1215 1521/1520/1216 1567/1566/1265
f 1567/1566/1265 1565/1564/1263 1520/1519/1215
f 1509/1508/1204 1510/1509/1205 1566/1565/1264
f 1566/1565/1264 1568/1567/1266 1509/1508/1204
f 1527/1526/1223 1569/1568/1267 1570/1569/1268
f 1570/1569/1268 1517/1516/1212 1527/1526/1223
f 1522/1521/1217 1509/1508/1204 1568/1567/1266
f 1568/1567/1266 1523/1522/1218 1522/1521/1217
f 1521/1520/1216 1517/1516/1212 1570/1569/1268
f 1570/1569/1268 1567/1566/1265 1521/1520/1216
f 1561/1560/1259 1564/1563/1262 1554/1553/1251
f 1554/1553/1251 1553/1552/1250 1561/1560/1259
f 1567/1566/1265 1570/1569/1268 1571/1570/1269
f 1571/1570/1269 1572/1571/1270 1567/1566/1265
f 1569/1568/1267 1573/1572/1271 1571/1570/1269
f 1571/1570/1269 1570/1569/1268 1569/1568/1267
f 1561/1560/1259 1515/1514/1210 1512/1511/1207
f 1512/1511/1207 1562/1561/1260 1561/1560/1259
f 1574/1573/1272 1575/1574/1273 1576/1575/1274
f 1576/1575/1274 1577/1576/1275 1574/1573/1272
f 1578/1577/1276 1574/1573/1272 1577/1576/1275
f 1577/1576/1275 1579/1578/1277 1578/1577/1276
f 1528/1527/1278 1519/1518/1279 1580/1579/1280
f 1580/1579/1280 1581/1580/1281 1528/1527/1278
f 1518/1517/1282 1578/1577/1276 1580/1579/1280
f 1580/1579/1280 1519/1518/1279 1518/1517/1282
f 1532/1531/1283 1575/1574/1273 1574/1573/1272
f 1574/1573/1272 1535/1534/1284 1532/1531/1283
f 1514/1513/1285 1582/1581/1286 1575/1574/1273
f 1575/1574/1273 1532/1531/1283 1514/1513/1285
f 1514/1513/1285 1513/1512/1287 1583/1582/1288
f 1583/1582/1288 1582/1581/1286 1514/1513/1285
f 1584/1583/1289 1580/1579/1280 1578/1577/1276
f 1578/1577/1276 1579/1578/1277 1584/1583/1289
f 1518/1517/1282 1535/1534/1284 1574/1573/1272
f 1574/1573/1272 1578/1577/1276 1518/1517/1282
f 1585/1584/1290 1586/1585/1291 1581/1580/1281
f 1581/1580/1281 1580/1579/1280 1584/1583/1289
f 1584/1583/1289 1585/1584/1290 1581/1580/1281
f 1583/1582/1288 1560/1559/1258 1587/1586/1292
f 1587/1586/1292 1588/1587/1293 1583/1582/1288
f 1575/1574/1273 1582/1581/1286 1589/1588/1294
f 1589/1588/1294 1576/1575/1274 1575/1574/1273
f 1582/1581/1286 1583/1582/1288 1588/1587/1293
f 1588/1587/1293 1589/1588/1294 1582/1581/1286
f 1559/1558/1257 1587/1586/1292 1560/1559/1258
f 1553/1552/1295 1559/1558/1257 1515/1514/1256
f 1516/1515/1255 1560/1559/1258 1583/1582/1288
f 1583/1582/1288 1513/1512/1287 1516/1515/1255
f 1528/1527/1278 1581/1580/1281 1586/1585/1291
f 1586/1585/1291 1529/1528/1296 1528/1527/1278
f 1512/1511/1207 1516/1515/1211 1513/1512/1208
f 1530/1529/1227 1495/1494/1226 1494/1493/1222
f 1494/1493/1222 1526/1525/1221 1530/1529/1227
f 1511/1510/1206 1535/1534/1232 1518/1517/1213
f 1519/1518/1214 1528/1527/1224 1517/1516/1212
f 1522/1521/1217 1494/1493/1188 1493/1492/1187
f 1493/1492/1187 1509/1508/1204 1522/1521/1217
f 1562/1561/1260 1506/1505/1200 1508/1507/1202
f 1508/1507/1202 1563/1562/1261 1562/1561/1260
f 1512/1511/1207 1506/1505/1200 1562/1561/1260
f 1590/1589/1297 1591/1590/1298 1592/1591/1299
f 1592/1591/1299 1593/1592/1300 1590/1589/1297
f 1594/1593/1301 1595/1594/1302 1596/1595/1303
f 1596/1595/1303 1597/1596/1304 1594/1593/1301
f 1598/1597/1305 1599/1598/1306 1590/1589/1297
f 1598/1597/1305 1590/1589/1297 1593/1592/1300
f 1593/1592/1300 1600/1599/1307 1598/1597/1305
f 1601/1600/1308 1595/1594/1302 1594/1593/1301
f 1594/1593/1301 1602/1601/1309 1601/1600/1308
f 1603/1602/1310 1604/1603/1311 1594/1593/1301
f 1594/1593/1301 1597/1596/1304 1603/1602/1310
f 1602/1601/1309 1594/1593/1301 1604/1603/1311
f 1604/1603/1311 1605/1604/1312 1602/1601/1309
f 1593/1592/1300 1592/1591/1313 1596/1595/1303
f 1596/1595/1303 1595/1594/1302 1593/1592/1300
f 1600/1599/1307 1593/1592/1300 1595/1594/1302
f 1595/1594/1302 1601/1600/1308 1600/1599/1307
f 1596/1595/1303 1592/1591/1313 1606/1605/1314
f 1606/1605/1314 1607/1606/1315 1596/1595/1303
f 1608/1607/1316 1609/1608/1317 1610/1609/1318
f 1610/1609/1318 1611/1610/1319 1608/1607/1316
f 1609/1608/1317 1612/1611/1320 1613/1612/1321
f 1614/1613/1322 1610/1609/1318 1615/1614/1323
f 1615/1614/1323 1616/1615/1324 1614/1613/1322
f 1597/1596/1304 1596/1595/1303 1607/1606/1315
f 1607/1606/1315 1617/1616/1325 1597/1596/1304
f 1603/1602/1310 1597/1596/1304 1617/1616/1325
f 1617/1616/1325 1618/1617/1326 1603/1602/1310
f 1615/1614/1323 1610/1609/1318 1603/1602/1310
f 1603/1602/1310 1618/1617/1326 1615/1614/1323
f 1524/1523/1219 1619/1618/1327 1620/1619/1328
f 1620/1619/1328 1525/1524/1220 1524/1523/1219
f 1591/1590/1329 1526/1525/1221 1525/1524/1220
f 1525/1524/1220 1620/1619/1328 1591/1590/1329
f 1621/1620/1330 1615/1614/1323 1622/1621/1331
f 1622/1621/1331 1623/1622/1332 1621/1620/1330
f 1624/1623/1227 1590/1589/1333 1599/1598/1306
f 1599/1598/1306 1625/1624/1228 1624/1623/1227
f 1610/1609/1318 1626/1625/1334 1611/1610/1319
f 1609/1608/1317 1604/1603/1311 1603/1602/1310
f 1603/1602/1310 1610/1609/1318 1609/1608/1317
f 1599/1598/1306 1627/1626/1335 1628/1627/1230
f 1628/1627/1230 1625/1624/1228 1599/1598/1306
f 1610/1609/1318 1629/1628/1336 1626/1625/1334
f 1630/1629/1337 1631/1630/1338 1632/1631/1339
f 1599/1598/1306 1598/1597/1305 1633/1632/1340
f 1634/1633/1341 1635/1634/1342 1636/1635/1343
f 1636/1635/1343 1637/1636/1344 1634/1633/1341
f 1638/1637/1345 1639/1638/1346 1640/1639/1347
f 1640/1639/1347 1641/1640/1348 1638/1637/1345
f 1642/1641/1349 1643/1642/1350 1644/1643/1351
f 1644/1643/1351 1645/1644/1352 1642/1641/1349
f 1635/1634/1342 1642/1641/1349 1645/1644/1352
f 1645/1644/1352 1636/1635/1343 1635/1634/1342
f 1643/1642/1350 1638/1637/1345 1641/1640/1348
f 1641/1640/1348 1644/1643/1351 1643/1642/1350
f 1632/1631/1339 1634/1633/1341 1637/1636/1344
f 1637/1636/1344 1646/1645/1353 1632/1631/1339
f 1639/1638/1346 1647/1646/1354 1648/1647/1355
f 1648/1647/1355 1640/1639/1347 1639/1638/1346
f 1632/1631/1339 1646/1645/1353 1630/1629/1337
f 1649/1648/1356 1650/1649/1357 1631/1630/1338
f 1631/1630/1338 1630/1629/1337 1649/1648/1356
f 1651/1650/1254 1652/1651/1254 1650/1649/1357
f 1650/1649/1357 1649/1648/1356 1651/1650/1254
f 1633/1632/1340 1627/1626/1335 1599/1598/1306
f 1653/1652/1358 1613/1612/1359 1612/1611/1360
f 1612/1611/1360 1654/1653/1361 1653/1652/1358
f 1613/1612/1321 1648/1647/1355 1655/1654/1362
f 1656/1655/1363 1657/1656/1364 1658/1657/1365
f 1658/1657/1365 1655/1654/1362 1656/1655/1363
f 1659/1658/1366 1617/1616/1325 1607/1606/1315
f 1607/1606/1315 1660/1659/1367 1659/1658/1366
f 1661/1660/1368 1618/1617/1326 1617/1616/1325
f 1617/1616/1325 1659/1658/1366 1661/1660/1368
f 1660/1659/1367 1607/1606/1315 1606/1605/1314
f 1606/1605/1314 1662/1661/1369 1660/1659/1367
f 1663/1662/1370 1664/1663/1371 1622/1621/1331
f 1622/1621/1331 1615/1614/1323 1663/1662/1370
f 1662/1661/1369 1606/1605/1314 1620/1619/1328
f 1620/1619/1328 1619/1618/1327 1662/1661/1369
f 1663/1662/1370 1615/1614/1323 1618/1617/1326
f 1618/1617/1326 1661/1660/1368 1663/1662/1370
f 1647/1646/1354 1656/1655/1363 1655/1654/1362
f 1655/1654/1362 1648/1647/1355 1647/1646/1354
f 1665/1664/1372 1663/1662/1370 1661/1660/1368
f 1661/1660/1368 1666/1665/1373 1665/1664/1372
f 1665/1664/1372 1667/1666/1374 1664/1663/1371
f 1664/1663/1371 1663/1662/1370 1665/1664/1372
f 1609/1608/1317 1613/1612/1321 1655/1654/1362
f 1655/1654/1362 1658/1657/1365 1609/1608/1317
f 1668/1667/1375 1669/1668/1376 1670/1669/1377
f 1670/1669/1377 1671/1670/1378 1668/1667/1375
f 1671/1670/1378 1670/1669/1377 1672/1671/1379
f 1672/1671/1379 1673/1672/1380 1671/1670/1378
f 1674/1673/1381 1616/1615/1382 1621/1620/1383
f 1621/1620/1383 1675/1674/1384 1674/1673/1381
f 1674/1673/1381 1672/1671/1379 1614/1613/1385
f 1614/1613/1385 1616/1615/1382 1674/1673/1381
f 1670/1669/1377 1669/1668/1376 1626/1625/1386
f 1626/1625/1386 1629/1628/1387 1670/1669/1377
f 1669/1668/1376 1676/1675/1388 1611/1610/1389
f 1611/1610/1389 1626/1625/1386 1669/1668/1376
f 1677/1676/1390 1608/1607/1391 1611/1610/1389
f 1611/1610/1389 1676/1675/1388 1677/1676/1390
f 1672/1671/1379 1674/1673/1381 1678/1677/1392
f 1678/1677/1392 1673/1672/1380 1672/1671/1379
f 1670/1669/1377 1629/1628/1387 1614/1613/1385
f 1614/1613/1385 1672/1671/1379 1670/1669/1377
f 1679/1678/1393 1675/1674/1384 1680/1679/1394
f 1678/1677/1392 1674/1673/1381 1675/1674/1384
f 1675/1674/1384 1679/1678/1393 1678/1677/1392
f 1681/1680/1395 1654/1653/1361 1677/1676/1390
f 1677/1676/1390 1682/1681/1396 1681/1680/1395
f 1683/1682/1397 1676/1675/1388 1669/1668/1376
f 1669/1668/1376 1668/1667/1375 1683/1682/1397
f 1682/1681/1396 1677/1676/1390 1676/1675/1388
f 1676/1675/1388 1683/1682/1397 1682/1681/1396
f 1653/1652/1358 1654/1653/1361 1681/1680/1395
f 1648/1647/1398 1613/1612/1359 1653/1652/1358
f 1677/1676/1390 1654/1653/1361 1612/1611/1360
f 1612/1611/1360 1608/1607/1391 1677/1676/1390
f 1680/1679/1394 1675/1674/1384 1621/1620/1383
f 1621/1620/1383 1623/1622/1399 1680/1679/1394
f 1609/1608/1317 1608/1607/1316 1612/1611/1320
f 1591/1590/1329 1590/1589/1333 1624/1623/1227
f 1624/1623/1227 1526/1525/1221 1591/1590/1329
f 1610/1609/1318 1614/1613/1322 1629/1628/1336
f 1616/1615/1324 1615/1614/1323 1621/1620/1330
f 1592/1591/1299 1591/1590/1298 1620/1619/1328
f 1620/1619/1328 1606/1605/1314 1592/1591/1299
f 1605/1604/1312 1604/1603/1311 1658/1657/1365
f 1658/1657/1365 1657/1656/1364 1605/1604/1312
f 1609/1608/1317 1658/1657/1365 1604/1603/1311
f 1684/1683/1400 1685/1684/1401 1686/1685/1402
f 1686/1685/1402 1687/1686/1403 1684/1683/1400
f 1685/1684/1401 1688/1687/1368 1689/1688/1366
f 1689/1688/1366 1686/1685/1402 1685/1684/1401
f 1690/1689/1404 1691/1690/1405 1692/1691/1406
f 1692/1691/1406 1693/1692/1407 1690/1689/1404
f 1694/1693/1408 1695/1694/1409 1696/1695/1410
f 1696/1695/1410 1697/1696/1411 1694/1693/1408
f 1698/1697/1412 1699/1698/1413 1700/1699/1414
f 1700/1699/1414 1701/1700/1415 1698/1697/1412
f 1702/1701/1416 1703/1702/1417 1704/1703/1418
f 1704/1703/1418 1705/1704/1419 1702/1701/1416
f 1700/1699/1414 1706/1705/1420 1707/1706/1421
f 1707/1706/1421 1708/1707/1422 1700/1699/1414
f 1708/1707/1422 1709/1708/1423 1701/1700/1415
f 1701/1700/1415 1700/1699/1414 1708/1707/1422
f 1710/1709/1424 1711/1710/1425 1712/1711/1426
f 1710/1709/1424 1712/1711/1426 1713/1712/1426
f 1713/1712/1426 1714/1713/1427 1710/1709/1424
f 1711/1710/1428 1715/1714/1429 1716/1715/1430
f 1716/1715/1430 1717/1716/1431 1711/1710/1428
f 1704/1703/1418 1718/1717/1432 1719/1718/1433
f 1719/1718/1433 1705/1704/1419 1704/1703/1418
f 1715/1714/1429 1720/1719/1434 1721/1720/1434
f 1721/1720/1434 1716/1715/1430 1715/1714/1429
f 1722/1721/1435 1723/1722/1436 1724/1723/1437
f 1724/1723/1437 1725/1724/1438 1722/1721/1435
f 1726/1725/1439 1727/1726/1440 1728/1727/1441
f 1728/1727/1441 1725/1724/1442 1726/1725/1439
f 1729/1728/1443 1730/1729/1444 1731/1730/1445
f 1731/1730/1445 1732/1731/1443 1729/1728/1443
f 1733/1732/1446 1734/1733/1447 1735/1734/1448
f 1735/1734/1448 1736/1735/1449 1733/1732/1446
f 1737/1736/1450 1738/1737/1451 1739/1738/1452
f 1739/1738/1452 1740/1739/1453 1737/1736/1450
f 1693/1692/1407 1692/1691/1406 1741/1740/1454
f 1741/1740/1454 1742/1741/1455 1693/1692/1407
f 1743/1742/1456 1740/1739/1453 1739/1738/1452
f 1744/1743/1457 1745/1744/1458 1746/1745/1459
f 1746/1745/1459 1747/1746/1460 1744/1743/1457
f 1748/1747/1461 1741/1740/1462 1749/1748/1463
f 1749/1748/1463 1750/1749/1464 1748/1747/1461
f 1719/1718/1433 1693/1692/1407 1742/1741/1455
f 1742/1741/1455 1705/1704/1419 1719/1718/1433
f 1751/1750/1465 1752/1751/1466 1753/1752/1467
f 1753/1752/1467 1754/1753/1468 1751/1750/1465
f 1755/1754/1469 1756/1755/1470 1757/1756/1471
f 1757/1756/1471 1758/1757/1472 1755/1754/1469
f 1759/1758/1473 1740/1739/1453 1743/1742/1456
f 1743/1742/1456 1756/1755/1470 1759/1758/1473
f 1728/1727/1474 1760/1759/1475 1761/1760/1476
f 1761/1760/1476 1762/1761/1477 1728/1727/1474
f 1763/1762/1478 1764/1763/1479 1754/1753/1468
f 1754/1753/1468 1765/1764/1480 1763/1762/1478
f 1753/1752/1467 1766/1765/1481 1767/1766/1482
f 1768/1767/1483 1769/1768/1484 1770/1769/1485
f 1770/1769/1485 1771/1770/1486 1768/1767/1483
f 1762/1761/1487 1722/1721/1488 1725/1724/1442
f 1725/1724/1442 1728/1727/1441 1762/1761/1487
f 1772/1771/1489 1773/1772/1490 1743/1742/1456
f 1743/1742/1456 1774/1773/1491 1772/1771/1489
f 1755/1754/1469 1744/1743/1457 1747/1746/1460
f 1747/1746/1460 1756/1755/1470 1755/1754/1469
f 1747/1746/1460 1746/1745/1459 1775/1774/1492
f 1775/1774/1492 1776/1775/1493 1747/1746/1460
f 1777/1776/1494 1778/1777/1495 1779/1778/1496
f 1764/1763/1479 1780/1779/1497 1751/1750/1465
f 1751/1750/1465 1754/1753/1468 1764/1763/1479
f 1781/1780/1498 1782/1781/1499 1777/1776/1494
f 1777/1776/1494 1779/1778/1496 1781/1780/1498
f 1756/1755/1470 1743/1742/1456 1773/1772/1490
f 1773/1772/1490 1757/1756/1471 1756/1755/1470
f 1783/1782/1500 1774/1773/1491 1743/1742/1456
f 1743/1742/1456 1739/1738/1452 1783/1782/1500
f 1738/1737/1451 1784/1783/1501 1785/1784/1502
f 1785/1784/1502 1786/1785/1503 1738/1737/1451
f 1784/1783/1501 1787/1786/1504 1788/1787/1505
f 1773/1772/1490 1772/1771/1489 1789/1788/1506
f 1714/1713/1427 1790/1789/1507 1791/1790/1508
f 1791/1790/1508 1710/1709/1424 1714/1713/1427
f 1792/1791/1509 1684/1683/1400 1687/1686/1403
f 1792/1791/1509 1687/1686/1403 1707/1706/1421
f 1707/1706/1421 1706/1705/1420 1792/1791/1509
f 1699/1698/1413 1791/1790/1508 1706/1705/1420
f 1706/1705/1420 1700/1699/1414 1699/1698/1413
f 1793/1792/1510 1710/1709/1424 1791/1790/1508
f 1791/1790/1508 1699/1698/1413 1793/1792/1510
f 1790/1789/1507 1792/1791/1509 1706/1705/1420
f 1706/1705/1420 1791/1790/1508 1790/1789/1507
f 1794/1793/1511 1795/1794/1512 1796/1795/1513
f 1796/1795/1513 1797/1796/1514 1794/1793/1511
f 1750/1749/1464 1798/1797/1515 1799/1798/1516
f 1799/1798/1516 1748/1747/1461 1750/1749/1464
f 1745/1744/1458 1800/1799/1517 1801/1800/1518
f 1801/1800/1518 1746/1745/1459 1745/1744/1458
f 1800/1799/1517 1802/1801/1519 1803/1802/1520
f 1803/1802/1520 1801/1800/1518 1800/1799/1517
f 1746/1745/1459 1801/1800/1518 1760/1759/1521
f 1760/1759/1521 1775/1774/1492 1746/1745/1459
f 1803/1802/1520 1804/1803/1522 1761/1760/1523
f 1717/1716/1431 1733/1732/1446 1805/1804/1524
f 1805/1804/1524 1803/1802/1525 1717/1716/1431
f 1806/1805/1526 1738/1737/1451 1786/1785/1503
f 1785/1784/1502 1784/1783/1501 1788/1787/1505
f 1807/1806/1527 1738/1737/1451 1808/1807/1528
f 1738/1737/1451 1806/1805/1526 1808/1807/1528
f 1781/1780/1498 1787/1786/1504 1784/1783/1501
f 1784/1783/1501 1782/1781/1499 1781/1780/1498
f 1739/1738/1452 1738/1737/1451 1807/1806/1527
f 1807/1806/1527 1783/1782/1500 1739/1738/1452
f 1809/1808/1529 1684/1683/1400 1792/1791/1509
f 1792/1791/1509 1810/1809/1530 1809/1808/1529
f 1790/1789/1507 1714/1713/1427 1811/1810/1531
f 1812/1811/1373 1688/1687/1368 1685/1684/1401
f 1685/1684/1401 1813/1812/1532 1812/1811/1373
f 1813/1812/1532 1685/1684/1401 1684/1683/1400
f 1684/1683/1400 1809/1808/1529 1813/1812/1532
f 1810/1809/1530 1792/1791/1509 1790/1789/1507
f 1790/1789/1507 1811/1810/1531 1810/1809/1530
f 1814/1813/1533 1815/1814/1534 1816/1815/1535
f 1816/1815/1535 1817/1816/1536 1814/1813/1533
f 1818/1817/1537 1807/1806/1538 1808/1807/1539
f 1808/1807/1539 1819/1818/1540 1818/1817/1537
f 1820/1819/1541 1821/1820/1542 1822/1821/1543
f 1822/1821/1543 1823/1822/1544 1820/1819/1541
f 1824/1823/1545 1785/1784/1546 1788/1787/1547
f 1788/1787/1547 1825/1824/1548 1824/1823/1545
f 1826/1825/1549 1806/1805/1550 1786/1785/1551
f 1786/1785/1551 1827/1826/1552 1826/1825/1549
f 1828/1827/1553 1829/1828/1554 1830/1829/1555
f 1830/1829/1555 1831/1830/1556 1828/1827/1553
f 1832/1831/1557 1779/1778/1558 1778/1777/1559
f 1778/1777/1559 1833/1832/1560 1832/1831/1557
f 1831/1830/1561 1830/1829/1562 1789/1788/1563
f 1831/1830/1561 1789/1788/1563 1834/1833/1561
f 1834/1833/1561 1835/1834/1561 1831/1830/1561
f 1836/1835/1564 1837/1836/1565 1838/1837/1566
f 1838/1837/1566 1839/1838/1567 1836/1835/1564
f 1840/1839/1568 1841/1840/1569 1842/1841/1570
f 1842/1841/1570 1843/1842/1571 1840/1839/1568
f 1823/1822/1544 1822/1821/1543 1844/1843/1572
f 1844/1843/1572 1845/1844/1573 1823/1822/1544
f 1839/1838/1574 1846/1845/1575 1847/1846/1576
f 1847/1846/1576 1836/1835/1577 1839/1838/1574
f 1848/1847/1578 1849/1848/1579 1829/1828/1554
f 1829/1828/1554 1828/1827/1553 1848/1847/1578
f 1850/1849/1580 1774/1773/1581 1783/1782/1582
f 1783/1782/1582 1851/1850/1583 1850/1849/1580
f 1827/1826/1552 1786/1785/1551 1785/1784/1546
f 1785/1784/1546 1824/1823/1545 1827/1826/1552
f 1817/1816/1584 1852/1851/1585 1853/1852/1586
f 1853/1852/1586 1814/1813/1587 1817/1816/1584
f 1825/1824/1548 1788/1787/1547 1787/1786/1588
f 1787/1786/1588 1854/1853/1589 1825/1824/1548
f 1831/1830/1590 1835/1834/1591 1855/1854/1592
f 1855/1854/1592 1828/1827/1593 1831/1830/1590
f 1833/1832/1594 1778/1777/1595 1821/1820/1596
f 1833/1832/1594 1821/1820/1596 1820/1819/1594
f 1820/1819/1594 1856/1855/1594 1833/1832/1594
f 1854/1853/1589 1787/1786/1588 1781/1780/1597
f 1781/1780/1597 1857/1856/1598 1854/1853/1589
f 1851/1850/1583 1783/1782/1582 1807/1806/1538
f 1807/1806/1538 1818/1817/1537 1851/1850/1583
f 1857/1856/1598 1781/1780/1597 1779/1778/1558
f 1779/1778/1558 1832/1831/1557 1857/1856/1598
f 1858/1857/1599 1859/1858/1600 1846/1845/1575
f 1846/1845/1575 1839/1838/1574 1858/1857/1599
f 1860/1859/1601 1772/1771/1602 1774/1773/1581
f 1774/1773/1581 1850/1849/1580 1860/1859/1601
f 1819/1818/1540 1808/1807/1539 1806/1805/1550
f 1806/1805/1550 1826/1825/1549 1819/1818/1540
f 1839/1838/1567 1838/1837/1566 1861/1860/1603
f 1861/1860/1603 1858/1857/1604 1839/1838/1567
f 1843/1842/1571 1842/1841/1570 1852/1851/1585
f 1852/1851/1585 1817/1816/1584 1843/1842/1571
f 1843/1842/1605 1862/1861/1606 1863/1862/1607
f 1863/1862/1607 1840/1839/1608 1843/1842/1605
f 1828/1827/1593 1855/1854/1592 1864/1863/1609
f 1864/1863/1609 1848/1847/1610 1828/1827/1593
f 1817/1816/1536 1816/1815/1535 1862/1861/1606
f 1862/1861/1606 1843/1842/1605 1817/1816/1536
f 1848/1847/1610 1864/1863/1609 1865/1864/1611
f 1865/1864/1611 1866/1865/1612 1848/1847/1610
f 1858/1857/1604 1861/1860/1603 1815/1814/1534
f 1815/1814/1534 1814/1813/1533 1858/1857/1604
f 1866/1865/1613 1867/1866/1614 1849/1848/1579
f 1849/1848/1579 1848/1847/1578 1866/1865/1613
f 1836/1835/1577 1847/1846/1576 1868/1867/1615
f 1868/1867/1615 1845/1844/1616 1836/1835/1577
f 1845/1844/1573 1844/1843/1572 1837/1836/1565
f 1837/1836/1565 1836/1835/1564 1845/1844/1573
f 1823/1822/1617 1869/1868/1618 1856/1855/1619
f 1856/1855/1619 1820/1819/1620 1823/1822/1617
f 1814/1813/1587 1853/1852/1586 1859/1858/1600
f 1859/1858/1600 1858/1857/1599 1814/1813/1587
f 1845/1844/1616 1868/1867/1615 1869/1868/1618
f 1869/1868/1618 1823/1822/1617 1845/1844/1616
f 1840/1839/1608 1863/1862/1607 1867/1866/1614
f 1867/1866/1614 1866/1865/1613 1840/1839/1608
f 1866/1865/1612 1865/1864/1611 1841/1840/1569
f 1841/1840/1569 1840/1839/1568 1866/1865/1612
f 1860/1859/1601 1855/1854/1592 1835/1834/1591
f 1835/1834/1591 1834/1833/1621 1860/1859/1601
f 1833/1832/1560 1856/1855/1619 1869/1868/1618
f 1869/1868/1618 1832/1831/1557 1833/1832/1560
f 1827/1826/1552 1853/1852/1586 1852/1851/1585
f 1852/1851/1585 1826/1825/1549 1827/1826/1552
f 1825/1824/1548 1846/1845/1575 1859/1858/1600
f 1859/1858/1600 1824/1823/1545 1825/1824/1548
f 1819/1818/1540 1842/1841/1570 1841/1840/1569
f 1841/1840/1569 1818/1817/1537 1819/1818/1540
f 1826/1825/1549 1852/1851/1585 1842/1841/1570
f 1842/1841/1570 1819/1818/1540 1826/1825/1549
f 1824/1823/1545 1859/1858/1600 1853/1852/1586
f 1853/1852/1586 1827/1826/1552 1824/1823/1545
f 1851/1850/1583 1865/1864/1611 1864/1863/1609
f 1864/1863/1609 1850/1849/1580 1851/1850/1583
f 1857/1856/1598 1868/1867/1615 1847/1846/1576
f 1847/1846/1576 1854/1853/1589 1857/1856/1598
f 1818/1817/1537 1841/1840/1569 1865/1864/1611
f 1865/1864/1611 1851/1850/1583 1818/1817/1537
f 1850/1849/1580 1864/1863/1609 1855/1854/1592
f 1855/1854/1592 1860/1859/1601 1850/1849/1580
f 1832/1831/1557 1869/1868/1618 1868/1867/1615
f 1868/1867/1615 1857/1856/1598 1832/1831/1557
f 1854/1853/1589 1847/1846/1576 1846/1845/1575
f 1846/1845/1575 1825/1824/1548 1854/1853/1589
f 1834/1833/1621 1789/1788/1622 1772/1771/1602
f 1772/1771/1602 1860/1859/1601 1834/1833/1621
f 1801/1800/1518 1803/1802/1520 1761/1760/1523
f 1761/1760/1523 1760/1759/1521 1801/1800/1518
f 1763/1762/1478 1782/1781/1499 1870/1869/1623
f 1870/1869/1623 1871/1870/1624 1763/1762/1478
f 1872/1871/1625 1764/1763/1479 1763/1762/1478
f 1763/1762/1478 1871/1870/1624 1872/1871/1625
f 1747/1746/1460 1776/1775/1493 1759/1758/1473
f 1759/1758/1473 1756/1755/1470 1747/1746/1460
f 1873/1872/1626 1874/1873/1627 1723/1722/1436
f 1723/1722/1436 1722/1721/1435 1873/1872/1626
f 1875/1874/1628 1876/1875/1629 1877/1876/1630
f 1877/1876/1630 1878/1877/1631 1875/1874/1628
f 1879/1878/1632 1880/1879/1633 1874/1873/1627
f 1874/1873/1627 1873/1872/1626 1879/1878/1632
f 1878/1877/1631 1877/1876/1630 1881/1880/1634
f 1881/1880/1634 1882/1881/1635 1878/1877/1631
f 1883/1882/1636 1884/1883/1637 1885/1884/1638
f 1885/1884/1638 1769/1768/1639 1883/1882/1636
f 1727/1726/1640 1775/1774/1641 1760/1759/1475
f 1760/1759/1475 1728/1727/1474 1727/1726/1640
f 1768/1767/1642 1872/1871/1643 1871/1870/1644
f 1871/1870/1644 1886/1885/1645 1768/1767/1642
f 1887/1886/1646 1804/1803/1647 1888/1887/1648
f 1888/1887/1648 1889/1888/1649 1887/1886/1646
f 1890/1889/1650 1891/1890/1651 1892/1891/1652
f 1892/1891/1652 1893/1892/1653 1890/1889/1650
f 1894/1893/1654 1776/1775/1655 1775/1774/1641
f 1775/1774/1641 1727/1726/1640 1894/1893/1654
f 1895/1894/1656 1759/1758/1657 1776/1775/1655
f 1776/1775/1655 1894/1893/1654 1895/1894/1656
f 1886/1885/1645 1871/1870/1644 1870/1869/1658
f 1870/1869/1658 1896/1895/1659 1886/1885/1645
f 1893/1892/1653 1892/1891/1652 1799/1798/1660
f 1799/1798/1660 1897/1896/1661 1893/1892/1653
f 1762/1761/1477 1761/1760/1476 1804/1803/1647
f 1804/1803/1647 1887/1886/1646 1762/1761/1477
f 1726/1725/1662 1898/1897/1663 1899/1898/1664
f 1899/1898/1664 1900/1899/1665 1726/1725/1662
f 1875/1874/1666 1895/1894/1667 1894/1893/1668
f 1894/1893/1668 1900/1899/1669 1875/1874/1666
f 1725/1724/1438 1724/1723/1437 1898/1897/1663
f 1898/1897/1663 1726/1725/1662 1725/1724/1438
f 1731/1730/1445 1730/1729/1444 1901/1900/1670
f 1901/1900/1670 1902/1901/1671 1731/1730/1445
f 1737/1736/1672 1903/1902/1673 1896/1895/1659
f 1896/1895/1659 1870/1869/1658 1737/1736/1672
f 1902/1901/1671 1901/1900/1670 1904/1903/1674
f 1904/1903/1674 1905/1904/1675 1902/1901/1671
f 1872/1871/1625 1906/1905/1676 1780/1779/1497
f 1780/1779/1497 1764/1763/1479 1872/1871/1625
f 1882/1881/1635 1881/1880/1634 1884/1883/1637
f 1884/1883/1637 1883/1882/1636 1882/1881/1635
f 1878/1877/1677 1903/1902/1678 1895/1894/1667
f 1895/1894/1667 1875/1874/1666 1878/1877/1677
f 1900/1899/1665 1899/1898/1664 1876/1875/1629
f 1876/1875/1629 1875/1874/1628 1900/1899/1665
f 1896/1895/1679 1903/1902/1678 1878/1877/1677
f 1878/1877/1677 1882/1881/1680 1896/1895/1679
f 1722/1721/1488 1762/1761/1487 1887/1886/1681
f 1887/1886/1681 1873/1872/1682 1722/1721/1488
f 1873/1872/1682 1887/1886/1681 1889/1888/1683
f 1889/1888/1683 1879/1878/1684 1873/1872/1682
f 1905/1904/1685 1890/1889/1686 1893/1892/1687
f 1893/1892/1687 1902/1901/1688 1905/1904/1685
f 1902/1901/1688 1893/1892/1687 1897/1896/1689
f 1897/1896/1689 1731/1730/1690 1902/1901/1688
f 1769/1768/1484 1768/1767/1483 1886/1885/1691
f 1886/1885/1691 1883/1882/1692 1769/1768/1484
f 1883/1882/1692 1886/1885/1691 1896/1895/1679
f 1896/1895/1679 1882/1881/1680 1883/1882/1692
f 1900/1899/1669 1894/1893/1668 1727/1726/1440
f 1727/1726/1440 1726/1725/1439 1900/1899/1669
f 1903/1902/1673 1740/1739/1693 1759/1758/1657
f 1759/1758/1657 1895/1894/1656 1903/1902/1673
f 1897/1896/1689 1907/1906/1694 1732/1731/1695
f 1732/1731/1695 1731/1730/1690 1897/1896/1689
f 1769/1768/1639 1885/1884/1638 1908/1907/1696
f 1908/1907/1696 1770/1769/1696 1769/1768/1639
f 1770/1769/1696 1908/1907/1696 1729/1728/1443
f 1729/1728/1443 1732/1731/1443 1770/1769/1696
f 1798/1797/1697 1906/1905/1698 1771/1770/1699
f 1771/1770/1699 1907/1906/1700 1798/1797/1697
f 1733/1732/1446 1736/1735/1449 1909/1908/1701
f 1909/1908/1701 1805/1804/1524 1733/1732/1446
f 1750/1749/1464 1780/1779/1497 1906/1905/1676
f 1906/1905/1676 1798/1797/1515 1750/1749/1464
f 1729/1728/1702 1724/1723/1703 1723/1722/1704
f 1723/1722/1704 1730/1729/1705 1729/1728/1702
f 1885/1884/1706 1884/1883/1707 1876/1875/1708
f 1876/1875/1708 1899/1898/1709 1885/1884/1706
f 1899/1898/1709 1898/1897/1710 1908/1907/1711
f 1908/1907/1711 1885/1884/1706 1899/1898/1709
f 1898/1897/1710 1724/1723/1703 1729/1728/1702
f 1729/1728/1702 1908/1907/1711 1898/1897/1710
f 1907/1906/1694 1771/1770/1486 1770/1769/1485
f 1770/1769/1485 1732/1731/1695 1907/1906/1694
f 1723/1722/1704 1874/1873/1712 1901/1900/1713
f 1901/1900/1713 1730/1729/1705 1723/1722/1704
f 1874/1873/1712 1880/1879/1714 1904/1903/1714
f 1904/1903/1714 1901/1900/1713 1874/1873/1712
f 1889/1888/1683 1890/1889/1686 1905/1904/1685
f 1905/1904/1685 1879/1878/1684 1889/1888/1683
f 1905/1904/1675 1904/1903/1674 1880/1879/1633
f 1880/1879/1633 1879/1878/1632 1905/1904/1675
f 1909/1908/1715 1888/1887/1716 1804/1803/1522
f 1804/1803/1522 1805/1804/1717 1909/1908/1715
f 1892/1891/1718 1891/1890/1719 1703/1702/1720
f 1703/1702/1720 1702/1701/1721 1892/1891/1718
f 1705/1704/1419 1748/1747/1722 1702/1701/1416
f 1736/1735/1449 1735/1734/1448 1718/1717/1432
f 1718/1717/1432 1704/1703/1418 1736/1735/1449
f 1876/1875/1708 1884/1883/1707 1881/1880/1723
f 1881/1880/1723 1877/1876/1723 1876/1875/1708
f 1703/1702/1417 1909/1908/1701 1736/1735/1449
f 1736/1735/1449 1704/1703/1418 1703/1702/1417
f 1889/1888/1649 1888/1887/1648 1891/1890/1651
f 1891/1890/1651 1890/1889/1650 1889/1888/1649
f 1804/1803/1522 1803/1802/1520 1805/1804/1717
f 1717/1716/1431 1716/1715/1724 1734/1733/1447
f 1734/1733/1447 1733/1732/1446 1717/1716/1431
f 1910/1909/1725 1911/1910/1725 1912/1911/1726
f 1910/1909/1725 1912/1911/1726 1913/1912/1727
f 1910/1909/1725 1913/1912/1727 1794/1793/1728
f 1888/1887/1716 1909/1908/1715 1703/1702/1720
f 1703/1702/1720 1891/1890/1719 1888/1887/1716
f 1694/1693/1729 1914/1913/1729 1915/1914/1730
f 1915/1914/1730 1916/1915/1731 1694/1693/1729
f 1917/1916/1732 1918/1917/1733 1919/1918/1734
f 1919/1918/1734 1920/1919/1734 1917/1916/1732
f 1697/1696/1735 1921/1920/1736 1922/1921/1736
f 1922/1921/1736 1923/1922/1737 1697/1696/1735
f 1916/1915/1731 1915/1914/1730 1924/1923/1738
f 1924/1923/1738 1925/1924/1739 1916/1915/1731
f 1926/1925/1740 1707/1706/1740 1687/1686/1741
f 1687/1686/1741 1927/1926/1742 1926/1925/1740
f 1695/1694/1743 1689/1688/1743 1928/1927/1744
f 1928/1927/1744 1696/1695/1745 1695/1694/1743
f 1696/1695/1745 1928/1927/1744 1929/1928/1746
f 1929/1928/1746 1930/1929/1746 1696/1695/1745
f 1931/1930/1747 1686/1685/1748 1689/1688/1749
f 1689/1688/1749 1695/1694/1749 1931/1930/1747
f 1927/1926/1742 1687/1686/1741 1686/1685/1748
f 1686/1685/1748 1931/1930/1747 1927/1926/1742
f 1932/1931/1750 1933/1932/1751 1934/1933/1752
f 1934/1933/1752 1935/1934/1753 1932/1931/1750
f 1936/1935/1754 1937/1936/1754 1918/1917/1733
f 1918/1917/1733 1917/1916/1732 1936/1935/1754
f 1938/1937/1755 1708/1707/1756 1707/1706/1757
f 1707/1706/1757 1926/1925/1757 1938/1937/1755
f 1925/1924/1739 1924/1923/1738 1937/1936/1758
f 1937/1936/1758 1936/1935/1758 1925/1924/1739
f 1919/1918/1759 1918/1917/1760 1933/1932/1751
f 1933/1932/1751 1932/1931/1750 1919/1918/1759
f 1697/1696/1735 1923/1922/1737 1914/1913/1761
f 1914/1913/1761 1694/1693/1761 1697/1696/1735
f 1939/1938/1762 1709/1708/1762 1708/1707/1756
f 1708/1707/1756 1938/1937/1755 1939/1938/1762
f 1917/1916/1763 1938/1937/1764 1926/1925/1765
f 1926/1925/1765 1936/1935/1766 1917/1916/1763
f 1697/1696/1411 1696/1695/1410 1930/1929/1767
f 1930/1929/1767 1921/1920/1767 1697/1696/1411
f 1925/1924/1768 1927/1926/1769 1931/1930/1770
f 1931/1930/1770 1916/1915/1771 1925/1924/1768
f 1916/1915/1771 1931/1930/1770 1695/1694/1409
f 1695/1694/1409 1694/1693/1408 1916/1915/1771
f 1936/1935/1766 1926/1925/1765 1927/1926/1769
f 1927/1926/1769 1925/1924/1768 1936/1935/1766
f 1939/1938/1772 1938/1937/1764 1917/1916/1763
f 1917/1916/1763 1920/1919/1772 1939/1938/1772
f 1940/1939/1773 1796/1795/1513 1941/1940/1774
f 1941/1940/1774 1698/1697/1412 1940/1939/1773
f 1933/1932/1751 1924/1923/1775 1915/1914/1776
f 1915/1914/1776 1934/1933/1752 1933/1932/1751
f 1918/1917/1760 1937/1936/1777 1924/1923/1775
f 1924/1923/1775 1933/1932/1751 1918/1917/1760
f 1741/1740/1454 1748/1747/1722 1705/1704/1419
f 1705/1704/1419 1742/1741/1455 1741/1740/1454
f 1914/1913/1778 1923/1922/1779 1934/1933/1752
f 1934/1933/1752 1915/1914/1776 1914/1913/1778
f 1935/1934/1753 1934/1933/1752 1923/1922/1779
f 1923/1922/1779 1922/1921/1780 1935/1934/1753
f 1749/1748/1463 1751/1750/1465 1780/1779/1497
f 1780/1779/1497 1750/1749/1464 1749/1748/1463
f 1749/1748/1463 1741/1740/1462 1942/1941/1781
f 1942/1941/1781 1943/1942/1782 1749/1748/1463
f 1897/1896/1661 1799/1798/1660 1798/1797/1697
f 1798/1797/1697 1907/1906/1700 1897/1896/1661
f 1741/1740/1462 1944/1943/1783 1942/1941/1781
f 1741/1740/1462 1692/1691/1784 1945/1944/1785
f 1946/1945/1786 1947/1946/1787 1948/1947/1788
f 1948/1947/1788 1949/1948/1786 1946/1945/1786
f 1945/1944/1785 1950/1949/1789 1944/1943/1783
f 1944/1943/1783 1741/1740/1462 1945/1944/1785
f 1765/1764/1480 1754/1753/1468 1753/1752/1467
f 1753/1752/1467 1767/1766/1482 1765/1764/1480
f 1943/1942/1782 1752/1751/1466 1751/1750/1465
f 1751/1750/1465 1749/1748/1463 1943/1942/1782
f 1690/1689/1404 1693/1692/1407 1719/1718/1433
f 1719/1718/1433 1951/1950/1790 1690/1689/1404
f 1735/1734/1448 1952/1951/1791 1953/1952/1792
f 1953/1952/1792 1718/1717/1432 1735/1734/1448
f 1716/1715/1724 1721/1720/1793 1954/1953/1793
f 1954/1953/1793 1734/1733/1447 1716/1715/1724
f 1951/1950/1790 1719/1718/1433 1718/1717/1432
f 1718/1717/1432 1953/1952/1792 1951/1950/1790
f 1952/1951/1791 1735/1734/1448 1734/1733/1447
f 1734/1733/1447 1954/1953/1793 1952/1951/1791
f 1945/1944/1785 1692/1691/1784 1691/1690/1794
f 1945/1944/1785 1691/1690/1794 1955/1954/1794
f 1955/1954/1794 1950/1949/1789 1945/1944/1785
f 1771/1770/1699 1906/1905/1698 1872/1871/1643
f 1872/1871/1643 1768/1767/1642 1771/1770/1699
f 1947/1946/1787 1956/1955/1795 1957/1956/1796
f 1957/1956/1796 1948/1947/1788 1947/1946/1787
f 1956/1955/1795 1767/1766/1482 1766/1765/1481
f 1766/1765/1481 1957/1956/1796 1956/1955/1795
f 1740/1739/1693 1903/1902/1673 1737/1736/1672
f 1870/1869/1623 1784/1783/1501 1738/1737/1451
f 1738/1737/1451 1737/1736/1450 1870/1869/1623
f 1782/1781/1499 1784/1783/1501 1870/1869/1623
f 1958/1957/1797 1816/1815/1535 1815/1814/1534
f 1815/1814/1534 1959/1958/1798 1958/1957/1797
f 1960/1959/1799 1861/1860/1603 1838/1837/1566
f 1838/1837/1566 1961/1960/1800 1960/1959/1799
f 1962/1961/1801 1821/1820/1596 1778/1777/1595
f 1778/1777/1595 1963/1962/1801 1962/1961/1801
f 1964/1963/1802 1863/1862/1607 1862/1861/1606
f 1862/1861/1606 1965/1964/1803 1964/1963/1802
f 1965/1964/1803 1862/1861/1606 1816/1815/1535
f 1816/1815/1535 1958/1957/1797 1965/1964/1803
f 1959/1958/1798 1815/1814/1534 1861/1860/1603
f 1861/1860/1603 1960/1959/1799 1959/1958/1798
f 1966/1965/1804 1789/1788/1563 1830/1829/1562
f 1830/1829/1562 1967/1966/1804 1966/1965/1804
f 1968/1967/1805 1849/1848/1579 1867/1866/1614
f 1867/1866/1614 1969/1968/1806 1968/1967/1805
f 1970/1969/1807 1837/1836/1565 1844/1843/1572
f 1844/1843/1572 1971/1970/1808 1970/1969/1807
f 1969/1968/1806 1867/1866/1614 1863/1862/1607
f 1863/1862/1607 1964/1963/1802 1969/1968/1806
f 1972/1971/1809 1829/1828/1554 1849/1848/1579
f 1849/1848/1579 1968/1967/1805 1972/1971/1809
f 1971/1970/1808 1844/1843/1572 1822/1821/1543
f 1822/1821/1543 1973/1972/1810 1971/1970/1808
f 1961/1960/1800 1838/1837/1566 1837/1836/1565
f 1837/1836/1565 1970/1969/1807 1961/1960/1800
f 1967/1966/1811 1830/1829/1555 1829/1828/1554
f 1829/1828/1554 1972/1971/1809 1967/1966/1811
f 1973/1972/1810 1822/1821/1543 1821/1820/1542
f 1821/1820/1542 1962/1961/1812 1973/1972/1810
f 1748/1747/1461 1799/1798/1516 1892/1891/1718
f 1892/1891/1718 1702/1701/1721 1748/1747/1461
f 1974/1973/1813 1975/1974/1814 1976/1975/1815
f 1976/1975/1815 1977/1976/1816 1974/1973/1813
f 1978/1977/1263 1979/1978/1265 1975/1974/1814
f 1975/1974/1814 1974/1973/1813 1978/1977/1263
f 1980/1979/1817 1691/1690/1405 1690/1689/1404
f 1690/1689/1404 1981/1980/1818 1980/1979/1817
f 1982/1981/1819 1983/1982/1820 1984/1983/1821
f 1984/1983/1821 1985/1984/1822 1982/1981/1819
f 1986/1985/1823 1940/1939/1773 1698/1697/1412
f 1698/1697/1412 1701/1700/1415 1986/1985/1823
f 1987/1986/1824 1988/1987/1825 1989/1988/1826
f 1989/1988/1826 1990/1989/1827 1987/1986/1824
f 1991/1990/1828 1992/1991/1829 1986/1985/1823
f 1986/1985/1823 1993/1992/1830 1991/1990/1828
f 1993/1992/1830 1986/1985/1823 1701/1700/1415
f 1701/1700/1415 1709/1708/1423 1993/1992/1830
f 1910/1909/1831 1794/1793/1511 1797/1796/1514
f 1797/1796/1514 1994/1993/1832 1995/1994/1831
f 1797/1796/1514 1995/1994/1831 1910/1909/1831
f 1996/1995/1833 1795/1794/1834 1794/1793/1728
f 1794/1793/1728 1913/1912/1727 1996/1995/1833
f 1997/1996/1835 1998/1997/1836 1990/1989/1827
f 1990/1989/1827 1989/1988/1826 1997/1996/1835
f 1721/1720/1434 1720/1719/1434 1795/1794/1834
f 1795/1794/1834 1996/1995/1833 1721/1720/1434
f 1999/1998/1837 2000/1999/1838 2001/2000/1839
f 2001/2000/1839 2002/2001/1840 1999/1998/1837
f 2003/2002/1841 2004/2003/1842 2005/2004/1843
f 2005/2004/1843 2006/2005/1843 2003/2002/1841
f 2007/2006/1844 2008/2007/1845 2009/2008/1846
f 2009/2008/1846 2010/2009/1847 2007/2006/1844
f 2011/2010/1848 2012/2011/1849 2013/2012/1850
f 2013/2012/1850 2014/2013/1851 2011/2010/1848
f 2015/2014/1852 1980/1979/1817 1981/1980/1818
f 1981/1980/1818 2016/2015/1853 2015/2014/1852
f 2017/2016/1854 2011/2010/1848 2014/2013/1851
f 2018/2017/1855 2019/2018/1856 2020/2019/1857
f 2020/2019/1857 2021/2020/1858 2018/2017/1855
f 2022/2021/1859 2015/2014/1852 2023/2022/1860
f 2023/2022/1860 2024/2023/1861 2022/2021/1859
f 2016/2015/1853 1981/1980/1818 1997/1996/1835
f 1997/1996/1835 1989/1988/1826 2016/2015/1853
f 2025/2024/1862 2026/2025/1863 2027/2026/1864
f 2027/2026/1864 2028/2027/1865 2025/2024/1862
f 2029/2028/1866 2030/2029/1867 2031/2030/1868
f 2031/2030/1868 2032/2031/1869 2029/2028/1866
f 2017/2016/1854 2014/2013/1851 2033/2032/1870
f 2033/2032/1870 2030/2029/1867 2017/2016/1854
f 2034/2033/1871 2035/2034/1872 2036/2035/1873
f 2036/2035/1873 2037/2036/1874 2034/2033/1871
f 2028/2027/1865 2038/2037/1875 2039/2038/1876
f 2039/2038/1876 2040/2039/1877 2028/2027/1865
f 2025/2024/1862 2041/2040/1878 2042/2041/1879
f 2002/2001/1880 2036/2035/1881 2043/2042/1882
f 2043/2042/1882 2044/2043/1883 2002/2001/1880
f 2017/2016/1854 2045/2044/1884 2046/2045/1885
f 2046/2045/1885 2047/2046/1886 2017/2016/1854
f 2021/2020/1858 2020/2019/1857 2031/2030/1868
f 2031/2030/1868 2030/2029/1867 2021/2020/1858
f 2048/2047/1887 2018/2017/1855 2021/2020/1858
f 2021/2020/1858 2049/2048/1888 2048/2047/1887
f 2050/2049/1889 2051/2050/1890 2052/2051/1891
f 2027/2026/1864 2053/2052/1892 2038/2037/1875
f 2038/2037/1875 2028/2027/1865 2027/2026/1864
f 2050/2049/1889 2054/2053/1893 2055/2054/1894
f 2055/2054/1894 2051/2050/1890 2050/2049/1889
f 2045/2044/1884 2017/2016/1854 2030/2029/1867
f 2030/2029/1867 2029/2028/1866 2045/2044/1884
f 2017/2016/1854 2047/2046/1886 2056/2055/1895
f 2056/2055/1895 2011/2010/1848 2017/2016/1854
f 2057/2056/1896 2058/2057/1897 2012/2011/1849
f 2012/2011/1849 2059/2058/1898 2057/2056/1896
f 2058/2057/1897 2060/2059/1899 2061/2060/1900
f 2045/2044/1884 2062/2061/1901 2046/2045/1885
f 2063/2062/1902 2064/2063/1903 1994/1993/1832
f 1994/1993/1832 1797/1796/1514 2063/2062/1902
f 1977/1976/1816 1976/1975/1815 2065/2064/1904
f 1977/1976/1816 2065/2064/1904 1992/1991/1829
f 1992/1991/1829 1991/1990/1828 1977/1976/1816
f 1992/1991/1829 2063/2062/1902 1940/1939/1773
f 1940/1939/1773 1986/1985/1823 1992/1991/1829
f 2063/2062/1902 1797/1796/1514 1796/1795/1513
f 1796/1795/1513 1940/1939/1773 2063/2062/1902
f 1992/1991/1829 2065/2064/1904 2064/2063/1903
f 2064/2063/1903 2063/2062/1902 1992/1991/1829
f 2066/2065/1905 2067/2066/1906 2024/2023/1861
f 2024/2023/1861 2023/2022/1860 2066/2065/1905
f 2068/2067/1907 2069/2068/1908 2019/2018/1856
f 2019/2018/1856 2018/2017/1855 2068/2067/1907
f 1912/1911/1909 1911/1910/1910 2069/2068/1908
f 2069/2068/1908 2068/2067/1907 1912/1911/1909
f 2035/2034/1911 2068/2067/1907 2018/2017/1855
f 2018/2017/1855 2048/2047/1887 2035/2034/1911
f 1912/1911/1909 2034/2033/1912 2070/2069/1913
f 2009/2008/1846 1913/1912/1727 1912/1911/1726
f 1912/1911/1726 2071/2070/1914 2009/2008/1846
f 2072/2071/1915 2059/2058/1898 2012/2011/1849
f 2057/2056/1896 2060/2059/1899 2058/2057/1897
f 2073/2072/1916 2074/2073/1917 2012/2011/1849
f 2012/2011/1849 2074/2073/1917 2072/2071/1915
f 2058/2057/1897 2061/2060/1900 2055/2054/1894
f 2055/2054/1894 2054/2053/1893 2058/2057/1897
f 2073/2072/1916 2012/2011/1849 2011/2010/1848
f 2011/2010/1848 2056/2055/1895 2073/2072/1916
f 2065/2064/1904 1976/1975/1815 2075/2074/1918
f 2075/2074/1918 2076/2075/1919 2065/2064/1904
f 2064/2063/1903 2077/2076/1920 1994/1993/1832
f 1975/1974/1814 1979/1978/1265 2078/2077/1270
f 2078/2077/1270 2079/2078/1921 1975/1974/1814
f 1976/1975/1815 1975/1974/1814 2079/2078/1921
f 2079/2078/1921 2075/2074/1918 1976/1975/1815
f 2064/2063/1903 2065/2064/1904 2076/2075/1919
f 2076/2075/1919 2077/2076/1920 2064/2063/1903
f 2080/2079/1922 2081/2080/1923 2082/2081/1924
f 2082/2081/1924 2083/2082/1925 2080/2079/1922
f 2074/2073/1926 2073/2072/1927 2084/2083/1928
f 2084/2083/1928 2085/2084/1929 2074/2073/1926
f 2086/2085/1930 2087/2086/1931 2088/2087/1932
f 2088/2087/1932 2089/2088/1933 2086/2085/1930
f 2060/2059/1934 2057/2056/1935 2090/2089/1936
f 2090/2089/1936 2091/2090/1937 2060/2059/1934
f 2059/2058/1938 2072/2071/1939 2092/2091/1940
f 2092/2091/1940 2093/2092/1941 2059/2058/1938
f 2094/2093/1942 2095/2094/1943 2096/2095/1944
f 2096/2095/1944 2097/2096/1945 2094/2093/1942
f 2052/2051/1946 2051/2050/1947 2098/2097/1948
f 2098/2097/1948 2099/2098/1949 2052/2051/1946
f 2062/2061/1950 2094/2093/1951 2097/2096/1952
f 2062/2061/1950 2097/2096/1952 2100/2099/1952
f 2100/2099/1952 2101/2100/1952 2062/2061/1950
f 2102/2101/1953 2103/2102/1954 2104/2103/1955
f 2104/2103/1955 2105/2104/1956 2102/2101/1953
f 2106/2105/1957 2107/2106/1958 2108/2107/1959
f 2108/2107/1959 2109/2108/1960 2106/2105/1957
f 2110/2109/1961 2086/2085/1930 2089/2088/1933
f 2089/2088/1933 2111/2110/1962 2110/2109/1961
f 2112/2111/1963 2113/2112/1964 2105/2104/1965
f 2105/2104/1965 2104/2103/1966 2112/2111/1963
f 2095/2094/1943 2114/2113/1967 2115/2114/1968
f 2115/2114/1968 2096/2095/1944 2095/2094/1943
f 2056/2055/1969 2047/2046/1970 2116/2115/1971
f 2116/2115/1971 2117/2116/1972 2056/2055/1969
f 2057/2056/1935 2059/2058/1938 2093/2092/1941
f 2093/2092/1941 2090/2089/1936 2057/2056/1935
f 2118/2117/1973 2119/2118/1974 2083/2082/1975
f 2083/2082/1975 2082/2081/1976 2118/2117/1973
f 2061/2060/1977 2060/2059/1934 2091/2090/1937
f 2091/2090/1937 2120/2119/1978 2061/2060/1977
f 2121/2120/1979 2100/2099/1980 2097/2096/1981
f 2097/2096/1981 2096/2095/1982 2121/2120/1979
f 2087/2086/1983 2052/2051/1984 2099/2098/1985
f 2087/2086/1983 2099/2098/1985 2122/2121/1985
f 2122/2121/1985 2088/2087/1985 2087/2086/1983
f 2055/2054/1986 2061/2060/1977 2120/2119/1978
f 2120/2119/1978 2123/2122/1987 2055/2054/1986
f 2073/2072/1927 2056/2055/1969 2117/2116/1972
f 2117/2116/1972 2084/2083/1928 2073/2072/1927
f 2051/2050/1947 2055/2054/1986 2123/2122/1987
f 2123/2122/1987 2098/2097/1948 2051/2050/1947
f 2113/2112/1964 2124/2123/1988 2125/2124/1989
f 2125/2124/1989 2105/2104/1965 2113/2112/1964
f 2047/2046/1970 2046/2045/1990 2126/2125/1991
f 2126/2125/1991 2116/2115/1971 2047/2046/1970
f 2072/2071/1939 2074/2073/1926 2085/2084/1929
f 2085/2084/1929 2092/2091/1940 2072/2071/1939
f 2127/2126/1992 2102/2101/1953 2105/2104/1956
f 2105/2104/1956 2125/2124/1993 2127/2126/1992
f 2119/2118/1974 2106/2105/1957 2109/2108/1960
f 2109/2108/1960 2083/2082/1975 2119/2118/1974
f 2128/2127/1994 2129/2128/1995 2109/2108/1996
f 2109/2108/1996 2108/2107/1997 2128/2127/1994
f 2130/2129/1998 2121/2120/1979 2096/2095/1982
f 2096/2095/1982 2115/2114/1999 2130/2129/1998
f 2129/2128/1995 2080/2079/1922 2083/2082/1925
f 2083/2082/1925 2109/2108/1996 2129/2128/1995
f 2131/2130/2000 2130/2129/1998 2115/2114/1999
f 2115/2114/1999 2132/2131/2001 2131/2130/2000
f 2081/2080/1923 2127/2126/1992 2125/2124/1993
f 2125/2124/1993 2082/2081/1924 2081/2080/1923
f 2114/2113/1967 2133/2132/2002 2132/2131/2003
f 2132/2131/2003 2115/2114/1968 2114/2113/1967
f 2134/2133/2004 2112/2111/1963 2104/2103/1966
f 2104/2103/1966 2111/2110/2005 2134/2133/2004
f 2103/2102/1954 2110/2109/1961 2111/2110/1962
f 2111/2110/1962 2104/2103/1955 2103/2102/1954
f 2122/2121/2006 2135/2134/2007 2089/2088/2008
f 2089/2088/2008 2088/2087/2009 2122/2121/2006
f 2124/2123/1988 2118/2117/1973 2082/2081/1976
f 2082/2081/1976 2125/2124/1989 2124/2123/1988
f 2135/2134/2007 2134/2133/2004 2111/2110/2005
f 2111/2110/2005 2089/2088/2008 2135/2134/2007
f 2133/2132/2002 2128/2127/1994 2108/2107/1997
f 2108/2107/1997 2132/2131/2003 2133/2132/2002
f 2107/2106/1958 2131/2130/2000 2132/2131/2001
f 2132/2131/2001 2108/2107/1959 2107/2106/1958
f 2100/2099/1980 2121/2120/1979 2126/2125/1991
f 2126/2125/1991 2101/2100/2010 2100/2099/1980
f 2135/2134/2007 2122/2121/2006 2099/2098/1949
f 2099/2098/1949 2098/2097/1948 2135/2134/2007
f 2119/2118/1974 2118/2117/1973 2093/2092/1941
f 2093/2092/1941 2092/2091/1940 2119/2118/1974
f 2124/2123/1988 2113/2112/1964 2091/2090/1937
f 2091/2090/1937 2090/2089/1936 2124/2123/1988
f 2107/2106/1958 2106/2105/1957 2085/2084/1929
f 2085/2084/1929 2084/2083/1928 2107/2106/1958
f 2106/2105/1957 2119/2118/1974 2092/2091/1940
f 2092/2091/1940 2085/2084/1929 2106/2105/1957
f 2118/2117/1973 2124/2123/1988 2090/2089/1936
f 2090/2089/1936 2093/2092/1941 2118/2117/1973
f 2130/2129/1998 2131/2130/2000 2117/2116/1972
f 2117/2116/1972 2116/2115/1971 2130/2129/1998
f 2112/2111/1963 2134/2133/2004 2123/2122/1987
f 2123/2122/1987 2120/2119/1978 2112/2111/1963
f 2131/2130/2000 2107/2106/1958 2084/2083/1928
f 2084/2083/1928 2117/2116/1972 2131/2130/2000
f 2121/2120/1979 2130/2129/1998 2116/2115/1971
f 2116/2115/1971 2126/2125/1991 2121/2120/1979
f 2134/2133/2004 2135/2134/2007 2098/2097/1948
f 2098/2097/1948 2123/2122/1987 2134/2133/2004
f 2113/2112/1964 2112/2111/1963 2120/2119/1978
f 2120/2119/1978 2091/2090/1937 2113/2112/1964
f 2046/2045/1990 2062/2061/2011 2101/2100/2010
f 2101/2100/2010 2126/2125/1991 2046/2045/1990
f 2034/2033/1912 1912/1911/1909 2068/2067/1907
f 2068/2067/1907 2035/2034/1911 2034/2033/1912
f 2136/2135/2012 2054/2053/1893 2039/2038/1876
f 2039/2038/1876 2137/2136/2013 2136/2135/2012
f 2039/2038/1876 2038/2037/1875 2138/2137/2014
f 2138/2137/2014 2137/2136/2013 2039/2038/1876
f 2033/2032/1870 2049/2048/1888 2021/2020/1858
f 2021/2020/1858 2030/2029/1867 2033/2032/1870
f 2000/1999/1838 2139/2138/2015 2140/2139/2016
f 2140/2139/2016 2001/2000/1839 2000/1999/1838
f 2141/2140/2017 2142/2141/2018 2143/2142/2019
f 2143/2142/2019 2144/2143/2020 2141/2140/2017
f 2139/2138/2015 2145/2144/2021 2146/2145/2022
f 2146/2145/2022 2140/2139/2016 2139/2138/2015
f 2147/2146/2023 2141/2140/2017 2144/2143/2020
f 2144/2143/2020 2148/2147/2024 2147/2146/2023
f 2149/2148/2025 2150/2149/2026 2151/2150/2027
f 2151/2150/2027 2152/2151/2028 2149/2148/2025
f 2035/2034/1872 2048/2047/2029 2043/2042/2030
f 2043/2042/2030 2036/2035/1873 2035/2034/1872
f 2137/2136/2031 2138/2137/2032 2153/2152/2033
f 2153/2152/2033 2154/2153/2034 2137/2136/2031
f 2155/2154/2035 2070/2069/2036 2156/2155/2037
f 2156/2155/2037 2157/2156/2038 2155/2154/2035
f 2158/2157/2039 2159/2158/2040 2160/2159/2041
f 2160/2159/2041 2161/2160/2042 2158/2157/2039
f 2048/2047/2029 2049/2048/2043 2162/2161/2044
f 2162/2161/2044 2043/2042/2030 2048/2047/2029
f 2049/2048/2043 2033/2032/2045 2163/2162/2046
f 2163/2162/2046 2162/2161/2044 2049/2048/2043
f 2136/2135/2047 2137/2136/2031 2154/2153/2034
f 2154/2153/2034 2164/2163/2048 2136/2135/2047
f 2066/2065/2049 2158/2157/2039 2161/2160/2042
f 2161/2160/2042 2165/2164/2050 2066/2065/2049
f 2070/2069/2036 2034/2033/1871 2037/2036/1874
f 2037/2036/1874 2156/2155/2037 2070/2069/2036
f 2166/2165/2051 2167/2166/2052 2044/2043/2053
f 2044/2043/2053 2168/2167/2054 2166/2165/2051
f 2167/2166/2052 1999/1998/1837 2002/2001/1840
f 2002/2001/1840 2044/2043/2053 2167/2166/2052
f 2169/2168/2055 2004/2003/1842 2003/2002/1841
f 2003/2002/1841 2170/2169/2056 2169/2168/2055
f 2164/2163/2048 2171/2170/2057 2013/2012/2058
f 2013/2012/2058 2136/2135/2047 2164/2163/2048
f 2172/2171/2059 2169/2168/2055 2170/2169/2056
f 2170/2169/2056 2173/2172/2060 2172/2171/2059
f 2053/2052/1892 2174/2173/2061 2138/2137/2014
f 2138/2137/2014 2038/2037/1875 2053/2052/1892
f 2150/2149/2026 2147/2146/2023 2148/2147/2024
f 2148/2147/2024 2151/2150/2027 2150/2149/2026
f 2142/2141/2018 2166/2165/2051 2168/2167/2054
f 2168/2167/2054 2143/2142/2019 2142/2141/2018
f 2171/2170/2062 2164/2163/2063 2148/2147/2064
f 2148/2147/2064 2144/2143/2065 2171/2170/2062
f 2001/2000/2066 2037/2036/2067 2036/2035/1881
f 2036/2035/1881 2002/2001/1880 2001/2000/2066
f 2140/2139/2068 2156/2155/2069 2037/2036/2067
f 2037/2036/2067 2001/2000/2066 2140/2139/2068
f 2146/2145/2070 2157/2156/2071 2156/2155/2069
f 2156/2155/2069 2140/2139/2068 2146/2145/2070
f 2170/2169/2072 2161/2160/2073 2160/2159/2074
f 2160/2159/2074 2173/2172/2075 2170/2169/2072
f 2003/2002/2076 2165/2164/2077 2161/2160/2073
f 2161/2160/2073 2170/2169/2072 2003/2002/2076
f 2151/2150/2078 2154/2153/2079 2153/2152/2080
f 2153/2152/2080 2152/2151/2081 2151/2150/2078
f 2148/2147/2064 2164/2163/2063 2154/2153/2079
f 2154/2153/2079 2151/2150/2078 2148/2147/2064
f 2152/2151/2081 2153/2152/2080 2175/2174/2082
f 2175/2174/2082 2176/2175/2083 2152/2151/2081
f 2044/2043/1883 2043/2042/1882 2162/2161/2084
f 2162/2161/2084 2168/2167/2085 2044/2043/1883
f 2177/2176/2086 2165/2164/2077 2003/2002/2076
f 2003/2002/2076 2006/2005/2087 2177/2176/2086
f 2033/2032/2045 2014/2013/2088 2171/2170/2057
f 2171/2170/2057 2163/2162/2046 2033/2032/2045
f 2168/2167/2085 2162/2161/2084 2163/2162/2089
f 2163/2162/2089 2143/2142/2090 2168/2167/2085
f 2160/2159/2074 2157/2156/2071 2146/2145/2070
f 2146/2145/2070 2173/2172/2075 2160/2159/2074
f 2178/2177/2091 2149/2148/2025 2152/2151/2028
f 2152/2151/2028 2176/2175/2091 2178/2177/2091
f 2005/2004/1843 2178/2177/2091 2176/2175/2091
f 2176/2175/2091 2006/2005/1843 2005/2004/1843
f 2175/2174/2092 2174/2173/2093 2067/2066/2094
f 2067/2066/2094 2177/2176/2095 2175/2174/2092
f 2010/2009/1847 2009/2008/1846 2071/2070/1914
f 2071/2070/1914 2179/2178/2096 2010/2009/1847
f 2174/2173/2061 2053/2052/1892 2024/2023/1861
f 2024/2023/1861 2067/2066/1906 2174/2173/2061
f 2000/1999/2097 1999/1998/2098 2005/2004/2099
f 2005/2004/2099 2004/2003/2100 2000/1999/2097
f 2142/2141/2101 2150/2149/2102 2149/2148/2103
f 2149/2148/2103 2166/2165/2104 2142/2141/2101
f 2178/2177/2105 2167/2166/2106 2166/2165/2104
f 2166/2165/2104 2149/2148/2103 2178/2177/2105
f 2005/2004/2099 1999/1998/2098 2167/2166/2106
f 2167/2166/2106 2178/2177/2105 2005/2004/2099
f 2175/2174/2082 2177/2176/2086 2006/2005/2087
f 2006/2005/2087 2176/2175/2083 2175/2174/2082
f 2169/2168/2107 2139/2138/2108 2000/1999/2097
f 2000/1999/2097 2004/2003/2100 2169/2168/2107
f 2172/2171/2109 2145/2144/2109 2139/2138/2108
f 2139/2138/2108 2169/2168/2107 2172/2171/2109
f 2143/2142/2090 2163/2162/2089 2171/2170/2062
f 2171/2170/2062 2144/2143/2065 2143/2142/2090
f 2145/2144/2021 2172/2171/2059 2173/2172/2060
f 2173/2172/2060 2146/2145/2022 2145/2144/2021
f 2070/2069/1913 2155/2154/2110 2179/2178/2111
f 2179/2178/2111 2071/2070/2112 2070/2069/1913
f 1987/1986/2113 2159/2158/2114 2158/2157/2115
f 2158/2157/2115 1988/1987/2116 1987/1986/2113
f 1989/1988/1826 1988/1987/1825 2023/2022/1860
f 1998/1997/1836 2007/2006/1844 2010/2009/1847
f 2010/2009/1847 1990/1989/1827 1998/1997/1836
f 2147/2146/2117 2150/2149/2102 2142/2141/2101
f 2142/2141/2101 2141/2140/2117 2147/2146/2117
f 2179/2178/2096 1987/1986/1824 1990/1989/1827
f 1990/1989/1827 2010/2009/1847 2179/2178/2096
f 2159/2158/2040 2155/2154/2035 2157/2156/2038
f 2157/2156/2038 2160/2159/2041 2159/2158/2040
f 2070/2069/1913 2071/2070/2112 1912/1911/1909
f 2008/2007/1845 1996/1995/2118 1913/1912/1727
f 1913/1912/1727 2009/2008/1846 2008/2007/1845
f 1987/1986/2113 2179/2178/2111 2155/2154/2110
f 2155/2154/2110 2159/2158/2114 1987/1986/2113
f 1711/1710/1428 1717/1716/1431 1803/1802/1525
f 1803/1802/1525 1802/1801/2119 1712/1711/2119
f 1803/1802/1525 1712/1711/2119 1711/1710/1428
f 2180/2179/2120 2181/2180/2121 1984/1983/2121
f 1984/1983/2121 2182/2181/2122 2180/2179/2120
f 1919/1918/1734 2183/2182/2123 2184/2183/2124
f 2184/2183/2124 1920/1919/1734 1919/1918/1734
f 1922/1921/1736 1921/1920/1736 1985/1984/2125
f 1985/1984/2125 2185/2184/2126 1922/1921/1736
f 2186/2185/2127 2180/2179/2120 2182/2181/2122
f 2182/2181/2122 2187/2186/2128 2186/2185/2127
f 1977/1976/2129 1991/1990/2130 2188/2187/2130
f 2188/2187/2130 2189/2188/2131 1977/1976/2129
f 2190/2189/2132 1978/1977/2133 1983/1982/2133
f 1983/1982/2133 1982/1981/2134 2190/2189/2132
f 1929/1928/1746 2190/2189/2132 1982/1981/2134
f 1982/1981/2134 1930/1929/1746 1929/1928/1746
f 1978/1977/2135 1974/1973/2136 2191/2190/2137
f 2191/2190/2137 1983/1982/2135 1978/1977/2135
f 1974/1973/2136 1977/1976/2129 2189/2188/2131
f 2189/2188/2131 2191/2190/2137 1974/1973/2136
f 2192/2191/2138 2193/2192/2139 1932/1931/1750
f 1932/1931/1750 1935/1934/1753 2192/2191/2138
f 2183/2182/2123 2194/2193/2140 2195/2194/2140
f 2195/2194/2140 2184/2183/2124 2183/2182/2123
f 1991/1990/2141 1993/1992/2142 2196/2195/2143
f 2196/2195/2143 2188/2187/2141 1991/1990/2141
f 2194/2193/2144 2186/2185/2127 2187/2186/2128
f 2187/2186/2128 2195/2194/2144 2194/2193/2144
f 2193/2192/2139 2183/2182/2145 1919/1918/1759
f 1919/1918/1759 1932/1931/1750 2193/2192/2139
f 2181/2180/2146 2185/2184/2126 1985/1984/2125
f 1985/1984/2125 1984/1983/2146 2181/2180/2146
f 1993/1992/2142 1709/1708/1762 1939/1938/1762
f 1939/1938/1762 2196/2195/2143 1993/1992/2142
f 2195/2194/2147 2188/2187/2148 2196/2195/2149
f 2196/2195/2149 2184/2183/2150 2195/2194/2147
f 1930/1929/1767 1982/1981/1819 1985/1984/1822
f 1985/1984/1822 1921/1920/1767 1930/1929/1767
f 2182/2181/2151 2191/2190/2152 2189/2188/2153
f 2189/2188/2153 2187/2186/2154 2182/2181/2151
f 1984/1983/1821 1983/1982/1820 2191/2190/2152
f 2191/2190/2152 2182/2181/2151 1984/1983/1821
f 2187/2186/2154 2189/2188/2153 2188/2187/2148
f 2188/2187/2148 2195/2194/2147 2187/2186/2154
f 1920/1919/1772 2184/2183/2150 2196/2195/2149
f 2196/2195/2149 1939/1938/1772 1920/1919/1772
f 1795/1794/1512 1720/1719/2155 1941/1940/1774
f 1941/1940/1774 1796/1795/1513 1795/1794/1512
f 1793/1792/1510 1715/1714/2156 1711/1710/1425
f 1711/1710/1425 1710/1709/1424 1793/1792/1510
f 2180/2179/2157 2186/2185/2158 2193/2192/2139
f 2193/2192/2139 2192/2191/2138 2180/2179/2157
f 2186/2185/2158 2194/2193/2159 2183/2182/2145
f 2183/2182/2145 2193/2192/2139 2186/2185/2158
f 1941/1940/1774 1720/1719/2155 1715/1714/2156
f 1715/1714/2156 1793/1792/1510 1941/1940/1774
f 2023/2022/1860 2015/2014/1852 2016/2015/1853
f 2016/2015/1853 1989/1988/1826 2023/2022/1860
f 2192/2191/2138 2185/2184/2160 2181/2180/2161
f 2181/2180/2161 2180/2179/2157 2192/2191/2138
f 2185/2184/2160 2192/2191/2138 1935/1934/1753
f 1935/1934/1753 1922/1921/1780 2185/2184/2160
f 2053/2052/1892 2027/2026/1864 2022/2021/1859
f 2022/2021/1859 2024/2023/1861 2053/2052/1892
f 2197/2196/2162 2015/2014/1852 2022/2021/1859
f 2022/2021/1859 2198/2197/2163 2197/2196/2162
f 2067/2066/2094 2066/2065/2049 2165/2164/2050
f 2165/2164/2050 2177/2176/2095 2067/2066/2094
f 2015/2014/1852 2197/2196/2162 2199/2198/2164
f 2015/2014/1852 2200/2199/2165 1980/1979/2166
f 2201/2200/2167 2202/2201/2168 2203/2202/2169
f 2203/2202/2169 2204/2203/2169 2201/2200/2167
f 2199/2198/2164 2205/2204/2170 2200/2199/2165
f 2200/2199/2165 2015/2014/1852 2199/2198/2164
f 2025/2024/1862 2028/2027/1865 2040/2039/1877
f 2040/2039/1877 2041/2040/1878 2025/2024/1862
f 2027/2026/1864 2026/2025/1863 2198/2197/2163
f 2198/2197/2163 2022/2021/1859 2027/2026/1864
f 1997/1996/1835 1981/1980/1818 1690/1689/1404
f 1690/1689/1404 1951/1950/1790 1997/1996/1835
f 1953/1952/1792 1952/1951/1791 2007/2006/1844
f 2007/2006/1844 1998/1997/1836 1953/1952/1792
f 1954/1953/1793 1721/1720/1793 1996/1995/2118
f 1996/1995/2118 2008/2007/1845 1954/1953/1793
f 1998/1997/1836 1997/1996/1835 1951/1950/1790
f 1951/1950/1790 1953/1952/1792 1998/1997/1836
f 2008/2007/1845 2007/2006/1844 1952/1951/1791
f 1952/1951/1791 1954/1953/1793 2008/2007/1845
f 1691/1690/1794 1980/1979/2166 2200/2199/2165
f 1691/1690/1794 2200/2199/2165 2205/2204/2170
f 2205/2204/2170 1955/1954/1794 1691/1690/1794
f 2138/2137/2032 2174/2173/2093 2175/2174/2092
f 2175/2174/2092 2153/2152/2033 2138/2137/2032
f 2206/2205/2171 2207/2206/2172 2202/2201/2168
f 2202/2201/2168 2201/2200/2167 2206/2205/2171
f 2042/2041/1879 2041/2040/1878 2207/2206/2172
f 2207/2206/2172 2206/2205/2171 2042/2041/1879
f 2014/2013/2088 2013/2012/2058 2171/2170/2057
f 2012/2011/1849 2058/2057/1897 2136/2135/2012
f 2136/2135/2012 2013/2012/1850 2012/2011/1849
f 2054/2053/1893 2136/2135/2012 2058/2057/1897
f 2081/2080/1923 2080/2079/1922 2208/2207/2173
f 2208/2207/2173 2209/2208/1798 2081/2080/1923
f 2102/2101/1953 2127/2126/1992 2210/2209/1799
f 2210/2209/1799 2211/2210/1800 2102/2101/1953
f 2052/2051/1984 2087/2086/1983 2212/2211/1801
f 2212/2211/1801 2213/2212/1801 2052/2051/1984
f 2129/2128/1995 2128/2127/1994 2214/2213/1802
f 2214/2213/1802 2215/2214/1803 2129/2128/1995
f 2080/2079/1922 2129/2128/1995 2215/2214/1803
f 2215/2214/1803 2208/2207/2173 2080/2079/1922
f 2127/2126/1992 2081/2080/1923 2209/2208/1798
f 2209/2208/1798 2210/2209/1799 2127/2126/1992
f 2094/2093/1951 2062/2061/1950 2216/2215/2174
f 2216/2215/2174 2217/2216/2174 2094/2093/1951
f 2133/2132/2002 2114/2113/1967 2218/2217/1805
f 2218/2217/1805 2219/2218/2175 2133/2132/2002
f 2110/2109/1961 2103/2102/1954 2220/2219/1807
f 2220/2219/1807 2221/2220/2176 2110/2109/1961
f 2128/2127/1994 2133/2132/2002 2219/2218/2175
f 2219/2218/2175 2214/2213/1802 2128/2127/1994
f 2114/2113/1967 2095/2094/1943 2222/2221/1809
f 2222/2221/1809 2218/2217/1805 2114/2113/1967
f 2086/2085/1930 2110/2109/1961 2221/2220/2176
f 2221/2220/2176 2223/2222/1810 2086/2085/1930
f 2103/2102/1954 2102/2101/1953 2211/2210/1800
f 2211/2210/1800 2220/2219/1807 2103/2102/1954
f 2095/2094/1943 2094/2093/1942 2217/2216/1811
f 2217/2216/1811 2222/2221/1809 2095/2094/1943
f 2087/2086/1931 2086/2085/1930 2223/2222/1810
f 2223/2222/1810 2212/2211/1812 2087/2086/1931
f 2158/2157/2115 2066/2065/1905 2023/2022/1860
f 2023/2022/1860 1988/1987/2116 2158/2157/2115
f 1699/1698/1413 1698/1697/1412 1941/1940/1774
f 1941/1940/1774 1793/1792/1510 1699/1698/1413
f 2224/2223/2177 2225/2224/2178 2226/2225/2179
f 2226/2225/2179 2227/2226/2180 2224/2223/2177
f 2228/2227/2181 2229/2228/2182 2230/2229/2183
f 2230/2229/2183 2231/2230/2184 2228/2227/2181
f 2232/2231/2185 2233/2232/2186 2234/2233/2187
f 2234/2233/2187 2235/2234/2188 2232/2231/2185
f 2236/2235/2189 2237/2236/2190 2238/2237/2190
f 2238/2237/2190 2239/2238/2189 2236/2235/2189
f 2240/2239/2191 2241/2240/2192 2242/2241/2193
f 2242/2241/2193 2243/2242/2194 2240/2239/2191
f 2244/2243/2195 2245/2244/2196 2233/2232/2186
f 2233/2232/2186 2232/2231/2185 2244/2243/2195
f 2235/2234/2188 2234/2233/2187 2246/2245/2197
f 2246/2245/2197 2247/2246/2198 2235/2234/2188
f 2231/2230/2184 2230/2229/2183 2245/2244/2196
f 2245/2244/2196 2244/2243/2195 2231/2230/2184
f 2247/2246/2198 2246/2245/2197 2241/2240/2192
f 2241/2240/2192 2240/2239/2191 2247/2246/2198
f 2248/2247/2199 2249/2248/2200 2250/2249/2201
f 2250/2249/2201 2251/2250/2202 2248/2247/2199
f 2252/2251/2203 2253/2252/2204 2254/2253/2205
f 2254/2253/2205 2255/2254/2206 2252/2251/2203
f 2256/2255/2207 2257/2256/2208 2258/2257/2209
f 2258/2257/2209 2259/2258/2210 2256/2255/2207
f 2260/2259/2211 2257/2256/2208 2256/2255/2207
f 2256/2255/2207 2261/2260/2212 2260/2259/2211
f 2251/2250/2213 2262/2261/2214 2263/2262/2215
f 2263/2262/2215 2248/2247/2216 2251/2250/2213
f 2264/2263/2217 2235/2234/2218 2247/2246/2219
f 2247/2246/2219 2265/2264/2220 2264/2263/2217
f 2266/2265/2221 2244/2243/2222 2232/2231/2223
f 2232/2231/2223 2267/2266/2224 2266/2265/2221
f 2243/2242/2194 2242/2241/2193 2268/2267/2225
f 2268/2267/2225 2249/2248/2226 2243/2242/2194
f 2226/2225/2227 2269/2268/2228 2229/2228/2182
f 2229/2228/2182 2228/2227/2181 2226/2225/2227
f 2270/2269/2229 2231/2230/2230 2244/2243/2222
f 2244/2243/2222 2266/2265/2221 2270/2269/2229
f 2271/2270/2231 2272/2271/2232 2273/2272/2233
f 2273/2272/2233 2274/2273/2234 2271/2270/2231
f 2249/2248/2226 2268/2267/2225 2253/2252/2204
f 2253/2252/2204 2250/2249/2235 2249/2248/2226
f 2275/2274/2236 2228/2227/2237 2231/2230/2230
f 2231/2230/2230 2270/2269/2229 2275/2274/2236
f 2267/2266/2224 2232/2231/2223 2235/2234/2218
f 2235/2234/2218 2264/2263/2217 2267/2266/2224
f 2276/2275/2238 2277/2276/2239 2278/2277/2240
f 2278/2277/2240 2279/2278/2241 2276/2275/2238
f 2280/2279/2242 2281/2280/2243 2282/2281/2244
f 2282/2281/2244 2283/2282/2245 2280/2279/2242
f 2284/2283/2246 2240/2239/2247 2243/2242/2248
f 2243/2242/2248 2285/2284/2249 2284/2283/2246
f 2263/2262/2250 2286/2285/2251 2287/2286/2252
f 2287/2286/2252 2288/2287/2253 2263/2262/2250
f 2288/2287/2253 2287/2286/2252 2272/2271/2232
f 2272/2271/2232 2271/2270/2231 2288/2287/2253
f 2289/2288/2254 2290/2289/2255 2291/2290/2256
f 2291/2290/2256 2292/2291/2257 2289/2288/2254
f 2281/2280/2258 2293/2292/2259 2294/2293/2260
f 2294/2293/2260 2282/2281/2261 2281/2280/2258
f 2259/2258/2210 2258/2257/2209 2277/2276/2239
f 2277/2276/2239 2276/2275/2238 2259/2258/2210
f 2279/2278/2241 2278/2277/2240 2290/2289/2255
f 2290/2289/2255 2289/2288/2254 2279/2278/2241
f 2265/2264/2220 2247/2246/2219 2240/2239/2247
f 2240/2239/2247 2284/2283/2246 2265/2264/2220
f 2262/2261/2262 2295/2294/2263 2286/2285/2251
f 2286/2285/2251 2263/2262/2250 2262/2261/2262
f 2285/2284/2249 2243/2242/2248 2249/2248/2200
f 2249/2248/2200 2248/2247/2199 2285/2284/2249
f 2227/2226/2180 2226/2225/2179 2228/2227/2237
f 2228/2227/2237 2275/2274/2236 2227/2226/2180
f 2276/2275/2264 2270/2269/2265 2266/2265/2266
f 2266/2265/2266 2259/2258/2267 2276/2275/2264
f 2224/2223/2268 2227/2226/2269 2289/2288/2270
f 2289/2288/2270 2292/2291/2271 2224/2223/2268
f 2259/2258/2267 2266/2265/2266 2267/2266/2272
f 2267/2266/2272 2256/2255/2273 2259/2258/2267
f 2279/2278/2274 2275/2274/2275 2270/2269/2265
f 2270/2269/2265 2276/2275/2264 2279/2278/2274
f 2289/2288/2270 2227/2226/2269 2275/2274/2275
f 2275/2274/2275 2279/2278/2274 2289/2288/2270
f 2274/2273/2276 2265/2264/2277 2284/2283/2278
f 2284/2283/2278 2271/2270/2279 2274/2273/2276
f 2252/2251/2280 2255/2254/2281 2280/2279/2282
f 2280/2279/2282 2283/2282/2283 2252/2251/2280
f 2261/2260/2284 2264/2263/2285 2265/2264/2277
f 2265/2264/2277 2274/2273/2276 2261/2260/2284
f 2271/2270/2279 2284/2283/2278 2285/2284/2286
f 2285/2284/2286 2288/2287/2287 2271/2270/2279
f 2288/2287/2287 2285/2284/2286 2248/2247/2216
f 2248/2247/2216 2263/2262/2215 2288/2287/2287
f 2267/2266/2272 2264/2263/2285 2261/2260/2284
f 2261/2260/2284 2256/2255/2273 2267/2266/2272
f 2274/2273/2234 2273/2272/2233 2260/2259/2211
f 2260/2259/2211 2261/2260/2212 2274/2273/2234
f 2225/2224/2288 2296/2295/2289 2254/2253/2205
f 2296/2295/2289 2255/2254/2206 2254/2253/2205
f 2252/2251/2203 2297/2296/2290 2253/2252/2204
f 2297/2296/2290 2250/2249/2235 2253/2252/2204
f 2292/2291/2271 2298/2297/2291 2299/2298/2292
f 2299/2298/2292 2224/2223/2268 2292/2291/2271
f 2298/2297/2291 2281/2280/2243 2280/2279/2242
f 2280/2279/2242 2299/2298/2292 2298/2297/2291
f 2251/2250/2213 2300/2299/2293 2301/2300/2294
f 2301/2300/2294 2262/2261/2214 2251/2250/2213
f 2300/2299/2293 2283/2282/2245 2282/2281/2244
f 2282/2281/2244 2301/2300/2294 2300/2299/2293
f 2299/2298/2295 2280/2279/2282 2255/2254/2281
f 2255/2254/2281 2296/2295/2296 2299/2298/2295
f 2224/2223/2177 2299/2298/2295 2296/2295/2296
f 2296/2295/2296 2225/2224/2178 2224/2223/2177
f 2302/2301/2297 2295/2294/2263 2262/2261/2262
f 2262/2261/2262 2301/2300/2298 2302/2301/2297
f 2294/2293/2260 2302/2301/2297 2301/2300/2298
f 2301/2300/2298 2282/2281/2261 2294/2293/2260
f 2300/2299/2299 2251/2250/2202 2250/2249/2201
f 2250/2249/2201 2297/2296/2300 2300/2299/2299
f 2283/2282/2283 2300/2299/2299 2297/2296/2300
f 2297/2296/2300 2252/2251/2280 2283/2282/2283
f 2298/2297/2301 2292/2291/2257 2291/2290/2256
f 2291/2290/2256 2303/2302/2302 2298/2297/2301
f 2281/2280/2258 2298/2297/2301 2303/2302/2302
f 2303/2302/2302 2293/2292/2259 2281/2280/2258
f 2225/2224/2288 2254/2253/2205 2269/2268/2228
f 2269/2268/2228 2226/2225/2227 2225/2224/2288
f 2253/2252/2204 2236/2235/2189 2239/2238/2189
f 2239/2238/2189 2254/2253/2205 2253/2252/2204
f 2302/2301/2303 2294/2293/2304 2293/2292/2304
f 2293/2292/2304 2303/2302/2303 2302/2301/2303
f 2295/2294/2305 2302/2301/2303 2303/2302/2303
f 2303/2302/2303 2291/2290/2305 2295/2294/2305
f 2291/2290/2305 2290/2289/2306 2286/2285/2306
f 2286/2285/2306 2295/2294/2305 2291/2290/2305
f 2286/2285/2306 2290/2289/2306 2278/2277/2307
f 2278/2277/2307 2287/2286/2307 2286/2285/2306
f 2287/2286/2307 2278/2277/2307 2277/2276/2308
f 2277/2276/2308 2272/2271/2308 2287/2286/2307
f 2272/2271/2308 2277/2276/2308 2258/2257/2309
f 2258/2257/2309 2273/2272/2309 2272/2271/2308
f 2273/2272/2309 2258/2257/2309 2257/2256/2310
f 2257/2256/2310 2260/2259/2310 2273/2272/2309
f 2304/2303/2311 2269/2268/2312 2254/2253/2313
f 2254/2253/2313 2305/2304/2314 2304/2303/2311
f 2305/2304/2314 2254/2253/2313 2239/2238/2315
f 2239/2238/2315 2306/2305/2316 2305/2304/2314
f 2307/2306/2317 2236/2235/2318 2253/2252/2319
f 2253/2252/2319 2308/2307/2320 2307/2306/2317
f 2309/2308/2321 2245/2244/2322 2230/2229/2323
f 2230/2229/2323 2310/2309/2324 2309/2308/2321
f 2311/2310/2325 2241/2240/2326 2246/2245/2327
f 2246/2245/2327 2312/2311/2328 2311/2310/2325
f 2313/2312/2329 2233/2232/2330 2245/2244/2322
f 2245/2244/2322 2309/2308/2321 2313/2312/2329
f 2312/2311/2328 2246/2245/2327 2234/2233/2331
f 2234/2233/2331 2314/2313/2332 2312/2311/2328
f 2310/2309/2324 2230/2229/2323 2229/2228/2333
f 2229/2228/2333 2315/2314/2334 2310/2309/2324
f 2316/2315/2335 2242/2241/2336 2241/2240/2326
f 2241/2240/2326 2311/2310/2325 2316/2315/2335
f 2314/2313/2332 2234/2233/2331 2233/2232/2330
f 2233/2232/2330 2313/2312/2329 2314/2313/2332
f 2306/2305/2316 2239/2238/2315 2238/2237/2337
f 2238/2237/2337 2317/2316/2337 2306/2305/2316
f 2318/2317/2338 2237/2236/2338 2236/2235/2318
f 2236/2235/2318 2307/2306/2317 2318/2317/2338
f 2308/2307/2320 2253/2252/2319 2268/2267/2339
f 2268/2267/2339 2319/2318/2340 2308/2307/2320
f 2315/2314/2334 2229/2228/2333 2269/2268/2312
f 2269/2268/2312 2304/2303/2311 2315/2314/2334
f 2319/2318/2340 2268/2267/2339 2242/2241/2336
f 2242/2241/2336 2316/2315/2335 2319/2318/2340
f 2320/2319/2341 2321/2320/404 2322/2321/2342
f 2322/2321/2342 2323/2322/2343 2320/2319/2341
f 2323/2322/2343 2322/2321/2342 2324/2323/2344
f 2324/2323/2344 2325/2324/2345 2323/2322/2343
f 2326/2325/2346 2325/2324/2345 2327/2326/2347
f 2327/2326/2347 2328/2327/2348 2326/2325/2346
f 2329/2328/2349 2330/2329/2350 2331/2330/2351
f 2331/2330/2351 2332/2331/2352 2329/2328/2349
f 2333/2332/2353 2334/2333/2354 2335/2334/2355
f 2335/2334/2355 2336/2335/2356 2333/2332/2353
f 2337/2336/2357 2338/2337/2358 2339/2338/2359
f 2339/2338/2359 2340/2339/2360 2337/2336/2357
f 2341/2340/2361 2342/2341/2362 2343/2342/2363
f 2343/2342/2363 2344/2343/2364 2341/2340/2361
f 2345/2344/2365 2346/2345/2366 2347/2346/2367
f 2347/2346/2367 2348/2347/2368 2345/2344/2365
f 2336/2335/2356 2335/2334/2355 2349/2348/2369
f 2349/2348/2369 2350/2349/2370 2336/2335/2356
f 2340/2339/2360 2339/2338/2359 2334/2333/2354
f 2334/2333/2354 2333/2332/2353 2340/2339/2360
f 2351/2350/2371 2352/2351/2372 2346/2345/2366
f 2346/2345/2366 2345/2344/2365 2351/2350/2371
f 2332/2331/2373 2353/2352/2374 2354/2353/2375
f 2354/2353/2375 2355/2354/2376 2332/2331/2373
f 2353/2352/2377 2331/2330/2351 2338/2337/2358
f 2338/2337/2358 2337/2336/2357 2353/2352/2377
f 2356/2355/2378 2357/2356/2379 2358/2357/2380
f 2358/2357/2380 2359/2358/2381 2356/2355/2378
f 2360/2359/2382 2361/2360/2383 2362/2361/2384
f 2362/2361/2384 2363/2362/2385 2360/2359/2382
f 2364/2363/2386 2351/2350/2387 2345/2344/2388
f 2345/2344/2388 2365/2364/2389 2364/2363/2386
f 2366/2365/2390 2348/2347/2391 2341/2340/2392
f 2341/2340/2392 2367/2366/2393 2366/2365/2390
f 2368/2367/2394 2361/2360/2383 2360/2359/2382
f 2360/2359/2382 2369/2368/2395 2368/2367/2394
f 2370/2369/2396 2329/2328/2396 2332/2331/2373
f 2332/2331/2373 2355/2354/2376 2370/2369/2396
f 2366/2365/2397 2367/2366/2398 2361/2360/2399
f 2361/2360/2399 2368/2367/2400 2366/2365/2397
f 2371/2370/2401 2372/2371/2401 2373/2372/2402
f 2373/2372/2402 2374/2373/2403 2371/2370/2401
f 2375/2374/2404 2376/2375/2405 2377/2376/2406
f 2377/2376/2406 2378/2377/2407 2375/2374/2404
f 2379/2378/2408 2364/2363/2409 2373/2372/2410
f 2373/2372/2410 2372/2371/2411 2379/2378/2408
f 2358/2357/2412 2357/2356/2413 2380/2379/2414
f 2380/2379/2414 2381/2380/2415 2358/2357/2412
f 2382/2381/2416 2344/2343/2416 2380/2379/2414
f 2380/2379/2414 2357/2356/2413 2382/2381/2416
f 2378/2377/2407 2377/2376/2406 2383/2382/2417
f 2383/2382/2417 2384/2383/2418 2378/2377/2407
f 2385/2384/2419 2354/2353/2420 2376/2375/2405
f 2376/2375/2405 2375/2374/2404 2385/2384/2419
f 2376/2375/2421 2337/2336/2422 2340/2339/2423
f 2340/2339/2423 2377/2376/2424 2376/2375/2421
f 2377/2376/2424 2340/2339/2423 2333/2332/2425
f 2333/2332/2425 2383/2382/2426 2377/2376/2424
f 2386/2385/2427 2336/2335/2428 2350/2349/2429
f 2350/2349/2429 2379/2378/2430 2386/2385/2427
f 2383/2382/2426 2333/2332/2425 2336/2335/2428
f 2336/2335/2428 2386/2385/2427 2383/2382/2426
f 2354/2353/2375 2353/2352/2374 2337/2336/2422
f 2337/2336/2422 2376/2375/2421 2354/2353/2375
f 2387/2386/2431 2356/2355/2432 2359/2358/2433
f 2359/2358/2433 2388/2387/2434 2387/2386/2431
f 2389/2388/2435 2355/2354/2436 2354/2353/2420
f 2354/2353/2420 2385/2384/2419 2389/2388/2435
f 2390/2389/2437 2386/2385/2438 2379/2378/2408
f 2379/2378/2408 2372/2371/2411 2390/2389/2437
f 2373/2372/2410 2364/2363/2409 2365/2364/2439
f 2365/2364/2439 2391/2390/2440 2373/2372/2410
f 2392/2391/2441 2370/2369/2442 2393/2392/2443
f 2393/2392/2443 2394/2393/2444 2392/2391/2441
f 2384/2383/2418 2383/2382/2417 2386/2385/2438
f 2384/2383/2418 2386/2385/2438 2390/2389/2437
f 2390/2389/2437 2395/2394/2445 2384/2383/2418
f 2391/2390/2446 2396/2395/2447 2374/2373/2403
f 2374/2373/2403 2373/2372/2402 2391/2390/2446
f 2344/2343/2364 2343/2342/2363 2397/2396/2448
f 2397/2396/2448 2380/2379/2449 2344/2343/2364
f 2381/2380/2450 2380/2379/2449 2397/2396/2448
f 2353/2352/2377 2332/2331/2352 2331/2330/2351
f 2358/2357/2412 2381/2380/2415 2398/2397/2451
f 2398/2397/2451 2392/2391/2451 2358/2357/2412
f 2370/2369/2442 2355/2354/2436 2389/2388/2435
f 2389/2388/2435 2399/2398/2452 2393/2392/2443
f 2389/2388/2435 2393/2392/2443 2370/2369/2442
f 2363/2362/2385 2362/2361/2384 2356/2355/2432
f 2356/2355/2432 2387/2386/2431 2363/2362/2385
f 2390/2389/2453 2400/2399/2454 2401/2400/2455
f 2401/2400/2455 2395/2394/2453 2390/2389/2453
f 2367/2366/2393 2341/2340/2392 2344/2343/2416
f 2344/2343/2416 2382/2381/2416 2367/2366/2393
f 2361/2360/2399 2367/2366/2398 2382/2381/2456
f 2382/2381/2456 2362/2361/2457 2361/2360/2399
f 2372/2371/2411 2402/2401/2458 2400/2399/2459
f 2400/2399/2459 2390/2389/2437 2372/2371/2411
f 2362/2361/2457 2382/2381/2456 2357/2356/2379
f 2357/2356/2379 2356/2355/2378 2362/2361/2457
f 2365/2364/2389 2345/2344/2388 2348/2347/2391
f 2348/2347/2391 2366/2365/2390 2365/2364/2389
f 2371/2370/2460 2403/2402/2461 2402/2401/2462
f 2402/2401/2462 2372/2371/2460 2371/2370/2460
f 2379/2378/2430 2350/2349/2429 2351/2350/2387
f 2351/2350/2387 2364/2363/2386 2379/2378/2430
f 2350/2349/2370 2349/2348/2369 2352/2351/2372
f 2352/2351/2372 2351/2350/2371 2350/2349/2370
f 2404/2403/2463 2405/2404/2464 2331/2330/2351
f 2331/2330/2351 2330/2329/2350 2404/2403/2463
f 2406/2405/2465 2397/2396/2448 2326/2325/2346
f 2407/2406/2466 2408/2407/2467 2405/2404/2464
f 2405/2404/2464 2404/2403/2463 2407/2406/2466
f 2322/2321/2342 2409/2408/403 2410/2409/2468
f 2410/2409/2468 2324/2323/2344 2322/2321/2342
f 2321/2320/404 2411/2410/403 2409/2408/403
f 2409/2408/403 2322/2321/2342 2321/2320/404
f 2330/2329/2350 2412/2411/2469 2404/2403/2463
f 2394/2393/2470 2413/2412/2470 2388/2387/2434
f 2388/2387/2434 2359/2358/2433 2394/2393/2470
f 2359/2358/2381 2358/2357/2380 2392/2391/2441
f 2392/2391/2441 2394/2393/2444 2359/2358/2381
f 2398/2397/2451 2329/2328/2396 2370/2369/2396
f 2370/2369/2396 2392/2391/2451 2398/2397/2451
f 2412/2411/2469 2330/2329/2350 2329/2328/2349
f 2329/2328/2349 2398/2397/2471 2412/2411/2469
f 2381/2380/2450 2397/2396/2448 2412/2411/2469
f 2412/2411/2469 2398/2397/2471 2381/2380/2450
f 2396/2395/2447 2391/2390/2446 2368/2367/2394
f 2368/2367/2394 2369/2368/2395 2396/2395/2447
f 2414/2413/2472 2413/2412/2473 2394/2393/2473
f 2394/2393/2473 2415/2414/2474 2414/2413/2472
f 2416/2415/2475 2414/2413/2472 2415/2414/2474
f 2415/2414/2474 2417/2416/2476 2416/2415/2475
f 2415/2414/2477 2394/2393/2444 2393/2392/2443
f 2393/2392/2443 2418/2417/2478 2415/2414/2477
f 2417/2416/2479 2415/2414/2477 2418/2417/2478
f 2418/2417/2478 2419/2418/2480 2417/2416/2479
f 2418/2417/2481 2393/2392/2482 2399/2398/2482
f 2399/2398/2482 2420/2419/2483 2418/2417/2481
f 2419/2418/2484 2418/2417/2481 2420/2419/2483
f 2420/2419/2483 2421/2420/2485 2419/2418/2484
f 2422/2421/2486 2416/2415/2475 2417/2416/2476
f 2417/2416/2476 2423/2422/2487 2422/2421/2486
f 2423/2422/2488 2417/2416/2479 2419/2418/2480
f 2419/2418/2480 2424/2423/2489 2423/2422/2488
f 2424/2423/2490 2419/2418/2484 2421/2420/2485
f 2421/2420/2485 2425/2424/2491 2424/2423/2490
f 2348/2347/2368 2347/2346/2367 2342/2341/2362
f 2342/2341/2362 2341/2340/2361 2348/2347/2368
f 2403/2402/2461 2422/2421/2486 2423/2422/2487
f 2423/2422/2487 2402/2401/2462 2403/2402/2461
f 2402/2401/2458 2423/2422/2488 2424/2423/2489
f 2424/2423/2489 2400/2399/2459 2402/2401/2458
f 2400/2399/2454 2424/2423/2490 2425/2424/2491
f 2425/2424/2491 2401/2400/2455 2400/2399/2454
f 2403/2402/2492 2371/2370/2493 2374/2373/2493
f 2374/2373/2493 2396/2395/2494 2403/2402/2492
f 2396/2395/2494 2369/2368/2495 2422/2421/2496
f 2422/2421/2496 2403/2402/2492 2396/2395/2494
f 2369/2368/2495 2360/2359/2497 2416/2415/2498
f 2416/2415/2498 2422/2421/2496 2369/2368/2495
f 2360/2359/2497 2363/2362/2499 2414/2413/2500
f 2414/2413/2500 2416/2415/2498 2360/2359/2497
f 2363/2362/2499 2387/2386/2501 2413/2412/2502
f 2413/2412/2502 2414/2413/2500 2363/2362/2499
f 2388/2387/2503 2413/2412/2502 2387/2386/2501
f 2399/2398/2452 2389/2388/2435 2385/2384/2419
f 2385/2384/2419 2375/2374/2404 2399/2398/2452
f 2375/2374/2404 2378/2377/2407 2420/2419/2504
f 2420/2419/2504 2399/2398/2452 2375/2374/2404
f 2420/2419/2504 2378/2377/2407 2421/2420/2505
f 2425/2424/2506 2421/2420/2505 2378/2377/2407
f 2378/2377/2407 2384/2383/2418 2401/2400/2507
f 2401/2400/2507 2425/2424/2506 2378/2377/2407
f 2395/2394/2445 2401/2400/2507 2384/2383/2418
f 2426/2425/2508 2406/2405/2465 2326/2325/2346
f 2427/2426/2509 2404/2403/2463 2428/2427/2510
f 2326/2325/2346 2328/2327/2348 2429/2428/2511
f 2429/2428/2511 2426/2425/2508 2326/2325/2346
f 2428/2427/2510 2404/2403/2463 2412/2411/2469
f 2428/2427/2510 2412/2411/2469 2397/2396/2448
f 2397/2396/2448 2406/2405/2465 2428/2427/2510
f 2430/2429/2512 2406/2405/2513 2426/2425/2514
f 2426/2425/2514 2431/2430/2515 2430/2429/2512
f 2432/2431/2516 2407/2406/2466 2404/2403/2463
f 2404/2403/2463 2427/2426/2509 2432/2431/2516
f 2327/2326/2347 2325/2324/2345 2324/2323/2344
f 2324/2323/2344 2433/2432/2517 2327/2326/2347
f 2433/2432/2517 2324/2323/2344 2434/2433/2518
f 2435/2434/2519 2327/2326/2520 2433/2432/2521
f 2433/2432/2521 2436/2435/2522 2435/2434/2519
f 2437/2436/2523 2429/2428/2523 2328/2327/2524
f 2328/2327/2524 2438/2437/2525 2437/2436/2523
f 2437/2436/2526 2438/2437/2527 2439/2438/2528
f 2431/2430/2529 2440/2439/2530 2441/2440/2531
f 2441/2440/2531 2430/2429/2531 2431/2430/2529
f 2437/2436/2526 2442/2441/2532 2440/2439/2530
f 2440/2439/2530 2431/2430/2529 2437/2436/2526
f 2440/2439/2533 2427/2426/2534 2428/2427/2535
f 2428/2427/2535 2441/2440/2536 2440/2439/2533
f 2436/2435/2522 2433/2432/2521 2434/2433/2537
f 2434/2433/2537 2443/2442/2538 2436/2435/2522
f 2438/2437/2525 2328/2327/2524 2327/2326/2520
f 2327/2326/2520 2435/2434/2519 2438/2437/2525
f 2441/2440/2536 2428/2427/2535 2406/2405/2513
f 2406/2405/2513 2430/2429/2512 2441/2440/2536
f 2442/2441/2539 2432/2431/2539 2427/2426/2534
f 2427/2426/2534 2440/2439/2533 2442/2441/2539
f 2443/2442/2538 2434/2433/2537 2432/2431/2539
f 2432/2431/2539 2442/2441/2539 2443/2442/2538
f 2443/2442/2540 2442/2441/2532 2444/2443/2541
f 2431/2430/2515 2426/2425/2514 2429/2428/2523
f 2429/2428/2523 2437/2436/2523 2431/2430/2515
f 2434/2433/2518 2324/2323/2344 2407/2406/2466
f 2407/2406/2466 2432/2431/2516 2434/2433/2518
f 2324/2323/2344 2410/2409/2468 2408/2407/2467
f 2408/2407/2467 2407/2406/2466 2324/2323/2344
f 2445/2444/2542 2446/2445/2543 2447/2446/2544
f 2447/2446/2544 2448/2447/2545 2445/2444/2542
f 2449/2448/2546 2450/2449/2547 2451/2450/2548
f 2451/2450/2548 2452/2451/2549 2449/2448/2546
f 2453/2452/2550 2435/2434/2551 2436/2435/2552
f 2436/2435/2552 2454/2453/2553 2453/2452/2550
f 2454/2453/2553 2436/2435/2552 2443/2442/2540
f 2443/2442/2540 2444/2443/2541 2454/2453/2553
f 2439/2438/2528 2438/2437/2527 2435/2434/2551
f 2435/2434/2551 2453/2452/2550 2439/2438/2528
f 2449/2448/2554 2452/2451/2555 2445/2444/2556
f 2445/2444/2556 2448/2447/2554 2449/2448/2554
f 2445/2444/2556 2452/2451/2555 2455/2454/2557
f 2455/2454/2557 2456/2455/2557 2445/2444/2556
f 2452/2451/2549 2451/2450/2548 2457/2456/2558
f 2457/2456/2558 2455/2454/2558 2452/2451/2549
f 2456/2455/2559 2458/2457/2559 2446/2445/2543
f 2446/2445/2543 2445/2444/2542 2456/2455/2559
f 2448/2447/2545 2447/2446/2544 2450/2449/2547
f 2450/2449/2547 2449/2448/2546 2448/2447/2545
f 2455/2454/2560 2457/2456/2560 2458/2457/2560
f 2458/2457/2560 2456/2455/2560 2455/2454/2560
f 2447/2446/2544 2453/2452/2561 2454/2453/2562
f 2454/2453/2562 2450/2449/2547 2447/2446/2544
f 2439/2438/2563 2446/2445/2563 2451/2450/2563
f 2451/2450/2563 2444/2443/2563 2439/2438/2563
f 2457/2456/2564 2451/2450/2564 2446/2445/2564
f 2446/2445/2564 2458/2457/2564 2457/2456/2564
f 2450/2449/2547 2454/2453/2562 2444/2443/2565
f 2444/2443/2565 2451/2450/2548 2450/2449/2547
f 2446/2445/2543 2439/2438/2566 2453/2452/2561
f 2453/2452/2561 2447/2446/2544 2446/2445/2543
f 2442/2441/2532 2437/2436/2526 2439/2438/2528
f 2439/2438/2528 2444/2443/2541 2442/2441/2532
f 2459/2458/2567 2460/2459/424 2461/2460/2568
f 2461/2460/2568 2462/2461/2569 2459/2458/2567
f 2463/2462/2570 2459/2458/2567 2462/2461/2569
f 2462/2461/2569 2464/2463/2571 2463/2462/2570
f 2465/2464/2572 2464/2463/2571 2466/2465/2573
f 2466/2465/2573 2467/2466/2574 2465/2464/2572
f 2468/2467/2575 2469/2468/2576 2470/2469/2577
f 2470/2469/2577 2471/2470/2578 2468/2467/2575
f 2472/2471/2579 2473/2472/2580 2474/2473/2581
f 2474/2473/2581 2475/2474/2582 2472/2471/2579
f 2476/2475/2583 2477/2476/2584 2478/2477/2585
f 2478/2477/2585 2479/2478/2586 2476/2475/2583
f 2480/2479/2587 2481/2480/2588 2482/2481/2589
f 2482/2481/2589 2483/2482/2590 2480/2479/2587
f 2484/2483/2591 2485/2484/2592 2486/2485/2593
f 2486/2485/2593 2487/2486/2594 2484/2483/2591
f 2488/2487/2595 2472/2471/2579 2475/2474/2582
f 2475/2474/2582 2489/2488/2596 2488/2487/2595
f 2490/2489/2597 2491/2490/2598 2492/2491/2599
f 2492/2491/2599 2493/2492/2600 2490/2489/2597
f 2473/2472/2580 2476/2475/2583 2479/2478/2586
f 2479/2478/2586 2474/2473/2581 2473/2472/2580
f 2485/2484/2592 2494/2493/2601 2495/2494/2602
f 2495/2494/2602 2486/2485/2593 2485/2484/2592
f 2496/2495/2603 2497/2496/2604 2491/2490/2598
f 2491/2490/2598 2490/2489/2597 2496/2495/2603
f 2498/2497/2605 2499/2498/2606 2471/2470/2607
f 2471/2470/2607 2500/2499/2608 2498/2497/2605
f 2477/2476/2584 2468/2467/2575 2499/2498/2609
f 2499/2498/2609 2478/2477/2585 2477/2476/2584
f 2501/2500/2610 2502/2501/2611 2503/2502/2612
f 2503/2502/2612 2504/2503/2613 2501/2500/2610
f 2505/2504/2614 2506/2505/2615 2507/2506/2616
f 2507/2506/2616 2508/2507/2617 2505/2504/2614
f 2486/2485/2618 2495/2494/2619 2509/2508/2620
f 2509/2508/2620 2510/2509/2621 2486/2485/2618
f 2511/2510/2622 2496/2495/2623 2512/2511/2624
f 2512/2511/2624 2513/2512/2622 2511/2510/2622
f 2482/2481/2625 2487/2486/2626 2514/2513/2627
f 2514/2513/2627 2515/2514/2628 2482/2481/2625
f 2507/2506/2616 2506/2505/2615 2516/2515/2629
f 2516/2515/2629 2517/2516/2630 2507/2506/2616
f 2471/2470/2607 2470/2469/2631 2518/2517/2631
f 2518/2517/2631 2500/2499/2608 2471/2470/2607
f 2515/2514/2632 2514/2513/2633 2516/2515/2634
f 2516/2515/2634 2506/2505/2635 2515/2514/2632
f 2519/2518/2636 2520/2519/2637 2521/2520/2637
f 2521/2520/2637 2522/2521/2638 2519/2518/2636
f 2523/2522/2639 2524/2523/2640 2525/2524/2641
f 2525/2524/2641 2526/2525/2642 2523/2522/2639
f 2509/2508/2643 2527/2526/2644 2520/2519/2645
f 2520/2519/2645 2519/2518/2646 2509/2508/2643
f 2528/2527/2647 2525/2524/2648 2524/2523/2649
f 2524/2523/2649 2529/2528/2650 2528/2527/2647
f 2528/2527/2647 2483/2482/2651 2530/2529/2651
f 2530/2529/2651 2525/2524/2648 2528/2527/2647
f 2493/2492/2600 2492/2491/2599 2498/2497/2652
f 2498/2497/2652 2501/2500/2610 2493/2492/2600
f 2490/2489/2653 2493/2492/2654 2531/2530/2655
f 2531/2530/2655 2532/2531/2656 2490/2489/2653
f 2533/2532/2657 2510/2509/2658 2509/2508/2643
f 2509/2508/2643 2519/2518/2646 2533/2532/2657
f 2479/2478/2659 2478/2477/2660 2492/2491/2661
f 2492/2491/2661 2491/2490/2662 2479/2478/2659
f 2474/2473/2663 2479/2478/2659 2491/2490/2662
f 2491/2490/2662 2497/2496/2664 2474/2473/2663
f 2489/2488/2665 2475/2474/2666 2534/2533/2667
f 2534/2533/2667 2527/2526/2668 2489/2488/2665
f 2475/2474/2666 2474/2473/2663 2497/2496/2664
f 2497/2496/2664 2534/2533/2667 2475/2474/2666
f 2478/2477/2660 2499/2498/2606 2498/2497/2605
f 2498/2497/2605 2492/2491/2661 2478/2477/2660
f 2523/2522/2669 2526/2525/2670 2535/2534/2671
f 2535/2534/2671 2536/2535/2672 2523/2522/2669
f 2501/2500/2610 2498/2497/2652 2500/2499/2673
f 2500/2499/2673 2502/2501/2611 2501/2500/2610
f 2520/2519/2645 2527/2526/2644 2534/2533/2674
f 2534/2533/2674 2511/2510/2675 2520/2519/2645
f 2493/2492/2654 2501/2500/2610 2504/2503/2613
f 2504/2503/2613 2531/2530/2655 2493/2492/2654
f 2518/2517/2676 2537/2536/2677 2538/2537/2678
f 2538/2537/2678 2539/2538/2679 2518/2517/2676
f 2496/2495/2623 2490/2489/2653 2532/2531/2656
f 2532/2531/2656 2512/2511/2624 2496/2495/2623
f 2511/2510/2675 2534/2533/2674 2497/2496/2604
f 2497/2496/2604 2496/2495/2603 2511/2510/2675
f 2522/2521/2638 2540/2539/2680 2533/2532/2681
f 2533/2532/2681 2519/2518/2636 2522/2521/2638
f 2541/2540/2682 2480/2479/2587 2483/2482/2590
f 2483/2482/2590 2528/2527/2683 2541/2540/2682
f 2529/2528/2684 2541/2540/2682 2528/2527/2683
f 2499/2498/2609 2468/2467/2575 2471/2470/2578
f 2542/2541/2685 2529/2528/2650 2524/2523/2649
f 2524/2523/2649 2537/2536/2685 2542/2541/2685
f 2526/2525/2642 2525/2524/2641 2530/2529/2686
f 2530/2529/2686 2505/2504/2687 2526/2525/2642
f 2526/2525/2670 2505/2504/2614 2508/2507/2617
f 2508/2507/2617 2535/2534/2671 2526/2525/2670
f 2543/2542/2688 2544/2543/2689 2511/2510/2690
f 2511/2510/2690 2513/2512/2690 2543/2542/2688
f 2483/2482/2651 2482/2481/2625 2515/2514/2628
f 2515/2514/2628 2530/2529/2651 2483/2482/2651
f 2505/2504/2687 2530/2529/2686 2515/2514/2632
f 2515/2514/2632 2506/2505/2635 2505/2504/2687
f 2544/2543/2691 2545/2544/2692 2520/2519/2645
f 2520/2519/2645 2511/2510/2675 2544/2543/2691
f 2502/2501/2611 2539/2538/2693 2546/2545/2693
f 2546/2545/2693 2503/2502/2612 2502/2501/2611
f 2487/2486/2626 2486/2485/2618 2510/2509/2621
f 2510/2509/2621 2514/2513/2627 2487/2486/2626
f 2545/2544/2694 2547/2546/2695 2521/2520/2696
f 2521/2520/2696 2520/2519/2696 2545/2544/2694
f 2495/2494/2619 2489/2488/2665 2527/2526/2668
f 2527/2526/2668 2509/2508/2620 2495/2494/2619
f 2494/2493/2601 2488/2487/2595 2489/2488/2596
f 2489/2488/2596 2495/2494/2602 2494/2493/2601
f 2500/2499/2673 2518/2517/2676 2539/2538/2679
f 2539/2538/2679 2502/2501/2611 2500/2499/2673
f 2468/2467/2575 2548/2547/2697 2549/2548/2698
f 2549/2548/2698 2469/2468/2576 2468/2467/2575
f 2550/2549/2699 2466/2465/2573 2541/2540/2682
f 2548/2547/2697 2551/2550/2700 2552/2551/2701
f 2552/2551/2701 2549/2548/2698 2548/2547/2697
f 2553/2552/2702 2554/2553/425 2459/2458/2567
f 2459/2458/2567 2463/2462/2570 2553/2552/2702
f 2554/2553/425 2555/2554/425 2460/2459/424
f 2460/2459/424 2459/2458/2567 2554/2553/425
f 2469/2468/2576 2549/2548/2698 2556/2555/2703
f 2536/2535/2672 2557/2556/2704 2538/2537/2704
f 2538/2537/2704 2523/2522/2669 2536/2535/2672
f 2538/2537/2678 2537/2536/2677 2524/2523/2640
f 2524/2523/2640 2523/2522/2639 2538/2537/2678
f 2518/2517/2631 2470/2469/2631 2542/2541/2685
f 2542/2541/2685 2537/2536/2685 2518/2517/2631
f 2470/2469/2577 2469/2468/2576 2556/2555/2703
f 2556/2555/2703 2542/2541/2705 2470/2469/2577
f 2556/2555/2703 2541/2540/2682 2529/2528/2684
f 2529/2528/2684 2542/2541/2705 2556/2555/2703
f 2516/2515/2629 2533/2532/2681 2540/2539/2680
f 2540/2539/2680 2517/2516/2630 2516/2515/2629
f 2538/2537/2706 2557/2556/2706 2558/2557/2707
f 2558/2557/2707 2559/2558/2708 2538/2537/2706
f 2559/2558/2708 2558/2557/2707 2560/2559/2709
f 2560/2559/2709 2561/2560/2710 2559/2558/2708
f 2539/2538/2679 2538/2537/2678 2559/2558/2711
f 2559/2558/2711 2562/2561/2712 2539/2538/2679
f 2562/2561/2712 2559/2558/2711 2561/2560/2713
f 2561/2560/2713 2563/2562/2714 2562/2561/2712
f 2546/2545/2715 2539/2538/2715 2562/2561/2716
f 2562/2561/2716 2564/2563/2717 2546/2545/2715
f 2564/2563/2717 2562/2561/2716 2563/2562/2718
f 2563/2562/2718 2565/2564/2719 2564/2563/2717
f 2561/2560/2710 2560/2559/2709 2566/2565/2720
f 2566/2565/2720 2567/2566/2721 2561/2560/2710
f 2563/2562/2714 2561/2560/2713 2567/2566/2722
f 2567/2566/2722 2568/2567/2723 2563/2562/2714
f 2565/2564/2719 2563/2562/2718 2568/2567/2724
f 2568/2567/2724 2569/2568/2725 2565/2564/2719
f 2481/2480/2588 2484/2483/2591 2487/2486/2594
f 2487/2486/2594 2482/2481/2589 2481/2480/2588
f 2567/2566/2721 2566/2565/2720 2547/2546/2695
f 2547/2546/2695 2545/2544/2694 2567/2566/2721
f 2568/2567/2723 2567/2566/2722 2545/2544/2692
f 2545/2544/2692 2544/2543/2691 2568/2567/2723
f 2569/2568/2725 2568/2567/2724 2544/2543/2689
f 2544/2543/2689 2543/2542/2688 2569/2568/2725
f 2522/2521/2726 2521/2520/2726 2547/2546/2727
f 2547/2546/2727 2540/2539/2728 2522/2521/2726
f 2566/2565/2729 2517/2516/2730 2540/2539/2728
f 2540/2539/2728 2547/2546/2727 2566/2565/2729
f 2560/2559/2731 2507/2506/2732 2517/2516/2730
f 2517/2516/2730 2566/2565/2729 2560/2559/2731
f 2558/2557/2733 2508/2507/2734 2507/2506/2732
f 2507/2506/2732 2560/2559/2731 2558/2557/2733
f 2557/2556/2735 2535/2534/2736 2508/2507/2734
f 2508/2507/2734 2558/2557/2733 2557/2556/2735
f 2536/2535/2737 2535/2534/2736 2557/2556/2735
f 2504/2503/2613 2503/2502/2612 2546/2545/2738
f 2546/2545/2738 2531/2530/2739 2504/2503/2613
f 2564/2563/2740 2532/2531/2741 2531/2530/2739
f 2531/2530/2739 2546/2545/2738 2564/2563/2740
f 2564/2563/2740 2565/2564/2742 2532/2531/2741
f 2569/2568/2743 2532/2531/2741 2565/2564/2742
f 2543/2542/2744 2512/2511/2745 2532/2531/2741
f 2532/2531/2741 2569/2568/2743 2543/2542/2744
f 2513/2512/2746 2512/2511/2745 2543/2542/2744
f 2570/2569/2747 2466/2465/2573 2550/2549/2699
f 2571/2570/2748 2572/2571/2749 2549/2548/2698
f 2573/2572/2750 2467/2466/2574 2466/2465/2573
f 2466/2465/2573 2570/2569/2747 2573/2572/2750
f 2556/2555/2703 2549/2548/2698 2572/2571/2749
f 2556/2555/2703 2572/2571/2749 2550/2549/2699
f 2550/2549/2699 2541/2540/2682 2556/2555/2703
f 2570/2569/2751 2550/2549/2752 2574/2573/2753
f 2574/2573/2753 2575/2574/2754 2570/2569/2751
f 2549/2548/2698 2552/2551/2701 2576/2575/2755
f 2576/2575/2755 2571/2570/2748 2549/2548/2698
f 2463/2462/2570 2464/2463/2571 2465/2464/2572
f 2465/2464/2572 2577/2576/2756 2463/2462/2570
f 2577/2576/2756 2578/2577/2757 2463/2462/2570
f 2577/2576/2758 2465/2464/2759 2579/2578/2760
f 2579/2578/2760 2580/2579/2761 2577/2576/2758
f 2467/2466/2762 2573/2572/2763 2581/2580/2763
f 2581/2580/2763 2582/2581/2764 2467/2466/2762
f 2581/2580/2765 2583/2582/2766 2582/2581/2767
f 2584/2583/2768 2585/2584/2769 2575/2574/2770
f 2575/2574/2770 2574/2573/2768 2584/2583/2768
f 2585/2584/2769 2586/2585/2771 2581/2580/2765
f 2581/2580/2765 2575/2574/2770 2585/2584/2769
f 2572/2571/2772 2571/2570/2773 2585/2584/2774
f 2585/2584/2774 2584/2583/2775 2572/2571/2772
f 2578/2577/2776 2577/2576/2758 2580/2579/2761
f 2580/2579/2761 2587/2586/2777 2578/2577/2776
f 2465/2464/2759 2467/2466/2762 2582/2581/2764
f 2582/2581/2764 2579/2578/2760 2465/2464/2759
f 2550/2549/2752 2572/2571/2772 2584/2583/2775
f 2584/2583/2775 2574/2573/2753 2550/2549/2752
f 2571/2570/2773 2576/2575/2778 2586/2585/2778
f 2586/2585/2778 2585/2584/2774 2571/2570/2773
f 2576/2575/2778 2578/2577/2776 2587/2586/2777
f 2587/2586/2777 2586/2585/2778 2576/2575/2778
f 2587/2586/2779 2588/2587/2780 2586/2585/2771
f 2573/2572/2763 2570/2569/2751 2575/2574/2754
f 2575/2574/2754 2581/2580/2763 2573/2572/2763
f 2552/2551/2701 2463/2462/2570 2578/2577/2757
f 2578/2577/2757 2576/2575/2755 2552/2551/2701
f 2551/2550/2700 2553/2552/2702 2463/2462/2570
f 2463/2462/2570 2552/2551/2701 2551/2550/2700
f 2589/2588/2781 2590/2589/2782 2591/2590/2783
f 2591/2590/2783 2592/2591/2784 2589/2588/2781
f 2593/2592/2785 2594/2593/2786 2595/2594/2787
f 2595/2594/2787 2596/2595/2788 2593/2592/2785
f 2580/2579/2789 2579/2578/2790 2597/2596/2791
f 2597/2596/2791 2598/2597/2792 2580/2579/2789
f 2587/2586/2779 2580/2579/2789 2598/2597/2792
f 2598/2597/2792 2588/2587/2780 2587/2586/2779
f 2579/2578/2790 2582/2581/2767 2583/2582/2766
f 2583/2582/2766 2597/2596/2791 2579/2578/2790
f 2591/2590/2793 2596/2595/2794 2595/2594/2795
f 2595/2594/2795 2592/2591/2795 2591/2590/2793
f 2599/2598/2796 2596/2595/2794 2591/2590/2793
f 2591/2590/2793 2600/2599/2796 2599/2598/2796
f 2601/2600/2797 2593/2592/2785 2596/2595/2788
f 2596/2595/2788 2599/2598/2797 2601/2600/2797
f 2590/2589/2782 2602/2601/2798 2600/2599/2798
f 2600/2599/2798 2591/2590/2783 2590/2589/2782
f 2594/2593/2786 2589/2588/2781 2592/2591/2784
f 2592/2591/2784 2595/2594/2787 2594/2593/2786
f 2602/2601/2799 2601/2600/2799 2599/2598/2799
f 2599/2598/2799 2600/2599/2799 2602/2601/2799
f 2598/2597/2800 2597/2596/2801 2589/2588/2781
f 2589/2588/2781 2594/2593/2786 2598/2597/2800
f 2593/2592/2799 2590/2589/2799 2583/2582/2799
f 2583/2582/2799 2588/2587/2799 2593/2592/2799
f 2590/2589/2802 2593/2592/2802 2601/2600/2802
f 2601/2600/2802 2602/2601/2802 2590/2589/2802
f 2588/2587/2803 2598/2597/2800 2594/2593/2786
f 2594/2593/2786 2593/2592/2785 2588/2587/2803
f 2597/2596/2801 2583/2582/2804 2590/2589/2782
f 2590/2589/2782 2589/2588/2781 2597/2596/2801
f 2583/2582/2766 2581/2580/2765 2586/2585/2771
f 2586/2585/2771 2588/2587/2780 2583/2582/2766
f 2603/2602/2805 2604/2603/2806 2605/2604/2807
f 2605/2604/2807 2606/2605/2807 2603/2602/2805
f 2607/2606/2808 2608/2607/2808 2609/2608/2809
f 2609/2608/2809 2610/2609/2810 2607/2606/2808
f 2611/2610/2811 2612/2611/2812 2613/2612/2813
f 2613/2612/2813 2614/2613/2814 2611/2610/2811
f 2614/2613/2814 2613/2612/2813 2615/2614/2815
f 2615/2614/2815 2616/2615/2815 2614/2613/2814
f 2616/2615/2815 2615/2614/2815 2617/2616/2816
f 2617/2616/2816 2618/2617/2816 2616/2615/2815
f 2618/2617/2816 2617/2616/2816 2619/2618/330
f 2619/2618/330 2620/2619/330 2618/2617/2816
f 2621/2620/2817 2622/2621/2818 2623/2622/24
f 2623/2622/24 2624/2623/24 2621/2620/2817
f 2625/2624/2819 2626/2625/2820 2612/2611/2812
f 2612/2611/2812 2611/2610/2811 2625/2624/2819
f 2627/2626/2810 2628/2627/2809 2629/2628/2808
f 2629/2628/2808 2630/2629/2808 2627/2626/2810
f 2631/2630/2821 2632/2631/2822 2626/2625/2820
f 2626/2625/2820 2625/2624/2819 2631/2630/2821
f 2633/2632/2814 2634/2633/2813 2635/2634/2823
f 2635/2634/2823 2636/2635/2824 2633/2632/2814
f 2610/2609/2810 2609/2608/2809 2632/2631/2822
f 2632/2631/2822 2631/2630/2821 2610/2609/2810
f 2637/2636/2825 2638/2637/2825 2634/2633/2813
f 2634/2633/2813 2633/2632/2814 2637/2636/2825
f 2639/2638/2826 2640/2639/2826 2641/2640/2807
f 2641/2640/2807 2642/2641/2807 2639/2638/2826
f 2643/2642/2827 2644/2643/2827 2638/2637/2825
f 2638/2637/2825 2637/2636/2825 2643/2642/2827
f 2645/2644/552 2646/2645/552 2647/2646/552
f 2647/2646/552 2648/2647/552 2645/2644/552
f 2649/2648/330 2650/2649/330 2644/2643/2827
f 2644/2643/2827 2643/2642/2827 2649/2648/330
f 2651/2650/2805 2652/2651/2828 2653/2652/2829
f 2653/2652/2829 2654/2653/2830 2651/2650/2805
f 2655/2654/24 2656/2655/24 2657/2656/2818
f 2657/2656/2818 2658/2657/2817 2655/2654/24
f 2654/2653/2830 2653/2652/2829 2659/2658/2831
f 2659/2658/2831 2660/2659/2832 2654/2653/2830
f 2636/2635/2824 2635/2634/2823 2661/2660/2833
f 2661/2660/2833 2662/2661/2834 2636/2635/2824
f 2660/2659/2832 2659/2658/2831 2663/2662/2835
f 2663/2662/2835 2664/2663/2836 2660/2659/2832
f 2662/2661/2834 2661/2660/2833 2665/2664/2822
f 2665/2664/2822 2666/2665/2837 2662/2661/2834
f 2664/2663/2836 2663/2662/2835 2667/2666/2838
f 2667/2666/2838 2668/2667/2839 2664/2663/2836
f 2666/2665/2837 2665/2664/2822 2628/2627/2809
f 2628/2627/2809 2627/2626/2810 2666/2665/2837
f 2648/2647/552 2647/2646/552 2640/2639/2826
f 2640/2639/2826 2639/2638/2826 2648/2647/552
f 2606/2605/2807 2605/2604/2807 2669/2668/2826
f 2669/2668/2826 2670/2669/2826 2606/2605/2807
f 2671/2670/2840 2672/2671/2841 2622/2621/2818
f 2622/2621/2818 2621/2620/2817 2671/2670/2840
f 2673/2672/552 2674/2673/552 2675/2674/552
f 2675/2674/552 2676/2675/552 2673/2672/552
f 2668/2667/2839 2667/2666/2838 2672/2671/2841
f 2672/2671/2841 2671/2670/2840 2668/2667/2839
f 2677/2676/2842 2678/2677/2829 2604/2603/2806
f 2604/2603/2806 2603/2602/2805 2677/2676/2842
f 2624/2623/24 2623/2622/24 2608/2607/24
f 2608/2607/24 2607/2606/24 2624/2623/24
f 2679/2678/2843 2680/2679/2844 2678/2677/2829
f 2678/2677/2829 2677/2676/2842 2679/2678/2843
f 2642/2641/2807 2641/2640/2807 2652/2651/2828
f 2652/2651/2828 2651/2650/2805 2642/2641/2807
f 2681/2680/2845 2682/2681/2835 2680/2679/2844
f 2680/2679/2844 2679/2678/2843 2681/2680/2845
f 2683/2682/2839 2684/2683/2846 2682/2681/2835
f 2682/2681/2835 2681/2680/2845 2683/2682/2839
f 2670/2669/2826 2669/2668/2826 2674/2673/552
f 2674/2673/552 2673/2672/552 2670/2669/2826
f 2658/2657/2817 2657/2656/2818 2685/2684/2847
f 2685/2684/2847 2686/2685/2848 2658/2657/2817
f 2686/2685/2848 2685/2684/2847 2684/2683/2846
f 2684/2683/2846 2683/2682/2839 2686/2685/2848
f 2630/2629/24 2629/2628/24 2656/2655/24
f 2656/2655/24 2655/2654/24 2630/2629/24
f 2516/2515/2634 2514/2513/2633 2510/2509/2658
f 2510/2509/2658 2533/2532/2657 2516/2515/2634
f 2391/2390/2440 2365/2364/2439 2366/2365/2397
f 2366/2365/2397 2368/2367/2400 2391/2390/2440
f 2687/2686/2849 2688/2687/2850 2689/2688/2851
f 2690/2689/2852 2691/2690/2853 2692/2691/2854
f 2692/2691/2854 2693/2692/2855 2690/2689/2852
f 2694/2693/2856 2695/2694/2857 2696/2695/230
f 2696/2695/230 2697/2696/24 2694/2693/2856
f 2695/2694/2857 2698/2697/2858 2699/2698/24
f 2699/2698/24 2696/2695/230 2695/2694/2857
f 2698/2697/2858 2700/2699/2859 2701/2700/24
f 2701/2700/24 2699/2698/24 2698/2697/2858
f 2700/2699/2859 2702/2701/2860 2703/2702/24
f 2703/2702/24 2701/2700/24 2700/2699/2859
f 2702/2701/2860 2704/2703/2861 2705/2704/54
f 2705/2704/54 2703/2702/24 2702/2701/2860
f 2704/2703/2861 2706/2705/2862 2707/2706/54
f 2707/2706/54 2705/2704/54 2704/2703/2861
f 2708/2707/2863 2709/2708/2864 2710/2709/2865
f 2710/2709/2865 2711/2710/2866 2708/2707/2863
f 2712/2711/2867 2713/2712/2868 2709/2708/2869
f 2709/2708/2869 2708/2707/2870 2712/2711/2867
f 2714/2713/2871 2715/2714/2872 2713/2712/2868
f 2713/2712/2868 2712/2711/2867 2714/2713/2871
f 2716/2715/2873 2717/2716/2874 2715/2714/2872
f 2715/2714/2872 2714/2713/2871 2716/2715/2873
f 2718/2717/2875 2719/2718/2876 2717/2716/2874
f 2717/2716/2874 2716/2715/2873 2718/2717/2875
f 2720/2719/2877 2721/2720/2878 2719/2718/2879
f 2719/2718/2879 2718/2717/2880 2720/2719/2877
f 2695/2694/2857 2694/2693/2856 2722/2721/2881
f 2722/2721/2881 2723/2722/2882 2695/2694/2857
f 2724/2723/2883 2725/2724/2884 2726/2725/2885
f 2726/2725/2885 2727/2726/230 2724/2723/2883
f 2728/2727/2886 2729/2728/2887 2730/2729/2888
f 2729/2728/2887 2728/2727/2886 2731/2730/2889
f 2731/2730/2889 2732/2731/2890 2729/2728/2887
f 2707/2706/54 2733/2732/2891 2734/2733/2892
f 2734/2733/2892 2735/2734/2893 2707/2706/54
f 2736/2735/2894 2737/2736/2895 2738/2737/2896
f 2736/2735/2894 2739/2738/2897 2737/2736/2895
f 2739/2738/2897 2736/2735/2894 2740/2739/2898
f 2740/2739/2898 2741/2740/2899 2739/2738/2897
f 2740/2739/2898 2742/2741/2900 2741/2740/2899
f 2740/2739/2898 2743/2742/2901 2742/2741/2900
f 2690/2689/2852 2693/2692/2855 2743/2742/2901
f 2743/2742/2901 2740/2739/2898 2690/2689/2852
f 2726/2725/2885 2725/2724/2884 2744/2743/2902
f 2744/2743/2902 2745/2744/2903 2726/2725/2885
f 2746/2745/2904 2747/2746/2905 2748/2747/2906
f 2748/2747/2906 2749/2748/2907 2746/2745/2904
f 2736/2735/2894 2750/2749/2908 2751/2750/2909
f 2736/2735/2894 2751/2750/2909 2752/2751/2910
f 2740/2739/2898 2736/2735/2894 2752/2751/2910
f 2752/2751/2910 2753/2752/2911 2740/2739/2898
f 2740/2739/2898 2753/2752/2911 2754/2753/2912
f 2755/2754/2913 2756/2755/2914 2757/2756/2915
f 2757/2756/2915 2758/2757/2916 2755/2754/2913
f 2721/2720/2878 2731/2730/2889 2759/2758/2917
f 2759/2758/2917 2760/2759/2918 2721/2720/2878
f 2761/2760/2919 2762/2761/2920 2687/2686/2849
f 2687/2686/2849 2689/2688/2851 2761/2760/2919
f 2763/2762/2921 2710/2709/2865 2764/2763/2922
f 2764/2763/2922 2765/2764/2923 2763/2762/2921
f 2755/2754/2913 2740/2739/2898 2766/2765/2924
f 2766/2765/2924 2756/2755/2914 2755/2754/2913
f 2736/2735/2894 2767/2766/2925 2768/2767/2926
f 2768/2767/2926 2750/2749/2908 2736/2735/2894
f 2730/2729/2888 2729/2728/2887 2769/2768/2927
f 2769/2768/2927 2729/2728/2887 2747/2746/2928
f 2770/2769/2929 2771/2770/2930 2772/2771/2931
f 2773/2772/2932 2774/2773/2933 2746/2745/2934
f 2746/2745/2934 2749/2748/2935 2773/2772/2932
f 2731/2730/2889 2728/2727/2936 2775/2774/2937
f 2775/2774/2937 2759/2758/2917 2731/2730/2889
f 2776/2775/2938 2777/2776/2939 2745/2744/2903
f 2745/2744/2903 2744/2743/2902 2776/2775/2938
f 2747/2746/2928 2729/2728/2887 2778/2777/2940
f 2778/2777/2940 2748/2747/2941 2747/2746/2928
f 2722/2721/2881 2720/2719/2877 2718/2717/2880
f 2718/2717/2880 2723/2722/2882 2722/2721/2881
f 2723/2722/2942 2718/2717/2875 2716/2715/2873
f 2716/2715/2873 2779/2778/2943 2723/2722/2942
f 2779/2778/2943 2716/2715/2873 2714/2713/2871
f 2714/2713/2871 2780/2779/2944 2779/2778/2943
f 2780/2779/2944 2714/2713/2871 2712/2711/2867
f 2712/2711/2867 2781/2780/2945 2780/2779/2944
f 2781/2780/2945 2712/2711/2867 2708/2707/2870
f 2708/2707/2870 2782/2781/2946 2781/2780/2945
f 2782/2781/2947 2708/2707/2863 2711/2710/2866
f 2711/2710/2866 2783/2782/2948 2782/2781/2947
f 2778/2777/2940 2729/2728/2887 2732/2731/2890
f 2732/2731/2890 2784/2783/2949 2778/2777/2940
f 2693/2692/2855 2785/2784/2950 2786/2785/2951
f 2786/2785/2951 2743/2742/2901 2693/2692/2855
f 2787/2786/2952 2788/2787/2953 2789/2788/2953
f 2789/2788/2953 2790/2789/2954 2787/2786/2952
f 2791/2790/2955 2784/2783/2949 2722/2721/2881
f 2722/2721/2881 2694/2693/2856 2791/2790/2955
f 2732/2731/2890 2720/2719/2877 2722/2721/2881
f 2722/2721/2881 2784/2783/2949 2732/2731/2890
f 2698/2697/2858 2695/2694/2956 2723/2722/2942
f 2723/2722/2942 2779/2778/2943 2698/2697/2858
f 2700/2699/2859 2698/2697/2858 2779/2778/2943
f 2779/2778/2943 2780/2779/2944 2700/2699/2859
f 2702/2701/2860 2700/2699/2859 2780/2779/2944
f 2780/2779/2944 2781/2780/2945 2702/2701/2860
f 2704/2703/2957 2702/2701/2860 2781/2780/2945
f 2781/2780/2945 2782/2781/2946 2704/2703/2957
f 2706/2705/2862 2704/2703/2861 2782/2781/2947
f 2782/2781/2947 2783/2782/2948 2706/2705/2862
f 2792/2791/2958 2767/2766/2925 2736/2735/2894
f 2736/2735/2894 2738/2737/2896 2792/2791/2958
f 2793/2792/2959 2706/2705/2862 2783/2782/2948
f 2783/2782/2948 2794/2793/2960 2793/2792/2959
f 2794/2793/2960 2795/2794/2961 2796/2795/2962
f 2796/2795/2962 2793/2792/2959 2794/2793/2960
f 2791/2790/2955 2778/2777/2940 2784/2783/2949
f 2746/2745/2934 2774/2773/2933 2797/2796/2963
f 2797/2796/2963 2798/2797/2964 2746/2745/2934
f 2799/2798/2965 2800/2799/2966 2801/2800/2967
f 2801/2800/2967 2802/2801/2968 2799/2798/2965
f 2710/2709/2865 2709/2708/2864 2803/2802/2969
f 2803/2802/2969 2764/2763/2922 2710/2709/2865
f 2709/2708/2864 2713/2712/2868 2804/2803/2970
f 2804/2803/2970 2803/2802/2969 2709/2708/2864
f 2713/2712/2868 2715/2714/2872 2805/2804/2971
f 2805/2804/2971 2804/2803/2970 2713/2712/2868
f 2715/2714/2872 2717/2716/2874 2806/2805/2972
f 2806/2805/2972 2805/2804/2971 2715/2714/2872
f 2717/2716/2874 2719/2718/2879 2807/2806/2973
f 2807/2806/2973 2806/2805/2972 2717/2716/2874
f 2719/2718/2879 2721/2720/2878 2760/2759/2918
f 2760/2759/2918 2807/2806/2973 2719/2718/2879
f 2740/2739/2898 2754/2753/2912 2766/2765/2924
f 2808/2807/2974 2791/2790/2955 2694/2693/2856
f 2694/2693/2856 2697/2696/24 2808/2807/2974
f 2687/2686/2849 2809/2808/2975 2810/2809/2976
f 2811/2810/2977 2812/2811/2978 2813/2812/2979
f 2813/2812/2979 2814/2813/2980 2811/2810/2977
f 2705/2704/54 2707/2706/54 2735/2734/2893
f 2735/2734/2893 2815/2814/2981 2705/2704/54
f 2703/2702/24 2705/2704/54 2815/2814/2981
f 2815/2814/2981 2816/2815/2982 2703/2702/24
f 2701/2700/24 2703/2702/24 2816/2815/2982
f 2816/2815/2982 2817/2816/2983 2701/2700/24
f 2699/2698/24 2701/2700/24 2817/2816/2983
f 2817/2816/2983 2818/2817/2984 2699/2698/24
f 2696/2695/230 2699/2698/24 2818/2817/2984
f 2818/2817/2984 2819/2818/2985 2696/2695/230
f 2697/2696/24 2696/2695/230 2819/2818/2985
f 2819/2818/2985 2820/2819/2951 2697/2696/24
f 2791/2790/2955 2808/2807/2974 2748/2747/2941
f 2748/2747/2941 2778/2777/2940 2791/2790/2955
f 2821/2820/2986 2822/2821/2987 2773/2772/2932
f 2773/2772/2932 2749/2748/2935 2821/2820/2986
f 2823/2822/2988 2691/2690/2853 2690/2689/2852
f 2755/2754/2913 2824/2823/2989 2823/2822/2988
f 2823/2822/2988 2690/2689/2852 2755/2754/2913
f 2758/2757/2916 2824/2823/2989 2755/2754/2913
f 2825/2824/2990 2758/2757/2916 2757/2756/2915
f 2757/2756/2915 2826/2825/2991 2825/2824/2990
f 2827/2826/2992 2828/2827/2993 2829/2828/2994
f 2829/2828/2994 2830/2829/2995 2827/2826/2992
f 2798/2797/2964 2797/2796/2963 2831/2830/2996
f 2831/2830/2996 2832/2831/2997 2798/2797/2964
f 2833/2832/2998 2691/2690/2853 2823/2822/2988
f 2823/2822/2988 2834/2833/2999 2833/2832/2998
f 2835/2834/3000 2824/2823/2989 2758/2757/2916
f 2758/2757/2916 2825/2824/2990 2835/2834/3000
f 2834/2833/2999 2823/2822/2988 2824/2823/2989
f 2824/2823/2989 2835/2834/3000 2834/2833/2999
f 2836/2835/3001 2837/2836/3002 2800/2799/2966
f 2800/2799/2966 2799/2798/3003 2836/2835/3001
f 2832/2831/3004 2730/2729/3005 2769/2768/3006
f 2769/2768/3006 2798/2797/3007 2832/2831/3004
f 2838/2837/3008 2728/2727/3008 2730/2729/3005
f 2730/2729/3005 2832/2831/3004 2838/2837/3008
f 2798/2797/3007 2769/2768/3006 2747/2746/2905
f 2747/2746/2905 2746/2745/2904 2798/2797/3007
f 2785/2784/2950 2839/2838/3009 2840/2839/2987
f 2711/2710/2866 2710/2709/2865 2763/2762/2921
f 2763/2762/2921 2841/2840/3010 2711/2710/2866
f 2827/2826/2992 2842/2841/3011 2828/2827/2993
f 2843/2842/24 2844/2843/3012 2845/2844/3013
f 2845/2844/3013 2846/2845/24 2843/2842/24
f 2847/2846/24 2848/2847/3014 2844/2843/3012
f 2844/2843/3012 2843/2842/24 2847/2846/24
f 2849/2848/24 2850/2849/3015 2848/2847/3014
f 2848/2847/3014 2847/2846/24 2849/2848/24
f 2851/2850/24 2852/2851/3016 2850/2849/3015
f 2850/2849/3015 2849/2848/24 2851/2850/24
f 2853/2852/230 2854/2853/3017 2852/2851/3016
f 2852/2851/3016 2851/2850/24 2853/2852/230
f 2727/2726/230 2726/2725/2885 2854/2853/3017
f 2854/2853/3017 2853/2852/230 2727/2726/230
f 2855/2854/3018 2856/2855/3019 2857/2856/3020
f 2857/2856/3020 2777/2776/2939 2855/2854/3018
f 2856/2855/3021 2858/2857/3022 2859/2858/3023
f 2859/2858/3023 2857/2856/3024 2856/2855/3021
f 2858/2857/3022 2860/2859/3025 2861/2860/3026
f 2861/2860/3026 2859/2858/3023 2858/2857/3022
f 2860/2859/3025 2862/2861/3027 2863/2862/3028
f 2863/2862/3028 2861/2860/3026 2860/2859/3025
f 2862/2861/3027 2864/2863/3029 2865/2864/3030
f 2865/2864/3030 2863/2862/3028 2862/2861/3027
f 2864/2863/3031 2813/2812/2979 2866/2865/3032
f 2866/2865/3032 2865/2864/3033 2864/2863/3031
f 2845/2844/3013 2844/2843/3012 2867/2866/3034
f 2867/2866/3034 2868/2867/3035 2845/2844/3013
f 2836/2835/3036 2869/2868/3037 2870/2869/3038
f 2812/2811/2978 2836/2835/3036 2870/2869/3038
f 2870/2869/3038 2871/2870/3039 2812/2811/2978
f 2872/2871/3040 2724/2723/2883 2727/2726/230
f 2727/2726/230 2873/2872/3041 2872/2871/3040
f 2874/2873/3042 2875/2874/3043 2876/2875/3044
f 2874/2873/3042 2876/2875/3044 2877/2876/3045
f 2878/2877/3046 2770/2769/2929 2874/2873/3042
f 2874/2873/3042 2877/2876/3045 2878/2877/3046
f 2770/2769/2929 2878/2877/3046 2879/2878/3047
f 2770/2769/2929 2879/2878/3047 2880/2879/3048
f 2880/2879/3048 2828/2827/2993 2842/2841/3011
f 2842/2841/3011 2770/2769/2929 2880/2879/3048
f 2831/2830/2996 2881/2880/3049 2838/2837/3050
f 2838/2837/3050 2832/2831/2997 2831/2830/2996
f 2790/2789/2954 2882/2881/3051 2883/2882/3052
f 2883/2882/3052 2787/2786/2952 2790/2789/2954
f 2874/2873/3042 2884/2883/3053 2885/2884/3054
f 2874/2873/3042 2886/2885/3055 2884/2883/3053
f 2874/2873/3042 2770/2769/2929 2887/2886/3056
f 2887/2886/3056 2886/2885/3055 2874/2873/3042
f 2770/2769/2929 2772/2771/2931 2887/2886/3056
f 2888/2887/3057 2889/2888/3058 2890/2889/3059
f 2890/2889/3059 2891/2890/3060 2888/2887/3057
f 2783/2782/2948 2711/2710/2866 2841/2840/3010
f 2841/2840/3010 2794/2793/2960 2783/2782/2948
f 2892/2891/3061 2855/2854/3018 2893/2892/3062
f 2893/2892/3062 2894/2893/3063 2892/2891/3061
f 2770/2769/2929 2842/2841/3011 2890/2889/3059
f 2687/2686/2849 2874/2873/3042 2885/2884/3054
f 2885/2884/3054 2688/2687/2850 2687/2686/2849
f 2869/2868/3037 2895/2894/3064 2870/2869/3038
f 2895/2894/3064 2882/2881/3065 2870/2869/3038
f 2896/2895/3066 2762/2761/2920 2761/2760/2919
f 2761/2760/2919 2897/2896/3067 2896/2895/3066
f 2883/2882/3068 2898/2897/3069 2899/2898/3070
f 2899/2898/3070 2787/2786/3071 2883/2882/3068
f 2837/2836/3002 2836/2835/3001 2812/2811/2978
f 2812/2811/2978 2811/2810/2977 2837/2836/3002
f 2900/2899/3072 2870/2869/3038 2882/2881/3065
f 2882/2881/3065 2790/2789/3073 2900/2899/3072
f 2865/2864/3033 2866/2865/3032 2868/2867/3035
f 2868/2867/3035 2867/2866/3034 2865/2864/3033
f 2863/2862/3028 2865/2864/3030 2867/2866/3074
f 2867/2866/3074 2901/2900/3075 2863/2862/3028
f 2861/2860/3026 2863/2862/3028 2901/2900/3075
f 2901/2900/3075 2902/2901/3076 2861/2860/3026
f 2859/2858/3023 2861/2860/3026 2902/2901/3076
f 2902/2901/3076 2903/2902/3077 2859/2858/3023
f 2857/2856/3024 2859/2858/3023 2903/2902/3077
f 2903/2902/3077 2904/2903/3078 2857/2856/3024
f 2777/2776/2939 2857/2856/3020 2904/2903/3079
f 2904/2903/3079 2745/2744/2903 2777/2776/2939
f 2871/2870/3039 2870/2869/3038 2900/2899/3072
f 2900/2899/3072 2905/2904/3080 2871/2870/3039
f 2906/2905/3081 2828/2827/2993 2880/2879/3048
f 2880/2879/3048 2907/2906/3082 2906/2905/3081
f 2908/2907/3083 2796/2795/2962 2795/2794/2961
f 2795/2794/2961 2909/2908/3084 2908/2907/3083
f 2910/2909/3085 2845/2844/3013 2868/2867/3035
f 2868/2867/3035 2905/2904/3080 2910/2909/3085
f 2871/2870/3039 2905/2904/3080 2868/2867/3035
f 2868/2867/3035 2866/2865/3032 2871/2870/3039
f 2844/2843/3086 2848/2847/3014 2901/2900/3075
f 2901/2900/3075 2867/2866/3074 2844/2843/3086
f 2848/2847/3014 2850/2849/3015 2902/2901/3076
f 2902/2901/3076 2901/2900/3075 2848/2847/3014
f 2850/2849/3015 2852/2851/3016 2903/2902/3077
f 2903/2902/3077 2902/2901/3076 2850/2849/3015
f 2852/2851/3016 2854/2853/3087 2904/2903/3078
f 2904/2903/3078 2903/2902/3077 2852/2851/3016
f 2854/2853/3017 2726/2725/2885 2745/2744/2903
f 2745/2744/2903 2904/2903/3079 2854/2853/3017
f 2875/2874/3043 2874/2873/3042 2687/2686/2849
f 2687/2686/2849 2810/2809/2976 2875/2874/3043
f 2910/2909/3085 2905/2904/3080 2900/2899/3072
f 2911/2910/3088 2898/2897/3069 2883/2882/3068
f 2883/2882/3068 2912/2911/3089 2911/2910/3088
f 2706/2705/2862 2793/2792/2959 2733/2732/2891
f 2733/2732/2891 2707/2706/54 2706/2705/2862
f 2913/2912/3090 2856/2855/3019 2855/2854/3018
f 2855/2854/3018 2892/2891/3061 2913/2912/3090
f 2914/2913/3091 2858/2857/3022 2856/2855/3019
f 2856/2855/3019 2913/2912/3090 2914/2913/3091
f 2915/2914/3092 2860/2859/3025 2858/2857/3022
f 2858/2857/3022 2914/2913/3091 2915/2914/3092
f 2916/2915/3093 2862/2861/3027 2860/2859/3025
f 2860/2859/3025 2915/2914/3092 2916/2915/3093
f 2917/2916/3094 2864/2863/3031 2862/2861/3027
f 2862/2861/3027 2916/2915/3093 2917/2916/3094
f 2814/2813/2980 2813/2812/2979 2864/2863/3031
f 2864/2863/3031 2917/2916/3094 2814/2813/2980
f 2732/2731/2890 2731/2730/2889 2721/2720/2878
f 2721/2720/2878 2720/2719/2877 2732/2731/2890
f 2845/2844/3013 2910/2909/3085 2789/2788/3095
f 2789/2788/3095 2846/2845/24 2845/2844/3013
f 2873/2872/3041 2727/2726/230 2853/2852/230
f 2853/2852/230 2918/2917/3096 2873/2872/3041
f 2918/2917/3096 2853/2852/230 2851/2850/24
f 2851/2850/24 2919/2918/3097 2918/2917/3096
f 2919/2918/3097 2851/2850/24 2849/2848/24
f 2849/2848/24 2920/2919/3098 2919/2918/3097
f 2920/2919/3098 2849/2848/24 2847/2846/24
f 2847/2846/24 2921/2920/3099 2920/2919/3098
f 2921/2920/3099 2847/2846/24 2843/2842/24
f 2843/2842/24 2922/2921/3100 2921/2920/3099
f 2922/2921/3100 2843/2842/24 2846/2845/24
f 2846/2845/24 2923/2922/3082 2922/2921/3100
f 2789/2788/3095 2910/2909/3085 2900/2899/3072
f 2900/2899/3072 2790/2789/3073 2789/2788/3095
f 2924/2923/3081 2789/2788/3095 2788/2787/3101
f 2788/2787/3101 2925/2924/3102 2924/2923/3081
f 2926/2925/3103 2842/2841/3011 2827/2826/2992
f 2926/2925/3103 2927/2926/3104 2890/2889/3059
f 2890/2889/3059 2842/2841/3011 2926/2925/3103
f 2891/2890/3060 2890/2889/3059 2927/2926/3104
f 2888/2887/3057 2891/2890/3060 2928/2927/3105
f 2928/2927/3105 2929/2928/3106 2888/2887/3057
f 2801/2800/2967 2911/2910/3088 2912/2911/3089
f 2912/2911/3089 2802/2801/2968 2801/2800/2967
f 2926/2925/3103 2827/2826/2992 2830/2829/2995
f 2830/2829/2995 2930/2929/3107 2926/2925/3103
f 2891/2890/3060 2927/2926/3104 2931/2930/3108
f 2931/2930/3108 2928/2927/3105 2891/2890/3060
f 2925/2924/3102 2788/2787/3101 2787/2786/3071
f 2787/2786/3071 2899/2898/3070 2925/2924/3102
f 2927/2926/3104 2926/2925/3103 2930/2929/3107
f 2930/2929/3107 2931/2930/3108 2927/2926/3104
f 2872/2871/3040 2932/2931/3109 2933/2932/2883
f 2933/2932/2883 2724/2723/2883 2872/2871/3040
f 2895/2894/3110 2869/2868/3111 2802/2801/3112
f 2802/2801/3112 2912/2911/3113 2895/2894/3110
f 2869/2868/3111 2836/2835/3114 2799/2798/3114
f 2799/2798/3114 2802/2801/3112 2869/2868/3111
f 2882/2881/3051 2895/2894/3110 2912/2911/3113
f 2912/2911/3113 2883/2882/3052 2882/2881/3051
f 2934/2933/3115 2935/2934/3116 2936/2935/3117
f 2936/2935/3117 2937/2936/3118 2934/2933/3115
f 2765/2764/2923 2938/2937/3119 2936/2935/3117
f 2936/2935/3117 2763/2762/2921 2765/2764/2923
f 2939/2938/3120 2940/2939/3121 2762/2761/2920
f 2762/2761/2920 2896/2895/3066 2939/2938/3120
f 2909/2908/3084 2795/2794/2961 2935/2934/3116
f 2935/2934/3116 2934/2933/3115 2909/2908/3084
f 2889/2888/3058 2771/2770/2930 2770/2769/2929
f 2770/2769/2929 2890/2889/3059 2889/2888/3058
f 2792/2791/2958 2941/2940/3122 2767/2766/2925
f 2932/2931/3109 2942/2941/3123 2943/2942/2891
f 2943/2942/2891 2933/2932/2883 2932/2931/3109
f 2933/2932/2883 2943/2942/2891 2796/2795/2962
f 2796/2795/2962 2908/2907/3083 2933/2932/2883
f 2893/2892/3062 2855/2854/3018 2777/2776/2939
f 2777/2776/2939 2776/2775/2938 2893/2892/3062
f 2763/2762/2921 2936/2935/3117 2935/2934/3116
f 2935/2934/3116 2841/2840/3010 2763/2762/2921
f 2776/2775/2938 2934/2933/3115 2937/2936/3118
f 2937/2936/3118 2893/2892/3062 2776/2775/2938
f 2893/2892/3062 2937/2936/3118 2944/2943/3124
f 2944/2943/3124 2894/2893/3063 2893/2892/3062
f 2767/2766/2925 2896/2895/3066 2897/2896/3067
f 2897/2896/3067 2945/2944/3125 2767/2766/2925
f 2833/2832/2998 2946/2945/2932 2840/2839/2987
f 2840/2839/2987 2839/2838/3009 2833/2832/2998
f 2939/2938/3120 2896/2895/3066 2767/2766/2925
f 2767/2766/2925 2941/2940/3122 2939/2938/3120
f 2725/2724/2884 2908/2907/3083 2909/2908/3084
f 2909/2908/3084 2744/2743/2902 2725/2724/2884
f 2687/2686/2849 2762/2761/2920 2940/2939/3121
f 2940/2939/3121 2809/2808/2975 2687/2686/2849
f 2841/2840/3010 2935/2934/3116 2795/2794/2961
f 2795/2794/2961 2794/2793/2960 2841/2840/3010
f 2744/2743/2902 2909/2908/3084 2934/2933/3115
f 2934/2933/3115 2776/2775/2938 2744/2743/2902
f 2937/2936/3118 2936/2935/3117 2938/2937/3119
f 2938/2937/3119 2944/2943/3124 2937/2936/3118
f 2690/2689/2852 2740/2739/2898 2755/2754/2913
f 2733/2732/2891 2943/2942/2891 2942/2941/3123
f 2942/2941/3123 2734/2733/2892 2733/2732/2891
f 2767/2766/2925 2945/2944/3125 2768/2767/2926
f 2793/2792/2959 2796/2795/2962 2943/2942/2891
f 2943/2942/2891 2733/2732/2891 2793/2792/2959
f 2724/2723/2883 2933/2932/2883 2908/2907/3083
f 2908/2907/3083 2725/2724/2884 2724/2723/2883
f 2839/2838/3009 2785/2784/2950 2693/2692/2855
f 2693/2692/2855 2692/2691/2854 2839/2838/3009
f 2766/2765/2924 2947/2946/2918 2948/2947/2917
f 2948/2947/2917 2756/2755/2914 2766/2765/2924
f 2743/2742/2901 2786/2785/2951 2949/2948/2985
f 2949/2948/2985 2742/2741/2900 2743/2742/2901
f 2742/2741/2900 2949/2948/2985 2950/2949/2984
f 2950/2949/2984 2741/2740/2899 2742/2741/2900
f 2741/2740/2899 2950/2949/2984 2951/2950/2983
f 2951/2950/2983 2739/2738/2897 2741/2740/2899
f 2739/2738/2897 2951/2950/2983 2952/2951/2982
f 2952/2951/2982 2737/2736/2895 2739/2738/2897
f 2737/2736/2895 2952/2951/2982 2953/2952/2981
f 2953/2952/2981 2738/2737/2896 2737/2736/2895
f 2738/2737/2896 2953/2952/2981 2954/2953/2893
f 2954/2953/2893 2792/2791/2958 2738/2737/2896
f 2955/2954/2950 2808/2807/2974 2697/2696/24
f 2697/2696/24 2820/2819/2951 2955/2954/2950
f 2754/2753/2912 2956/2955/2973 2947/2946/2918
f 2947/2946/2918 2766/2765/2924 2754/2753/2912
f 2753/2752/2911 2957/2956/2972 2956/2955/2973
f 2956/2955/2973 2754/2753/2912 2753/2752/2911
f 2752/2751/2910 2958/2957/2971 2957/2956/2972
f 2957/2956/2972 2753/2752/2911 2752/2751/2910
f 2751/2750/2909 2959/2958/2970 2958/2957/2971
f 2958/2957/2971 2752/2751/2910 2751/2750/2909
f 2750/2749/2908 2960/2959/2969 2959/2958/2970
f 2959/2958/2970 2751/2750/2909 2750/2749/2908
f 2768/2767/2926 2961/2960/2922 2960/2959/2969
f 2960/2959/2969 2750/2749/2908 2768/2767/2926
f 2756/2755/2914 2948/2947/2917 2962/2961/2937
f 2962/2961/2937 2757/2756/2915 2756/2755/2914
f 2835/2834/3000 2963/2962/2963 2964/2963/2933
f 2964/2963/2933 2834/2833/2999 2835/2834/3000
f 2825/2824/2990 2965/2964/2996 2963/2962/2963
f 2963/2962/2963 2835/2834/3000 2825/2824/2990
f 2826/2825/2991 2966/2965/3049 2965/2964/2996
f 2965/2964/2996 2825/2824/2990 2826/2825/2991
f 2967/2966/3070 2830/2829/2995 2829/2828/2994
f 2829/2828/2994 2968/2967/3102 2967/2966/3070
f 2834/2833/2999 2964/2963/2933 2946/2945/2932
f 2946/2945/2932 2833/2832/2998 2834/2833/2999
f 2966/2965/3049 2826/2825/2991 2757/2756/2915
f 2757/2756/2915 2962/2961/2937 2966/2965/3049
f 2969/2968/2980 2771/2770/2930 2889/2888/3058
f 2889/2888/3058 2970/2969/2977 2969/2968/2980
f 2907/2906/3082 2880/2879/3048 2879/2878/3047
f 2879/2878/3047 2971/2970/3100 2907/2906/3082
f 2971/2970/3100 2879/2878/3047 2878/2877/3046
f 2878/2877/3046 2972/2971/3099 2971/2970/3100
f 2972/2971/3099 2878/2877/3046 2877/2876/3045
f 2877/2876/3045 2973/2972/3098 2972/2971/3099
f 2973/2972/3098 2877/2876/3045 2876/2875/3044
f 2876/2875/3044 2974/2973/3097 2973/2972/3098
f 2974/2973/3097 2876/2875/3044 2875/2874/3043
f 2875/2874/3043 2975/2974/3096 2974/2973/3097
f 2975/2974/3096 2875/2874/3043 2810/2809/2976
f 2810/2809/2976 2976/2975/3041 2975/2974/3096
f 2846/2845/24 2789/2788/3095 2924/2923/3081
f 2924/2923/3081 2923/2922/3082 2846/2845/24
f 2977/2976/3094 2772/2771/2931 2771/2770/2930
f 2771/2770/2930 2969/2968/2980 2977/2976/3094
f 2978/2977/3093 2887/2886/3056 2772/2771/2931
f 2772/2771/2931 2977/2976/3094 2978/2977/3093
f 2979/2978/3092 2886/2885/3055 2887/2886/3056
f 2887/2886/3056 2978/2977/3093 2979/2978/3092
f 2980/2979/3091 2884/2883/3053 2886/2885/3055
f 2886/2885/3055 2979/2978/3092 2980/2979/3091
f 2981/2980/3090 2885/2884/3054 2884/2883/3053
f 2884/2883/3053 2980/2979/3091 2981/2980/3090
f 2982/2981/3061 2688/2687/2850 2885/2884/3054
f 2885/2884/3054 2981/2980/3090 2982/2981/3061
f 2970/2969/2977 2889/2888/3058 2888/2887/3057
f 2888/2887/3057 2983/2982/3002 2970/2969/2977
f 2984/2983/3088 2931/2930/3108 2930/2929/3107
f 2930/2929/3107 2985/2984/3069 2984/2983/3088
f 2986/2985/2967 2928/2927/3105 2931/2930/3108
f 2931/2930/3108 2984/2983/3088 2986/2985/2967
f 2987/2986/2966 2929/2928/3106 2928/2927/3105
f 2928/2927/3105 2986/2985/2967 2987/2986/2966
f 2692/2691/2854 2691/2690/2853 2833/2832/2998
f 2833/2832/2998 2839/2838/3009 2692/2691/2854
f 2985/2984/3069 2930/2929/3107 2830/2829/2995
f 2830/2829/2995 2967/2966/3070 2985/2984/3069
f 2929/2928/3106 2987/2986/2966 2983/2982/3002
f 2983/2982/3002 2888/2887/3057 2929/2928/3106
f 2968/2967/3102 2829/2828/2994 2828/2827/2993
f 2828/2827/2993 2906/2905/3081 2968/2967/3102
f 2988/2987/3119 2897/2896/3067 2761/2760/2919
f 2761/2760/2919 2989/2988/3124 2988/2987/3119
f 2990/2989/3109 2940/2939/3121 2939/2938/3120
f 2939/2938/3120 2991/2990/3123 2990/2989/3109
f 2961/2960/2922 2768/2767/2926 2945/2944/3125
f 2945/2944/3125 2992/2991/2923 2961/2960/2922
f 2993/2992/3063 2689/2688/2851 2688/2687/2850
f 2688/2687/2850 2982/2981/3061 2993/2992/3063
f 2792/2791/2958 2954/2953/2893 2994/2993/2892
f 2994/2993/2892 2941/2940/3122 2792/2791/2958
f 2809/2808/2975 2995/2994/3040 2976/2975/3041
f 2976/2975/3041 2810/2809/2976 2809/2808/2975
f 2992/2991/2923 2945/2944/3125 2897/2896/3067
f 2897/2896/3067 2988/2987/3119 2992/2991/2923
f 2989/2988/3124 2761/2760/2919 2689/2688/2851
f 2689/2688/2851 2993/2992/3063 2989/2988/3124
f 2991/2990/3123 2939/2938/3120 2941/2940/3122
f 2941/2940/3122 2994/2993/2892 2991/2990/3123
f 2995/2994/3040 2809/2808/2975 2940/2939/3121
f 2940/2939/3121 2990/2989/3109 2995/2994/3040
f 2881/2880/3049 2775/2774/2937 2728/2727/2936
f 2728/2727/2936 2838/2837/3126 2881/2880/3049
f 2821/2820/2986 2808/2807/2974 2955/2954/2950
f 2955/2954/2950 2822/2821/2987 2821/2820/2986
f 2996/2995/3127 2997/2996/3128 2998/2997/3129
f 2998/2997/3129 2999/2998/3130 2996/2995/3127
f 3000/2999/3131 3001/3000/3132 3002/3001/3133
f 3002/3001/3133 3003/3002/3134 3000/2999/3131
f 3003/3002/3134 3004/3003/3135 3005/3004/3136
f 3005/3004/3136 3000/2999/3131 3003/3002/3134
f 3004/3003/3135 3006/3005/3137 3007/3006/3138
f 3007/3006/3138 3005/3004/3136 3004/3003/3135
f 3008/3007/3139 3009/3008/3140 3010/3009/3141
f 3010/3009/3141 3011/3010/3142 3008/3007/3139
f 3012/3011/3143 3013/3012/3144 3014/3013/3145
f 3014/3013/3145 3015/3014/3146 3012/3011/3143
f 3016/3015/3147 3017/3016/3148 3018/3017/3149
f 3016/3015/3147 3018/3017/3149 3019/3018/3150
f 3019/3018/3150 3020/3019/3151 3016/3015/3147
f 3021/3020/3152 3022/3021/3153 3000/2999/3131
f 3000/2999/3131 3005/3004/3136 3021/3020/3152
f 3023/3022/3154 3021/3020/3152 3005/3004/3136
f 3005/3004/3136 3007/3006/3138 3023/3022/3154
f 3022/3021/3153 3024/3023/3155 3001/3000/3132
f 3001/3000/3132 3000/2999/3131 3022/3021/3153
f 3020/3019/3151 3019/3018/3150 3006/3005/3137
f 3006/3005/3137 3004/3003/3135 3020/3019/3151
f 3016/3015/3147 3020/3019/3151 3004/3003/3135
f 3004/3003/3135 3003/3002/3134 3016/3015/3147
f 3016/3015/3147 3003/3002/3134 3002/3001/3133
f 3002/3001/3133 3017/3016/3148 3016/3015/3147
f 3025/3024/3156 3026/3025/3157 3027/3026/3158
f 3027/3026/3158 3028/3027/3159 3025/3024/3156
f 3029/3028/3160 3030/3029/3161 3031/3030/3161
f 3031/3030/3161 3032/3031/3162 3029/3028/3160
f 3010/3009/3141 3033/3032/3163 3034/3033/3164
f 3034/3033/3164 3011/3010/3142 3010/3009/3141
f 3035/3034/3165 3036/3035/3166 3037/3036/3166
f 3037/3036/3166 3038/3037/3165 3035/3034/3165
f 3039/3038/3167 3040/3039/3168 3041/3040/3169
f 3041/3040/3169 3042/3041/3170 3039/3038/3167
f 3043/3042/3171 3044/3043/3172 3045/3044/3173
f 3045/3044/3173 3046/3045/3174 3043/3042/3171
f 3047/3046/3175 3048/3047/3176 3049/3048/3177
f 3049/3048/3177 3050/3049/3178 3047/3046/3175
f 3042/3041/3170 3051/3050/3179 3052/3051/3180
f 3052/3051/3180 3039/3038/3167 3042/3041/3170
f 3053/3052/3181 3054/3053/3182 3055/3054/3183
f 3055/3054/3183 3056/3055/3184 3053/3052/3181
f 3044/3043/3172 3057/3056/3185 3058/3057/3186
f 3058/3057/3186 3045/3044/3173 3044/3043/3172
f 3028/3027/3159 3027/3026/3158 3059/3058/3187
f 3059/3058/3187 3060/3059/3188 3028/3027/3159
f 3061/3060/3189 3062/3061/3190 3063/3062/3191
f 3063/3062/3191 3064/3063/3144 3061/3060/3189
f 3008/3007/3139 3039/3038/3192 3052/3051/3193
f 3052/3051/3193 3009/3008/3140 3008/3007/3139
f 3064/3063/3144 3065/3064/3143 3066/3065/3194
f 3066/3065/3194 3061/3060/3189 3064/3063/3144
f 3059/3058/3187 3018/3017/3149 3067/3066/3195
f 3067/3066/3195 3060/3059/3188 3059/3058/3187
f 3013/3012/3144 2997/2996/3191 2996/2995/3196
f 2996/2995/3196 3014/3013/3145 3013/3012/3144
f 3009/3008/3140 3052/3051/3193 3062/3061/3190
f 3062/3061/3190 3061/3060/3189 3009/3008/3140
f 3068/3067/3197 3069/3068/3198 3070/3069/3199
f 3070/3069/3199 3071/3070/3200 3068/3067/3197
f 3015/3014/3201 3072/3071/3199 3073/3072/3198
f 3068/3067/3197 3071/3070/3200 3074/3073/3202
f 3074/3073/3202 3075/3074/3203 3068/3067/3197
f 3076/3075/3204 3077/3076/3205 3078/3077/3206
f 3078/3077/3206 3079/3078/3207 3076/3075/3204
f 3066/3065/3194 3010/3009/3141 3009/3008/3140
f 3009/3008/3140 3061/3060/3189 3066/3065/3194
f 3017/3016/3148 3080/3079/3208 3067/3066/3195
f 3067/3066/3195 3018/3017/3149 3017/3016/3148
f 3081/3080/3209 3082/3081/3210 3083/3082/3211
f 3084/3083/3212 3085/3084/3213 3086/3085/3214
f 3086/3085/3214 3087/3086/3215 3084/3083/3212
f 3088/3087/3155 3089/3088/3153 3090/3089/3152
f 3088/3087/3155 3090/3089/3152 3091/3090/3154
f 3091/3090/3154 3092/3091/3157 3088/3087/3155
f 3093/3092/3216 3088/3087/3155 3092/3091/3157
f 3092/3091/3157 3094/3093/3156 3093/3092/3216
f 3095/3094/3217 3081/3080/3209 3096/3095/3218
f 3096/3095/3218 3097/3096/3219 3095/3094/3217
f 3066/3065/3194 3098/3097/3220 3033/3032/3163
f 3033/3032/3163 3010/3009/3141 3066/3065/3194
f 3099/3098/3221 3100/3099/3222 3034/3033/3164
f 3034/3033/3164 3101/3100/3223 3099/3098/3221
f 3102/3101/3224 3103/3102/3225 3104/3103/3226
f 3104/3103/3226 3105/3104/3226 3102/3101/3224
f 3106/3105/3227 3093/3092/3216 3094/3093/3156
f 3094/3093/3156 3107/3106/3185 3106/3105/3227
f 3080/3079/3208 3108/3107/3228 3109/3108/3229
f 3109/3108/3229 3067/3066/3195 3080/3079/3208
f 3110/3109/3230 3099/3098/3221 3074/3073/3202
f 3074/3073/3202 3111/3110/3231 3110/3109/3230
f 3058/3057/3186 3028/3027/3159 3060/3059/3188
f 3060/3059/3188 3112/3111/3232 3058/3057/3186
f 3113/3112/3233 3114/3113/3234 3050/3049/3178
f 3050/3049/3178 3049/3048/3177 3113/3112/3233
f 3115/3114/3235 3116/3115/3236 3110/3109/3230
f 3110/3109/3230 3117/3116/3237 3115/3114/3235
f 3046/3045/3174 3045/3044/3173 3118/3117/3238
f 3118/3117/3238 3111/3110/3231 3046/3045/3174
f 3119/3118/3239 3120/3119/3240 3121/3120/3241
f 3121/3120/3241 3122/3121/3242 3119/3118/3239
f 3123/3122/3243 3124/3123/3244 3125/3124/3172
f 3125/3124/3172 3126/3125/3171 3123/3122/3243
f 3127/3126/3160 3128/3127/3245 3129/3128/3245
f 3129/3128/3245 3130/3129/3160 3127/3126/3160
f 3025/3024/3156 3028/3027/3159 3058/3057/3186
f 3058/3057/3186 3057/3056/3185 3025/3024/3156
f 3059/3058/3187 3027/3026/3158 3007/3006/3138
f 3007/3006/3138 3006/3005/3137 3059/3058/3187
f 3109/3108/3229 3117/3116/3237 3118/3117/3238
f 3118/3117/3238 3112/3111/3232 3109/3108/3229
f 3131/3130/3166 3029/3028/3160 3032/3031/3162
f 3032/3031/3162 3132/3131/3166 3131/3130/3166
f 3109/3108/3229 3112/3111/3232 3060/3059/3188
f 3060/3059/3188 3067/3066/3195 3109/3108/3229
f 3133/3132/3160 3127/3126/3160 3130/3129/3160
f 3130/3129/3160 3134/3133/3160 3133/3132/3160
f 3117/3116/3237 3109/3108/3229 3108/3107/3228
f 3108/3107/3228 3115/3114/3235 3117/3116/3237
f 3107/3106/3185 3125/3124/3172 3124/3123/3244
f 3124/3123/3244 3106/3105/3227 3107/3106/3185
f 3112/3111/3232 3118/3117/3238 3045/3044/3173
f 3045/3044/3173 3058/3057/3186 3112/3111/3232
f 3099/3098/3221 3110/3109/3230 3116/3115/3236
f 3116/3115/3236 3135/3134/3246 3099/3098/3221
f 3070/3069/3199 3043/3042/3171 3046/3045/3174
f 3046/3045/3174 3071/3070/3200 3070/3069/3199
f 3133/3132/3160 3134/3133/3160 3031/3030/3161
f 3031/3030/3161 3030/3029/3161 3133/3132/3160
f 3118/3117/3238 3117/3116/3237 3110/3109/3230
f 3110/3109/3230 3111/3110/3231 3118/3117/3238
f 3126/3125/3171 3072/3071/3199 3015/3014/3201
f 3015/3014/3201 3123/3122/3243 3126/3125/3171
f 3111/3110/3231 3074/3073/3202 3071/3070/3200
f 3071/3070/3200 3046/3045/3174 3111/3110/3231
f 3136/3135/3247 3137/3136/3248 3138/3137/3249
f 3138/3137/3249 3139/3138/3250 3136/3135/3247
f 3140/3139/3251 3141/3140/3252 3139/3138/3250
f 3139/3138/3250 3138/3137/3249 3140/3139/3251
f 3113/3112/3233 3121/3120/3241 3141/3140/3252
f 3141/3140/3252 3140/3139/3251 3113/3112/3233
f 3085/3084/3213 3142/3141/3253 3143/3142/3254
f 3143/3142/3254 3086/3085/3214 3085/3084/3213
f 3144/3143/3255 3012/3011/3143 3015/3014/3146
f 3015/3014/3146 3073/3072/3256 3144/3143/3255
f 3119/3118/3239 3145/3144/3257 3146/3145/3258
f 3119/3118/3239 3146/3145/3258 3147/3146/3259
f 3147/3146/3259 3120/3119/3240 3119/3118/3239
f 3148/3147/3260 3149/3148/3261 3140/3139/3251
f 3140/3139/3251 3138/3137/3249 3148/3147/3260
f 3149/3148/3261 3114/3113/3234 3113/3112/3233
f 3113/3112/3233 3140/3139/3251 3149/3148/3261
f 3150/3149/3262 3148/3147/3260 3138/3137/3249
f 3138/3137/3249 3137/3136/3248 3150/3149/3262
f 3120/3119/3240 3147/3146/3259 3141/3140/3252
f 3141/3140/3252 3121/3120/3241 3120/3119/3240
f 3147/3146/3259 3146/3145/3258 3139/3138/3250
f 3139/3138/3250 3141/3140/3252 3147/3146/3259
f 3136/3135/3247 3139/3138/3250 3146/3145/3258
f 3146/3145/3258 3145/3144/3257 3136/3135/3247
f 3102/3101/3224 3151/3150/3224 3152/3151/3224
f 3152/3151/3224 3103/3102/3225 3102/3101/3224
f 3153/3152/3263 3154/3153/3162 3155/3154/3162
f 3155/3154/3162 3156/3155/3264 3153/3152/3263
f 3082/3081/3210 3087/3086/3215 3086/3085/3214
f 3086/3085/3214 3143/3142/3254 3082/3081/3210
f 3157/3156/3265 3158/3157/3161 3159/3158/3161
f 3159/3158/3161 3160/3159/3265 3157/3156/3265
f 3161/3160/3266 3162/3161/3267 3055/3054/3183
f 3055/3054/3183 3054/3053/3182 3161/3160/3266
f 3063/3062/3128 3062/3061/3268 3163/3162/3269
f 3163/3162/3269 3164/3163/3129 3063/3062/3128
f 3122/3121/3242 3049/3048/3177 3048/3047/3176
f 3048/3047/3176 3165/3164/3270 3122/3121/3242
f 3164/3163/3129 3163/3162/3269 3166/3165/3271
f 3166/3165/3271 3167/3166/3272 3164/3163/3129
f 3051/3050/3179 3042/3041/3170 3143/3142/3273
f 3143/3142/3273 3142/3141/3274 3051/3050/3179
f 3078/3077/3206 3167/3166/3272 3166/3165/3275
f 3166/3165/3275 3079/3078/3207 3078/3077/3206
f 3168/3167/3276 3119/3118/3239 3122/3121/3242
f 3122/3121/3242 3165/3164/3270 3168/3167/3276
f 2999/2998/3130 2998/2997/3129 3169/3168/3272
f 3169/3168/3272 3170/3169/3277 2999/2998/3130
f 3163/3162/3269 3051/3050/3179 3142/3141/3274
f 3142/3141/3274 3166/3165/3271 3163/3162/3269
f 3042/3041/3170 3041/3040/3169 3082/3081/3278
f 3082/3081/3278 3143/3142/3273 3042/3041/3170
f 3026/3025/3157 3023/3022/3154 3007/3006/3138
f 3007/3006/3138 3027/3026/3158 3026/3025/3157
f 3096/3095/3218 3171/3170/3279 3172/3171/3280
f 3172/3171/3280 3097/3096/3219 3096/3095/3218
f 3142/3141/3253 3085/3084/3213 3079/3078/3207
f 3079/3078/3207 3166/3165/3275 3142/3141/3253
f 3168/3167/3276 3173/3172/3208 3145/3144/3257
f 3145/3144/3257 3119/3118/3239 3168/3167/3276
f 3174/3173/3261 3175/3174/3260 3176/3175/3262
f 3174/3173/3261 3176/3175/3262 3177/3176/3178
f 3177/3176/3178 3178/3177/3234 3174/3173/3261
f 3177/3176/3178 3176/3175/3262 3179/3178/3281
f 3179/3178/3281 3180/3179/3175 3177/3176/3178
f 3128/3127/3245 3105/3104/3226 3104/3103/3226
f 3104/3103/3226 3129/3128/3245 3128/3127/3245
f 3084/3083/3212 3076/3075/3204 3079/3078/3207
f 3079/3078/3207 3085/3084/3213 3084/3083/3212
f 3181/3180/3282 3182/3181/3283 3172/3171/3280
f 3172/3171/3280 3171/3170/3279 3181/3180/3282
f 3081/3080/3209 3095/3094/3217 3087/3086/3215
f 3087/3086/3215 3082/3081/3210 3081/3080/3209
f 3180/3179/3175 3179/3178/3281 3183/3182/3284
f 3183/3182/3284 3184/3183/3181 3180/3179/3175
f 3185/3184/3285 3186/3185/3286 3173/3172/3208
f 3173/3172/3208 3168/3167/3276 3185/3184/3285
f 3096/3095/3218 3081/3080/3209 3187/3186/3287
f 3187/3186/3287 3188/3187/3288 3096/3095/3218
f 3165/3164/3270 3048/3047/3176 3056/3055/3184
f 3056/3055/3184 3189/3188/3289 3165/3164/3270
f 3190/3189/3255 3069/3068/3256 3068/3067/3290
f 3068/3067/3290 3098/3097/3220 3190/3189/3255
f 3187/3186/3287 3191/3190/3291 3192/3191/3292
f 3192/3191/3292 3193/3192/3293 3187/3186/3287
f 3194/3193/3294 3055/3054/3183 3162/3161/3267
f 3162/3161/3267 3188/3187/3288 3194/3193/3294
f 3033/3032/3163 3075/3074/3295 3101/3100/3223
f 3101/3100/3223 3034/3033/3164 3033/3032/3163
f 3195/3194/3182 3196/3195/3296 3197/3196/3297
f 3197/3196/3297 3198/3197/3266 3195/3194/3182
f 3151/3150/3224 3199/3198/3298 3200/3199/3298
f 3200/3199/3298 3152/3151/3224 3151/3150/3224
f 3047/3046/3175 3053/3052/3181 3056/3055/3184
f 3056/3055/3184 3048/3047/3176 3047/3046/3175
f 3113/3112/3233 3049/3048/3177 3122/3121/3242
f 3122/3121/3242 3121/3120/3241 3113/3112/3233
f 3194/3193/3294 3193/3192/3293 3185/3184/3285
f 3185/3184/3285 3189/3188/3289 3194/3193/3294
f 3154/3153/3162 3157/3156/3265 3160/3159/3265
f 3160/3159/3265 3155/3154/3162 3154/3153/3162
f 3165/3164/3270 3189/3188/3289 3185/3184/3285
f 3185/3184/3285 3168/3167/3276 3165/3164/3270
f 3199/3198/3298 3201/3200/3298 3202/3201/3162
f 3202/3201/3162 3200/3199/3298 3199/3198/3298
f 3186/3185/3286 3185/3184/3285 3193/3192/3293
f 3193/3192/3293 3192/3191/3292 3186/3185/3286
f 3196/3195/3296 3195/3194/3182 3184/3183/3181
f 3184/3183/3181 3183/3182/3284 3196/3195/3296
f 3055/3054/3183 3194/3193/3294 3189/3188/3289
f 3189/3188/3289 3056/3055/3184 3055/3054/3183
f 3191/3190/3291 3187/3186/3287 3081/3080/3209
f 3081/3080/3209 3083/3082/3211 3191/3190/3291
f 3162/3161/3267 3161/3160/3266 3181/3180/3282
f 3181/3180/3282 3171/3170/3279 3162/3161/3267
f 3156/3155/3264 3202/3201/3162 3201/3200/3298
f 3201/3200/3298 3153/3152/3263 3156/3155/3264
f 3187/3186/3287 3193/3192/3293 3194/3193/3294
f 3194/3193/3294 3188/3187/3288 3187/3186/3287
f 3203/3202/3299 3204/3203/3282 3198/3197/3266
f 3198/3197/3266 3197/3196/3297 3203/3202/3299
f 3171/3170/3279 3096/3095/3218 3188/3187/3288
f 3188/3187/3288 3162/3161/3267 3171/3170/3279
f 3051/3050/3179 3163/3162/3269 3062/3061/3268
f 3062/3061/3268 3052/3051/3180 3051/3050/3179
f 3169/3168/3272 3203/3202/3299 3170/3169/3277
f 3100/3099/3222 3099/3098/3221 3135/3134/3246
f 3097/3096/3300 3084/3083/3212 3087/3086/3215
f 3087/3086/3215 3095/3094/3217 3097/3096/3300
f 3182/3181/3283 3077/3076/3205 3076/3075/3204
f 3076/3075/3204 3172/3171/3301 3182/3181/3283
f 3075/3074/3295 3033/3032/3163 3098/3097/3220
f 3098/3097/3220 3068/3067/3290 3075/3074/3295
f 3101/3100/3223 3075/3074/3203 3074/3073/3202
f 3074/3073/3202 3099/3098/3221 3101/3100/3223
f 3065/3064/3143 3190/3189/3255 3098/3097/3220
f 3098/3097/3220 3066/3065/3194 3065/3064/3143
f 3084/3083/3212 3097/3096/3300 3172/3171/3301
f 3172/3171/3301 3076/3075/3204 3084/3083/3212
f 3203/3202/3299 3205/3204/3205 3206/3205/3283
f 3206/3205/3283 3204/3203/3282 3203/3202/3299
f 3207/3206/3206 3205/3204/3205 3203/3202/3299
f 3207/3206/3206 3203/3202/3299 3169/3168/3272
f 3100/3099/3222 3008/3007/3139 3011/3010/3142
f 3011/3010/3142 3034/3033/3164 3100/3099/3222
f 3040/3039/3302 3039/3038/3192 3008/3007/3139
f 3008/3007/3139 3100/3099/3222 3040/3039/3302
f 2813/2812/2979 2812/2811/2978 2871/2870/3039
f 2871/2870/3039 2866/2865/3032 2813/2812/2979
f 2748/2747/2906 2808/2807/3303 2821/2820/3303
f 2821/2820/3303 2749/2748/2907 2748/2747/2906
f 3019/3018/3150 3018/3017/3149 3059/3058/3187
f 3059/3058/3187 3006/3005/3137 3019/3018/3150
f 3036/3035/3166 3131/3130/3166 3132/3131/3166
f 3132/3131/3166 3037/3036/3166 3036/3035/3166
f 3158/3157/3161 3208/3207/3304 3209/3208/3304
f 3209/3208/3304 3159/3158/3161 3158/3157/3161
f 3210/3209/308 3211/3210/308 3212/3211/308
f 3212/3211/308 3213/3212/308 3210/3209/308
f 3214/3213/308 3215/3214/308 3216/3215/308
f 3216/3215/308 3217/3216/308 3214/3213/308
f 3218/3217/3305 3219/3218/3305 3220/3219/910
f 3220/3219/910 3221/3220/910 3218/3217/3305
f 3222/3221/308 3223/3222/308 3224/3223/308
f 3224/3223/308 3225/3224/308 3222/3221/308
f 3226/3225/308 3227/3226/308 3228/3227/308
f 3229/3228/308 3230/3229/308 3226/3225/308
f 3226/3225/308 3228/3227/308 3229/3228/308
f 3231/3230/308 3211/3210/308 3210/3209/308
f 3210/3209/308 3232/3231/308 3231/3230/308
f 3230/3229/308 3233/3232/308 3234/3233/308
f 3234/3233/308 3226/3225/308 3230/3229/308
f 3213/3212/308 3212/3211/308 3219/3218/3305
f 3219/3218/3305 3218/3217/3305 3213/3212/308
f 3233/3232/308 3235/3234/308 3236/3235/308
f 3236/3235/308 3234/3233/308 3233/3232/308
f 3235/3234/308 3237/3236/308 3238/3237/308
f 3238/3237/308 3236/3235/308 3235/3234/308
f 3237/3236/308 3239/3238/308 3240/3239/308
f 3240/3239/308 3238/3237/308 3237/3236/308
f 3241/3240/308 3242/3241/308 3243/3242/308
f 3243/3242/308 3244/3243/308 3241/3240/308
f 3245/3244/308 3246/3245/308 3247/3246/308
f 3243/3242/308 3248/3247/308 3249/3248/308
f 3249/3248/308 3244/3243/308 3243/3242/308
f 3250/3249/308 3251/3250/308 3252/3251/308
f 3252/3251/308 3253/3252/308 3250/3249/308
f 3251/3250/308 3254/3253/308 3255/3254/308
f 3255/3254/308 3252/3251/308 3251/3250/308
f 3254/3253/308 3256/3255/308 3257/3256/308
f 3257/3256/308 3255/3254/308 3254/3253/308
f 3256/3255/308 3222/3221/308 3225/3224/308
f 3225/3224/308 3257/3256/308 3256/3255/308
f 3258/3257/308 3232/3231/308 3210/3209/308
f 3210/3209/308 3259/3258/308 3258/3257/308
f 3239/3238/308 3214/3213/308 3217/3216/308
f 3217/3216/308 3240/3239/308 3239/3238/308
f 3248/3247/308 3250/3249/308 3253/3252/308
f 3253/3252/308 3249/3248/308 3248/3247/308
f 3215/3214/308 3260/3259/308 3261/3260/308
f 3261/3260/308 3216/3215/308 3215/3214/308
f 3247/3246/308 3246/3245/308 3241/3240/308
f 3247/3246/308 3241/3240/308 3244/3243/308
f 3244/3243/308 3249/3248/308 3247/3246/308
f 3260/3259/308 3245/3244/308 3247/3246/308
f 3247/3246/308 3261/3260/308 3260/3259/308
f 3223/3222/308 3258/3257/308 3259/3258/308
f 3259/3258/308 3224/3223/308 3223/3222/308
f 3262/3261/307 3263/3262/307 3264/3263/307
f 3264/3263/307 3265/3264/307 3262/3261/307
f 3266/3265/307 3267/3266/307 3268/3267/307
f 3268/3267/307 3269/3268/307 3266/3265/307
f 3270/3269/3306 3271/3270/307 3272/3271/307
f 3272/3271/307 3273/3272/3306 3270/3269/3306
f 3274/3273/307 3275/3274/307 3276/3275/307
f 3276/3275/307 3277/3276/307 3274/3273/307
f 3278/3277/307 3279/3278/307 3280/3279/307
f 3278/3277/307 3281/3280/307 3282/3281/307
f 3282/3281/307 3279/3278/307 3278/3277/307
f 3264/3263/307 3263/3262/307 3283/3282/307
f 3283/3282/307 3284/3283/307 3264/3263/307
f 3285/3284/307 3286/3285/307 3281/3280/307
f 3281/3280/307 3278/3277/307 3285/3284/307
f 3271/3270/307 3262/3261/307 3265/3264/307
f 3265/3264/307 3272/3271/307 3271/3270/307
f 3287/3286/307 3288/3287/307 3286/3285/307
f 3286/3285/307 3285/3284/307 3287/3286/307
f 3289/3288/307 3290/3289/307 3288/3287/307
f 3288/3287/307 3287/3286/307 3289/3288/307
f 3291/3290/307 3292/3291/307 3290/3289/307
f 3290/3289/307 3289/3288/307 3291/3290/307
f 3293/3292/307 3294/3293/307 3295/3294/307
f 3295/3294/307 3296/3295/307 3293/3292/307
f 3297/3296/307 3298/3297/307 3299/3298/307
f 3300/3299/307 3301/3300/307 3293/3292/307
f 3293/3292/307 3296/3295/307 3300/3299/307
f 3302/3301/307 3303/3302/307 3304/3303/307
f 3304/3303/307 3305/3304/307 3302/3301/307
f 3306/3305/307 3307/3306/307 3303/3302/307
f 3303/3302/307 3302/3301/307 3306/3305/307
f 3308/3307/307 3309/3308/307 3307/3306/307
f 3307/3306/307 3306/3305/307 3308/3307/307
f 3277/3276/307 3276/3275/307 3309/3308/307
f 3309/3308/307 3308/3307/307 3277/3276/307
f 3264/3263/307 3284/3283/307 3310/3309/307
f 3310/3309/307 3311/3310/307 3264/3263/307
f 3269/3268/307 3268/3267/307 3292/3291/307
f 3292/3291/307 3291/3290/307 3269/3268/307
f 3305/3304/307 3304/3303/307 3301/3300/307
f 3301/3300/307 3300/3299/307 3305/3304/307
f 3312/3311/307 3313/3312/307 3267/3266/307
f 3267/3266/307 3266/3265/307 3312/3311/307
f 3295/3294/307 3299/3298/307 3298/3297/307
f 3295/3294/307 3298/3297/307 3300/3299/307
f 3300/3299/307 3296/3295/307 3295/3294/307
f 3298/3297/307 3297/3296/307 3313/3312/307
f 3313/3312/307 3312/3311/307 3298/3297/307
f 3311/3310/307 3310/3309/307 3275/3274/307
f 3275/3274/307 3274/3273/307 3311/3310/307
f 3314/3313/3307 3315/3314/3308 3316/3315/3308
f 3316/3315/3308 3317/3316/3307 3314/3313/3307
f 3318/3317/3309 3319/3318/3309 3320/3319/3309
f 3320/3319/3309 3321/3320/3309 3318/3317/3309
f 3322/3321/3310 3323/3322/3311 3324/3323/3311
f 3324/3323/3311 3325/3324/3310 3322/3321/3310
f 3326/3325/3312 3327/3326/3313 3328/3327/3313
f 3328/3327/3313 3329/3328/3312 3326/3325/3312
f 3319/3318/3314 3330/3329/3314 3331/3330/3314
f 3331/3330/3314 3320/3319/3314 3319/3318/3314
f 3332/3331/3315 3333/3332/3316 3334/3333/3316
f 3334/3333/3316 3335/3334/3315 3332/3331/3315
f 3336/3335/3317 3337/3336/3318 3338/3337/3318
f 3338/3337/3318 3339/3338/3317 3336/3335/3317
f 3340/3339/3319 3341/3340/3320 3342/3341/3320
f 3342/3341/3320 3343/3342/3319 3340/3339/3319
f 3327/3326/3313 3344/3343/3321 3345/3344/3321
f 3345/3344/3321 3328/3327/3313 3327/3326/3313
f 3346/3345/3322 3347/3346/3323 3348/3347/3323
f 3348/3347/3323 3349/3348/3322 3346/3345/3322
f 3350/3349/3324 3351/3350/3325 3352/3351/3325
f 3352/3351/3325 3353/3352/3324 3350/3349/3324
f 3354/3353/3326 3346/3345/3327 3349/3348/3327
f 3349/3348/3327 3355/3354/3326 3354/3353/3326
f 3356/3355/3328 3357/3356/3329 3358/3357/3329
f 3358/3357/3329 3359/3358/3328 3356/3355/3328
f 3360/3359/3330 3318/3317/3331 3321/3320/3331
f 3321/3320/3331 3361/3360/3330 3360/3359/3330
f 3341/3340/3320 3356/3355/3328 3359/3358/3328
f 3359/3358/3328 3342/3341/3320 3341/3340/3320
f 3337/3336/3318 3362/3361/3312 3363/3362/3312
f 3363/3362/3312 3338/3337/3318 3337/3336/3318
f 3364/3363/3332 3354/3353/3326 3355/3354/3326
f 3355/3354/3326 3365/3364/3332 3364/3363/3332
f 3330/3329/137 3366/3365/3333 3367/3366/3333
f 3367/3366/3333 3331/3330/137 3330/3329/137
f 3315/3314/3308 3368/3367/24 3369/3368/24
f 3369/3368/24 3316/3315/3308 3315/3314/3308
f 3357/3356/3329 3370/3369/24 3371/3370/24
f 3371/3370/24 3358/3357/3329 3357/3356/3329
f 3372/3371/3334 3350/3349/3324 3353/3352/3324
f 3353/3352/3324 3373/3372/3334 3372/3371/3334
f 3374/3373/3335 3364/3363/3332 3365/3364/3332
f 3365/3364/3332 3375/3374/3335 3374/3373/3335
f 3370/3369/24 3376/3375/3336 3377/3376/3336
f 3377/3376/3336 3371/3370/24 3370/3369/24
f 3378/3377/3337 3374/3373/3335 3375/3374/3335
f 3375/3374/3335 3379/3378/3337 3378/3377/3337
f 3380/3379/3338 3360/3359/3330 3361/3360/3330
f 3361/3360/3330 3381/3380/3338 3380/3379/3338
f 3376/3375/3336 3382/3381/3339 3383/3382/3339
f 3383/3382/3339 3377/3376/3336 3376/3375/3336
f 3384/3383/137 3378/3377/3337 3379/3378/3337
f 3379/3378/3337 3385/3384/137 3384/3383/137
f 3386/3385/3340 3380/3379/3338 3381/3380/3338
f 3381/3380/3338 3387/3386/3340 3386/3385/3340
f 3382/3381/3339 3332/3331/3315 3335/3334/3315
f 3335/3334/3315 3383/3382/3339 3382/3381/3339
f 3388/3387/3341 3384/3383/137 3385/3384/137
f 3385/3384/137 3389/3388/3341 3388/3387/3341
f 3390/3389/3342 3386/3385/3340 3387/3386/3340
f 3387/3386/3340 3391/3390/3342 3390/3389/3342
f 3347/3346/3323 3392/3391/3343 3393/3392/3343
f 3393/3392/3343 3348/3347/3323 3347/3346/3323
f 3333/3332/24 3394/3393/3344 3395/3394/3344
f 3395/3394/3344 3334/3333/24 3333/3332/24
f 3396/3395/3345 3340/3339/3319 3343/3342/3319
f 3343/3342/3319 3397/3396/3345 3396/3395/3345
f 3398/3397/137 3390/3389/3342 3391/3390/3342
f 3391/3390/3342 3399/3398/137 3398/3397/137
f 3366/3365/3333 3372/3371/3334 3373/3372/3334
f 3373/3372/3334 3367/3366/3333 3366/3365/3333
f 3400/3399/3346 3401/3400/3347 3402/3401/3347
f 3402/3401/3347 3403/3402/3346 3400/3399/3346
f 3323/3322/3311 3404/3403/3348 3405/3404/3348
f 3405/3404/3348 3324/3323/3311 3323/3322/3311
f 3406/3405/3349 3398/3397/137 3399/3398/137
f 3399/3398/137 3407/3406/3349 3406/3405/3349
f 3404/3403/3348 3408/3407/3350 3409/3408/3350
f 3409/3408/3350 3405/3404/3348 3404/3403/3348
f 3410/3409/3351 3400/3399/3346 3403/3402/3346
f 3403/3402/3346 3411/3410/3351 3410/3409/3351
f 3412/3411/3352 3413/3412/3324 3414/3413/3324
f 3414/3413/3324 3415/3414/3352 3412/3411/3352
f 3416/3415/3353 3406/3405/3349 3407/3406/3349
f 3407/3406/3349 3417/3416/3353 3416/3415/3353
f 3394/3393/3344 3418/3417/3354 3419/3418/3354
f 3419/3418/3354 3395/3394/3344 3394/3393/3344
f 3408/3407/3355 3410/3409/3351 3411/3410/3351
f 3411/3410/3351 3409/3408/3355 3408/3407/3355
f 3344/3343/3356 3412/3411/3352 3415/3414/3352
f 3415/3414/3352 3345/3344/3356 3344/3343/3356
f 3413/3412/3324 3416/3415/3353 3417/3416/3353
f 3417/3416/3353 3414/3413/3324 3413/3412/3324
f 3418/3417/3354 3314/3313/3307 3317/3316/3307
f 3317/3316/3307 3419/3418/3354 3418/3417/3354
f 3401/3400/3347 3336/3335/3317 3339/3338/3317
f 3339/3338/3317 3402/3401/3347 3401/3400/3347
f 3368/3367/24 3322/3321/3310 3325/3324/3310
f 3325/3324/3310 3369/3368/24 3368/3367/24
f 3351/3350/3325 3388/3387/3341 3389/3388/3341
f 3389/3388/3341 3352/3351/3325 3351/3350/3325
f 3420/3419/3349 3421/3420/3349 3422/3421/3325
f 3422/3421/3325 3423/3422/3325 3420/3419/3349
f 3424/3423/3310 3425/3321/3310 3426/3367/24
f 3426/3367/24 3427/3424/24 3424/3423/3310
f 3428/3425/3317 3429/3335/3317 3430/3400/3347
f 3430/3400/3347 3431/3426/3347 3428/3425/3317
f 3432/3427/3307 3433/3313/3307 3434/3417/3354
f 3434/3417/3354 3435/3428/3354 3432/3427/3307
f 3436/3429/3357 3437/3430/3357 3438/3431/3324
f 3438/3431/3324 3439/3432/3324 3436/3429/3357
f 3440/3433/3352 3441/3434/3352 3442/3435/3356
f 3442/3435/3356 3443/3436/3356 3440/3433/3352
f 3444/3437/3351 3445/3409/3351 3446/3407/3355
f 3446/3407/3355 3447/3438/3355 3444/3437/3351
f 3435/3428/3354 3434/3417/3354 3448/3393/3344
f 3448/3393/3344 3449/3439/3344 3435/3428/3354
f 3450/3440/3349 3451/3441/3349 3437/3430/3357
f 3437/3430/3357 3436/3429/3357 3450/3440/3349
f 3439/3432/3324 3438/3431/3324 3441/3434/3352
f 3441/3434/3352 3440/3433/3352 3439/3432/3324
f 3452/3442/3346 3453/3399/3346 3445/3409/3351
f 3445/3409/3351 3444/3437/3351 3452/3442/3346
f 3447/3438/3350 3446/3407/3350 3454/3403/3348
f 3454/3403/3348 3455/3443/3348 3447/3438/3350
f 3456/3444/137 3457/3445/137 3451/3441/3349
f 3451/3441/3349 3450/3440/3349 3456/3444/137
f 3455/3443/3348 3454/3403/3348 3458/3322/3311
f 3458/3322/3311 3459/3446/3311 3455/3443/3348
f 3431/3426/3347 3430/3400/3347 3453/3399/3346
f 3453/3399/3346 3452/3442/3346 3431/3426/3347
f 3460/3447/3358 3461/3448/3358 3462/3449/3359
f 3462/3449/3359 3463/3450/3359 3460/3447/3358
f 3464/3451/3342 3465/3452/3342 3457/3445/137
f 3457/3445/137 3456/3444/137 3464/3451/3342
f 3466/3453/3319 3467/3454/3319 3468/3455/3345
f 3468/3455/3345 3469/3456/3345 3466/3453/3319
f 3449/3439/3344 3448/3393/3344 3470/3332/24
f 3470/3332/24 3471/3457/24 3449/3439/3344
f 3472/3362/3343 3473/3458/3343 3474/3459/3323
f 3474/3459/3323 3475/3460/3323 3472/3362/3343
f 3476/3461/3340 3477/3462/3340 3465/3452/3342
f 3465/3452/3342 3464/3451/3342 3476/3461/3340
f 3478/3463/137 3479/3464/137 3421/3420/3349
f 3421/3420/3349 3420/3419/3349 3478/3463/137
f 3480/3465/3315 3481/3466/3315 3482/3381/3339
f 3482/3381/3339 3483/3467/3339 3480/3465/3315
f 3484/3468/3338 3485/3469/3338 3477/3462/3340
f 3477/3462/3340 3476/3461/3340 3484/3468/3338
f 3486/3470/3337 3487/3471/3337 3479/3464/137
f 3479/3464/137 3478/3463/137 3486/3470/3337
f 3483/3467/3339 3482/3381/3339 3488/3375/3336
f 3488/3375/3336 3489/3472/3336 3483/3467/3339
f 3490/3473/3330 3491/3474/3330 3485/3469/3338
f 3485/3469/3338 3484/3468/3338 3490/3473/3330
f 3492/3475/3335 3493/3476/3335 3487/3471/3337
f 3487/3471/3337 3486/3470/3337 3492/3475/3335
f 3489/3472/3336 3488/3375/3336 3494/3369/24
f 3494/3369/24 3495/3477/24 3489/3472/3336
f 3496/3478/3332 3497/3479/3332 3493/3476/3335
f 3493/3476/3335 3492/3475/3335 3496/3478/3332
f 3498/3480/3324 3499/3481/3324 3461/3448/3358
f 3461/3448/3358 3460/3447/3358 3498/3480/3324
f 3495/3477/24 3494/3369/24 3500/3356/3329
f 3500/3356/3329 3501/3482/3329 3495/3477/24
f 3427/3424/24 3426/3367/24 3502/3314/3329
f 3502/3314/3329 3503/3483/3329 3427/3424/24
f 3463/3450/3359 3462/3449/3359 3504/3484/137
f 3504/3484/137 3505/3485/137 3463/3450/3359
f 3506/3486/3326 3507/3487/3326 3497/3479/3332
f 3497/3479/3332 3496/3478/3332 3506/3486/3326
f 3508/3488/3312 3509/3361/3312 3510/3336/3318
f 3510/3336/3318 3511/3489/3318 3508/3488/3312
f 3512/3490/3360 3513/3355/3360 3514/3340/3320
f 3514/3340/3320 3515/3491/3320 3512/3490/3360
f 3516/3492/3331 3517/3493/3331 3491/3474/3330
f 3491/3474/3330 3490/3473/3330 3516/3492/3331
f 3501/3482/3329 3500/3356/3329 3513/3355/3360
f 3513/3355/3360 3512/3490/3360 3501/3482/3329
f 3518/3494/3327 3519/3495/3327 3507/3487/3326
f 3507/3487/3326 3506/3486/3326 3518/3494/3327
f 3423/3422/3325 3422/3421/3325 3499/3481/3324
f 3499/3481/3324 3498/3480/3324 3423/3422/3325
f 3475/3460/3323 3474/3459/3323 3519/3495/3322
f 3519/3495/3322 3518/3494/3322 3475/3460/3323
f 3443/3436/3321 3442/3435/3321 3520/3496/3313
f 3520/3496/3313 3521/3497/3313 3443/3436/3321
f 3515/3491/3320 3514/3340/3320 3467/3454/3319
f 3467/3454/3319 3466/3453/3319 3515/3491/3320
f 3511/3489/3318 3510/3336/3318 3429/3335/3317
f 3429/3335/3317 3428/3425/3317 3511/3489/3318
f 3471/3457/3316 3470/3332/3316 3481/3466/3315
f 3481/3466/3315 3480/3465/3315 3471/3457/3316
f 3505/3485/3314 3504/3484/3314 3522/3498/3314
f 3522/3498/3314 3523/3499/3314 3505/3485/3314
f 3521/3497/3313 3520/3496/3313 3524/3500/3312
f 3524/3500/3312 3525/3501/3312 3521/3497/3313
f 3459/3446/3311 3458/3322/3311 3425/3321/3310
f 3425/3321/3310 3424/3423/3310 3459/3446/3311
f 3523/3499/3309 3522/3498/3309 3517/3493/3309
f 3517/3493/3309 3516/3492/3309 3523/3499/3309
f 3503/3483/3329 3502/3314/3329 3433/3313/3307
f 3433/3313/3307 3432/3427/3307 3503/3483/3329
f 3526/3502/308 3527/3503/308 3528/3504/308
f 3528/3504/308 3529/3505/308 3526/3502/308
f 3530/3506/308 3531/3507/308 3532/3508/308
f 3532/3508/308 3533/3509/308 3530/3506/308
f 3532/3508/308 3534/3510/308 3535/3511/308
f 3532/3508/308 3535/3511/308 3536/3512/308
f 3536/3512/308 3537/3513/308 3532/3508/308
f 3538/3514/308 3530/3506/308 3533/3509/308
f 3533/3509/308 3539/3515/308 3538/3514/308
f 3540/3516/308 3541/3517/308 3542/3518/308
f 3542/3518/308 3537/3513/308 3540/3516/308
f 3543/3519/308 3544/3520/308 3545/3521/308
f 3545/3521/308 3546/3522/308 3543/3519/308
f 3527/3503/308 3547/3523/308 3548/3524/308
f 3548/3524/308 3528/3504/308 3527/3503/308
f 3549/3525/308 3550/3526/308 3551/3527/308
f 3551/3527/308 3552/3528/308 3549/3525/308
f 3553/3529/308 3549/3525/308 3552/3528/308
f 3552/3528/308 3554/3530/308 3553/3529/308
f 3555/3531/308 3553/3529/308 3554/3530/308
f 3554/3530/308 3556/3532/308 3555/3531/308
f 3541/3517/308 3555/3531/308 3556/3532/308
f 3556/3532/308 3542/3518/308 3541/3517/308
f 3557/3533/308 3540/3516/308 3537/3513/308
f 3537/3513/308 3536/3512/308 3557/3533/308
f 3531/3507/308 3534/3510/308 3532/3508/308
f 3535/3511/308 3558/3534/308 3557/3533/308
f 3557/3533/308 3536/3512/308 3535/3511/308
f 3559/3535/308 3543/3519/308 3546/3522/308
f 3546/3522/308 3560/3536/308 3559/3535/308
f 3561/3537/308 3559/3535/308 3560/3536/308
f 3560/3536/308 3562/3538/308 3561/3537/308
f 3563/3539/308 3561/3537/308 3562/3538/308
f 3562/3538/308 3564/3540/308 3563/3539/308
f 3565/3541/308 3566/3542/308 3567/3543/308
f 3567/3543/308 3568/3544/308 3565/3541/308
f 3569/3545/308 3563/3539/308 3564/3540/308
f 3564/3540/308 3570/3546/308 3569/3545/308
f 3571/3547/308 3572/3548/308 3548/3524/308
f 3548/3524/308 3547/3523/308 3571/3547/308
f 3573/3549/308 3569/3545/308 3570/3546/308
f 3570/3546/308 3574/3550/308 3573/3549/308
f 3570/3546/308 3575/3551/308 3574/3550/308
f 3550/3526/308 3526/3502/308 3529/3505/308
f 3529/3505/308 3551/3527/308 3550/3526/308
f 3568/3544/308 3567/3543/308 3576/3552/308
f 3576/3552/308 3577/3272/308 3568/3544/308
f 3544/3520/308 3538/3514/308 3539/3515/308
f 3539/3515/308 3545/3521/308 3544/3520/308
f 3548/3524/308 3572/3548/308 3566/3542/308
f 3566/3542/308 3565/3541/308 3548/3524/308
f 3578/3553/307 3579/3554/307 3580/3555/307
f 3580/3555/307 3581/3556/307 3578/3553/307
f 3582/3557/307 3583/3558/307 3584/3559/307
f 3584/3559/307 3585/3560/307 3582/3557/307
f 3586/3561/307 3587/3562/307 3582/3557/307
f 3586/3561/307 3582/3557/307 3588/3563/307
f 3588/3563/307 3589/3564/307 3586/3561/307
f 3585/3560/307 3584/3559/307 3590/3565/307
f 3590/3565/307 3591/3566/307 3585/3560/307
f 3592/3567/307 3593/3568/307 3594/3569/307
f 3594/3569/307 3588/3563/307 3592/3567/307
f 3595/3570/307 3596/3571/307 3597/3572/307
f 3597/3572/307 3598/3573/307 3595/3570/307
f 3599/3574/307 3600/3575/307 3579/3554/307
f 3579/3554/307 3578/3553/307 3599/3574/307
f 3601/3576/307 3602/3577/307 3603/3578/307
f 3603/3578/307 3604/3579/307 3601/3576/307
f 3604/3579/307 3603/3578/307 3605/3580/307
f 3605/3580/307 3606/3581/307 3604/3579/307
f 3606/3581/307 3605/3580/307 3607/3582/307
f 3607/3582/307 3608/3583/307 3606/3581/307
f 3608/3583/307 3607/3582/307 3593/3568/307
f 3593/3568/307 3592/3567/307 3608/3583/307
f 3588/3563/307 3594/3569/307 3609/3584/307
f 3609/3584/307 3589/3564/307 3588/3563/307
f 3583/3558/307 3582/3557/307 3587/3562/307
f 3609/3584/307 3610/3585/307 3586/3561/307
f 3586/3561/307 3589/3564/307 3609/3584/307
f 3598/3573/307 3597/3572/307 3611/3586/307
f 3611/3586/307 3612/3587/307 3598/3573/307
f 3612/3587/307 3611/3586/307 3613/3588/307
f 3613/3588/307 3614/3589/307 3612/3587/307
f 3614/3589/307 3613/3588/307 3615/3590/307
f 3615/3590/307 3616/3591/307 3614/3589/307
f 3617/3592/307 3618/3593/307 3619/3594/307
f 3619/3594/307 3620/3595/307 3617/3592/307
f 3616/3591/307 3615/3590/307 3621/3596/307
f 3621/3596/307 3622/3597/307 3616/3591/307
f 3599/3574/307 3623/3598/307 3624/3599/307
f 3624/3599/307 3600/3575/307 3599/3574/307
f 3622/3597/307 3621/3596/307 3625/3600/307
f 3625/3600/307 3626/3601/307 3622/3597/307
f 3622/3597/307 3626/3601/307 3627/3602/3306
f 3581/3556/307 3580/3555/307 3602/3577/307
f 3602/3577/307 3601/3576/307 3581/3556/307
f 3628/3603/307 3617/3592/307 3620/3595/307
f 3620/3595/307 3629/3604/307 3628/3603/307
f 3591/3566/307 3590/3565/307 3596/3571/307
f 3596/3571/307 3595/3570/307 3591/3566/307
f 3618/3593/307 3623/3598/307 3599/3574/307
f 3599/3574/307 3619/3594/307 3618/3593/307
f 3630/3605/3361 3631/3606/3362 3632/3607/3363
f 3632/3607/3363 3633/3608/3364 3630/3605/3361
f 3634/3609/3365 3635/3610/3366 3636/3611/3367
f 3636/3611/3367 3637/3612/3368 3634/3609/3365
f 3638/3613/3369 3639/3614/3370 3640/3615/3371
f 3640/3615/3371 3641/3616/3372 3638/3613/3369
f 3642/3617/3372 3643/3618/3373 3644/3619/3374
f 3644/3619/3374 3645/3620/3375 3642/3617/3372
f 3646/3621/3376 3647/3622/3377 3648/3623/3378
f 3648/3623/3378 3649/3624/3379 3646/3621/3376
f 3650/3625/3363 3651/3626/3380 3652/3627/3381
f 3652/3627/3381 3653/3628/3364 3650/3625/3363
f 3631/3606/3362 3654/3629/3382 3655/3630/3383
f 3655/3630/3383 3632/3607/3363 3631/3606/3362
f 3656/3631/3384 3657/3632/3385 3658/3633/3386
f 3658/3633/3386 3659/3634/3387 3656/3631/3384
f 3660/3635/3388 3646/3621/3376 3649/3624/3379
f 3649/3624/3379 3661/3636/3389 3660/3635/3388
f 3659/3634/3387 3658/3633/3386 3662/3637/3390
f 3662/3637/3390 3663/3638/3391 3659/3634/3387
f 3664/3639/3392 3665/3640/3393 3666/3641/3375
f 3666/3641/3375 3667/3642/3384 3664/3639/3392
f 3663/3638/3391 3662/3637/3390 3668/3643/3394
f 3668/3643/3394 3669/3644/3383 3663/3638/3391
f 3670/3645/3395 3671/3646/3396 3672/3647/3397
f 3672/3647/3397 3673/3648/3398 3670/3645/3395
f 3669/3644/3383 3668/3643/3394 3651/3626/3380
f 3651/3626/3380 3650/3625/3363 3669/3644/3383
f 3665/3640/3393 3638/3613/3369 3641/3616/3372
f 3641/3616/3372 3666/3641/3375 3665/3640/3393
f 3674/3649/3371 3675/3650/3399 3643/3618/3373
f 3643/3618/3373 3642/3617/3372 3674/3649/3371
f 3676/3651/3400 3677/3652/3401 3678/3653/3402
f 3678/3653/3402 3679/3654/3403 3676/3651/3400
f 3653/3628/3364 3652/3627/3381 3680/3655/3404
f 3680/3655/3404 3681/3656/3405 3653/3628/3364
f 3654/3629/3382 3682/3657/3406 3683/3658/3391
f 3683/3658/3391 3655/3630/3383 3654/3629/3382
f 3681/3656/3405 3680/3655/3404 3684/3659/3407
f 3684/3659/3407 3685/3660/3408 3681/3656/3405
f 3682/3657/3406 3686/3661/3409 3687/3662/3387
f 3687/3662/3387 3683/3658/3391 3682/3657/3406
f 3685/3660/3408 3684/3659/3407 3688/3663/3410
f 3688/3663/3410 3689/3664/3411 3685/3660/3408
f 3690/3665/3412 3691/3666/3413 3692/3667/3408
f 3692/3667/3408 3693/3668/3411 3690/3665/3412
f 3689/3664/3411 3688/3663/3410 3694/3669/3414
f 3694/3669/3414 3695/3670/3402 3689/3664/3411
f 3691/3666/3413 3696/3671/3415 3697/3672/3405
f 3697/3672/3405 3692/3667/3408 3691/3666/3413
f 3698/3673/3416 3699/3674/3417 3700/3675/3418
f 3700/3675/3418 3701/3676/3419 3698/3673/3416
f 3696/3671/3415 3630/3605/3361 3633/3608/3364
f 3633/3608/3364 3697/3672/3405 3696/3671/3415
f 3702/3677/3389 3703/3678/3420 3704/3679/3421
f 3704/3679/3421 3705/3680/3422 3702/3677/3389
f 3639/3614/3370 3706/3681/3423 3707/3682/3422
f 3707/3682/3422 3640/3615/3371 3639/3614/3370
f 3708/3683/3397 3709/3684/3424 3710/3685/3425
f 3710/3685/3425 3711/3686/3398 3708/3683/3397
f 3671/3646/3396 3676/3651/3400 3679/3654/3403
f 3679/3654/3403 3672/3647/3397 3671/3646/3396
f 3705/3680/3422 3704/3679/3421 3675/3650/3399
f 3675/3650/3399 3674/3649/3371 3705/3680/3422
f 3712/3687/3401 3690/3665/3412 3693/3668/3411
f 3693/3668/3411 3713/3688/3402 3712/3687/3401
f 3714/3689/3403 3715/3690/3426 3709/3684/3424
f 3709/3684/3424 3708/3683/3397 3714/3689/3403
f 3716/3691/3427 3717/3692/3428 3718/3693/3429
f 3718/3693/3429 3719/3694/3430 3716/3691/3427
f 3695/3670/3402 3694/3669/3414 3715/3690/3426
f 3715/3690/3426 3714/3689/3403 3695/3670/3402
f 3647/3622/3377 3670/3645/3395 3673/3648/3398
f 3673/3648/3398 3648/3623/3378 3647/3622/3377
f 3711/3686/3398 3710/3685/3425 3720/3695/3431
f 3720/3695/3431 3721/3696/3378 3711/3686/3398
f 3706/3681/3423 3660/3635/3388 3661/3636/3389
f 3661/3636/3389 3707/3682/3422 3706/3681/3423
f 3721/3696/3378 3720/3695/3431 3722/3697/3432
f 3722/3697/3432 3723/3698/3379 3721/3696/3378
f 3686/3661/3409 3664/3639/3392 3667/3642/3384
f 3667/3642/3384 3687/3662/3387 3686/3661/3409
f 3645/3620/3375 3644/3619/3374 3657/3632/3385
f 3657/3632/3385 3656/3631/3384 3645/3620/3375
f 3724/3699/3433 3725/3700/3433 3726/3701/3434
f 3726/3701/3434 3727/3702/3435 3724/3699/3433
f 3728/3703/3436 3729/3704/3437 3730/3705/3438
f 3730/3705/3438 3731/3706/3439 3728/3703/3436
f 3732/3707/3440 3733/3708/3441 3734/3709/3441
f 3734/3709/3441 3735/3710/3442 3732/3707/3440
f 3731/3706/3439 3730/3705/3438 3736/3711/3443
f 3736/3711/3443 3737/3712/3443 3731/3706/3439
f 3738/3713/3444 3739/3714/3445 3740/3715/3445
f 3740/3715/3445 3741/3716/3444 3738/3713/3444
f 3737/3712/3443 3736/3711/3443 3742/3717/3446
f 3742/3717/3446 3743/3718/3446 3737/3712/3443
f 3743/3718/3446 3742/3717/3446 3744/3719/3447
f 3744/3719/3447 3745/3720/3447 3743/3718/3446
f 3746/3721/3448 3637/3612/3368 3636/3611/3367
f 3636/3611/3367 3747/3722/3448 3746/3721/3448
f 3745/3720/3447 3744/3719/3447 3748/3723/3449
f 3748/3723/3449 3749/3724/3450 3745/3720/3447
f 3750/3725/3451 3751/3726/3451 3752/3727/3452
f 3752/3727/3452 3753/3728/3453 3750/3725/3451
f 3749/3724/3450 3748/3723/3449 3754/3729/3454
f 3754/3729/3454 3755/3730/3455 3749/3724/3450
f 3756/3731/3456 3757/3732/3456 3758/3733/3457
f 3758/3733/3457 3759/3734/3457 3756/3731/3456
f 3760/3735/3458 3761/3736/3458 3762/3737/3459
f 3762/3737/3459 3763/3738/3459 3760/3735/3458
f 3764/3739/3460 3765/3740/3460 3766/3741/3461
f 3766/3741/3461 3767/3742/3462 3764/3739/3460
f 3755/3730/3455 3754/3729/3454 3768/3743/3463
f 3768/3743/3463 3769/3744/3463 3755/3730/3455
f 3724/3699/3433 3770/3745/3464 3771/3746/3465
f 3771/3746/3465 3725/3700/3433 3724/3699/3433
f 3759/3734/3457 3758/3733/3457 3772/3747/3466
f 3772/3747/3466 3773/3748/3467 3759/3734/3457
f 3774/3749/3468 3775/3750/3469 3776/3751/3470
f 3776/3751/3470 3777/3752/3468 3774/3749/3468
f 3769/3744/3463 3768/3743/3463 3778/3753/3471
f 3778/3753/3471 3779/3754/3472 3769/3744/3463
f 3774/3749/3468 3777/3752/3468 3727/3702/3435
f 3727/3702/3435 3726/3701/3434 3774/3749/3468
f 3775/3750/3469 3732/3707/3440 3735/3710/3442
f 3735/3710/3442 3776/3751/3470 3775/3750/3469
f 3771/3746/3465 3770/3745/3464 3635/3610/3366
f 3635/3610/3366 3634/3609/3365 3771/3746/3465
f 3733/3708/3441 3780/3755/3473 3781/3756/3473
f 3781/3756/3473 3734/3709/3441 3733/3708/3441
f 3781/3756/3473 3780/3755/3473 3751/3726/3451
f 3751/3726/3451 3750/3725/3451 3781/3756/3473
f 3782/3757/3474 3783/3758/3475 3738/3713/3444
f 3738/3713/3444 3741/3716/3444 3782/3757/3474
f 3739/3714/3445 3746/3721/3448 3747/3722/3448
f 3747/3722/3448 3740/3715/3445 3739/3714/3445
f 3766/3741/3461 3761/3736/3458 3760/3735/3458
f 3760/3735/3458 3767/3742/3462 3766/3741/3461
f 3763/3738/3459 3762/3737/3459 3783/3758/3475
f 3783/3758/3475 3782/3757/3474 3763/3738/3459
f 3756/3731/3476 3727/3702/3476 3777/3752/3477
f 3777/3752/3477 3784/3759/3477 3756/3731/3476
f 3784/3759/3477 3777/3752/3477 3776/3751/307
f 3776/3751/307 3785/3760/307 3784/3759/3477
f 3785/3760/307 3776/3751/307 3735/3710/307
f 3735/3710/307 3786/3761/307 3785/3760/307
f 3786/3761/307 3735/3710/307 3734/3709/3306
f 3734/3709/3306 3779/3754/3306 3786/3761/307
f 3779/3754/3306 3734/3709/3306 3781/3756/307
f 3781/3756/307 3769/3744/307 3779/3754/3306
f 3769/3744/307 3781/3756/307 3750/3725/558
f 3750/3725/558 3755/3730/558 3769/3744/307
f 3755/3730/558 3750/3725/558 3753/3728/3478
f 3753/3728/3478 3749/3724/3478 3755/3730/558
f 3749/3724/3478 3753/3728/3478 3764/3739/307
f 3764/3739/307 3745/3720/307 3749/3724/3478
f 3745/3720/307 3764/3739/307 3767/3742/3479
f 3767/3742/3479 3743/3718/3479 3745/3720/307
f 3743/3718/3479 3767/3742/3479 3760/3735/3479
f 3760/3735/3479 3737/3712/3479 3743/3718/3479
f 3737/3712/3479 3760/3735/3479 3763/3738/307
f 3763/3738/307 3731/3706/307 3737/3712/3479
f 3731/3706/307 3763/3738/307 3782/3757/3480
f 3782/3757/3480 3728/3703/3480 3731/3706/307
f 3728/3703/3480 3782/3757/3480 3741/3716/307
f 3741/3716/307 3787/3762/307 3728/3703/3480
f 3787/3762/307 3741/3716/307 3740/3715/558
f 3740/3715/558 3788/3763/558 3787/3762/307
f 3788/3763/558 3740/3715/558 3747/3722/307
f 3747/3722/307 3789/3764/307 3788/3763/558
f 3789/3764/307 3747/3722/307 3636/3611/307
f 3636/3611/307 3790/3765/307 3789/3764/307
f 3790/3765/307 3636/3611/307 3635/3610/307
f 3635/3610/307 3791/3766/307 3790/3765/307
f 3791/3766/307 3635/3610/307 3770/3745/3481
f 3770/3745/3481 3773/3748/3481 3791/3766/307
f 3773/3748/3481 3770/3745/3481 3724/3699/3481
f 3724/3699/3481 3759/3734/3481 3773/3748/3481
f 3759/3734/3481 3724/3699/3481 3727/3702/3476
f 3727/3702/3476 3756/3731/3476 3759/3734/3481
f 3787/3762/3482 3792/3767/3483 3729/3704/3437
f 3729/3704/3437 3728/3703/3436 3787/3762/3482
f 3788/3763/3484 3793/3768/3485 3792/3767/3483
f 3792/3767/3483 3787/3762/3482 3788/3763/3484
f 3784/3759/3486 3794/3769/3486 3757/3732/3456
f 3757/3732/3456 3756/3731/3456 3784/3759/3486
f 3789/3764/3487 3795/3770/3487 3793/3768/3485
f 3793/3768/3485 3788/3763/3484 3789/3764/3487
f 3785/3760/3488 3796/3771/3489 3794/3769/3486
f 3794/3769/3486 3784/3759/3486 3785/3760/3488
f 3790/3765/3490 3797/3772/3491 3795/3770/3487
f 3795/3770/3487 3789/3764/3487 3790/3765/3490
f 3786/3761/3492 3798/3773/3493 3796/3771/3489
f 3796/3771/3489 3785/3760/3488 3786/3761/3492
f 3791/3766/3494 3799/3774/3495 3797/3772/3491
f 3797/3772/3491 3790/3765/3490 3791/3766/3494
f 3779/3754/3472 3778/3753/3471 3798/3773/3493
f 3798/3773/3493 3786/3761/3492 3779/3754/3472
f 3773/3748/3467 3772/3747/3466 3799/3774/3495
f 3799/3774/3495 3791/3766/3494 3773/3748/3467
f 3764/3739/3460 3753/3728/3453 3752/3727/3452
f 3752/3727/3452 3765/3740/3460 3764/3739/3460
f 3800/3775/3496 3801/3776/3497 3691/3666/3413
f 3691/3666/3413 3690/3665/3412 3800/3775/3496
f 3802/3777/3498 3803/3778/3499 3647/3622/3377
f 3647/3622/3377 3646/3621/3376 3802/3777/3498
f 3801/3776/3497 3804/3779/3500 3696/3671/3415
f 3696/3671/3415 3691/3666/3413 3801/3776/3497
f 3803/3778/3499 3805/3780/3501 3670/3645/3395
f 3670/3645/3395 3647/3622/3377 3803/3778/3499
f 3804/3779/3500 3718/3693/3429 3630/3605/3361
f 3630/3605/3361 3696/3671/3415 3804/3779/3500
f 3718/3693/3429 3717/3692/3428 3631/3606/3362
f 3631/3606/3362 3630/3605/3361 3718/3693/3429
f 3717/3692/3428 3806/3781/3502 3654/3629/3382
f 3654/3629/3382 3631/3606/3362 3717/3692/3428
f 3806/3781/3502 3807/3782/3503 3682/3657/3406
f 3682/3657/3406 3654/3629/3382 3806/3781/3502
f 3807/3782/3503 3808/3783/3504 3686/3661/3409
f 3686/3661/3409 3682/3657/3406 3807/3782/3503
f 3808/3783/3504 3809/3784/3505 3664/3639/3392
f 3664/3639/3392 3686/3661/3409 3808/3783/3504
f 3809/3784/3505 3810/3785/3506 3665/3640/3393
f 3665/3640/3393 3664/3639/3392 3809/3784/3505
f 3810/3785/3506 3811/3786/3507 3638/3613/3369
f 3638/3613/3369 3665/3640/3393 3810/3785/3506
f 3811/3786/3507 3812/3787/3508 3639/3614/3370
f 3639/3614/3370 3638/3613/3369 3811/3786/3507
f 3805/3780/3501 3813/3788/3509 3671/3646/3396
f 3671/3646/3396 3670/3645/3395 3805/3780/3501
f 3812/3787/3508 3814/3789/3510 3706/3681/3423
f 3706/3681/3423 3639/3614/3370 3812/3787/3508
f 3814/3789/3510 3815/3790/3511 3660/3635/3388
f 3660/3635/3388 3706/3681/3423 3814/3789/3510
f 3816/3791/3512 3800/3775/3496 3690/3665/3412
f 3690/3665/3412 3712/3687/3401 3816/3791/3512
f 3817/3792/3513 3818/3793/3512 3677/3652/3401
f 3677/3652/3401 3676/3651/3400 3817/3792/3513
f 3813/3788/3509 3817/3792/3513 3676/3651/3400
f 3676/3651/3400 3671/3646/3396 3813/3788/3509
f 3819/3794/3514 3820/3795/3515 3821/3796/3516
f 3821/3796/3516 3822/3797/3517 3819/3794/3514
f 3823/3798/3518 3812/3787/3508 3811/3786/3507
f 3811/3786/3507 3824/3799/3519 3823/3798/3518
f 3825/3800/3520 3826/3801/3521 3827/3802/3519
f 3827/3802/3519 3828/3803/3522 3825/3800/3520
f 3829/3804/3523 3803/3778/3499 3802/3777/3498
f 3802/3777/3498 3830/3805/3418 3829/3804/3523
f 3831/3806/3524 3832/3807/3525 3833/3808/3427
f 3833/3808/3427 3834/3809/3430 3831/3806/3524
f 3835/3810/3526 3806/3781/3502 3717/3692/3428
f 3717/3692/3428 3716/3691/3427 3835/3810/3526
f 3836/3811/3527 3837/3812/3528 3838/3813/3529
f 3838/3813/3529 3839/3814/3530 3836/3811/3527
f 3830/3805/3418 3802/3777/3498 3815/3790/3511
f 3815/3790/3511 3840/3815/3419 3830/3805/3418
f 3841/3816/3531 3836/3811/3527 3839/3814/3530
f 3839/3814/3530 3842/3817/3532 3841/3816/3531
f 3843/3818/3522 3810/3785/3506 3809/3784/3505
f 3809/3784/3505 3844/3819/3529 3843/3818/3522
f 3845/3820/3533 3841/3816/3531 3842/3817/3532
f 3842/3817/3532 3846/3821/3526 3845/3820/3533
f 3847/3822/3534 3813/3788/3509 3805/3780/3501
f 3805/3780/3501 3848/3823/3535 3847/3822/3534
f 3832/3807/3525 3845/3820/3533 3846/3821/3526
f 3846/3821/3526 3833/3808/3427 3832/3807/3525
f 3824/3799/3519 3811/3786/3507 3810/3785/3506
f 3810/3785/3506 3843/3818/3522 3824/3799/3519
f 3826/3801/3521 3849/3824/3536 3850/3825/3518
f 3850/3825/3518 3827/3802/3519 3826/3801/3521
f 3851/3826/3537 3818/3793/3512 3817/3792/3513
f 3817/3792/3513 3852/3827/3538 3851/3826/3537
f 3853/3828/3539 3831/3806/3524 3834/3809/3430
f 3834/3809/3430 3854/3829/3540 3853/3828/3539
f 3855/3830/3532 3807/3782/3503 3806/3781/3502
f 3806/3781/3502 3835/3810/3526 3855/3830/3532
f 3856/3831/3541 3853/3828/3539 3854/3829/3540
f 3854/3829/3540 3857/3832/3542 3856/3831/3541
f 3858/3833/3530 3808/3783/3504 3807/3782/3503
f 3807/3782/3503 3855/3830/3532 3858/3833/3530
f 3859/3834/3543 3856/3831/3541 3857/3832/3542
f 3857/3832/3542 3860/3835/3544 3859/3834/3543
f 3861/3836/3542 3801/3776/3497 3800/3775/3496
f 3800/3775/3496 3862/3837/3544 3861/3836/3542
f 3863/3838/3545 3859/3834/3543 3860/3835/3544
f 3860/3835/3544 3864/3839/3537 3863/3838/3545
f 3865/3840/3540 3804/3779/3500 3801/3776/3497
f 3801/3776/3497 3861/3836/3542 3865/3840/3540
f 3719/3694/3430 3718/3693/3429 3804/3779/3500
f 3804/3779/3500 3865/3840/3540 3719/3694/3430
f 3866/3841/3546 3698/3673/3416 3701/3676/3419
f 3701/3676/3419 3867/3842/3547 3866/3841/3546
f 3868/3843/3547 3814/3789/3510 3812/3787/3508
f 3812/3787/3508 3823/3798/3518 3868/3843/3547
f 3869/3844/3548 3870/3845/3549 3871/3846/3534
f 3871/3846/3534 3872/3847/3535 3869/3844/3548
f 3852/3827/3538 3817/3792/3513 3813/3788/3509
f 3813/3788/3509 3847/3822/3534 3852/3827/3538
f 3849/3824/3536 3866/3841/3546 3867/3842/3547
f 3867/3842/3547 3850/3825/3518 3849/3824/3536
f 3862/3837/3544 3800/3775/3496 3816/3791/3512
f 3816/3791/3512 3873/3848/3537 3862/3837/3544
f 3870/3845/3549 3874/3849/3550 3875/3850/3538
f 3875/3850/3538 3871/3846/3534 3870/3845/3549
f 3874/3849/3550 3863/3838/3545 3864/3839/3537
f 3864/3839/3537 3875/3850/3538 3874/3849/3550
f 3848/3823/3535 3805/3780/3501 3803/3778/3499
f 3803/3778/3499 3829/3804/3523 3848/3823/3535
f 3876/3851/3551 3869/3844/3548 3872/3847/3535
f 3872/3847/3535 3877/3852/3523 3876/3851/3551
f 3840/3815/3419 3815/3790/3511 3814/3789/3510
f 3814/3789/3510 3868/3843/3547 3840/3815/3419
f 3699/3674/3417 3876/3851/3551 3877/3852/3523
f 3877/3852/3523 3700/3675/3418 3699/3674/3417
f 3844/3819/3529 3809/3784/3505 3808/3783/3504
f 3808/3783/3504 3858/3833/3530 3844/3819/3529
f 3837/3812/3528 3825/3800/3520 3828/3803/3522
f 3828/3803/3522 3838/3813/3529 3837/3812/3528
f 3878/3853/3552 3879/3854/3553 3880/3855/3554
f 3880/3855/3554 3881/3856/3552 3878/3853/3552
f 3882/3857/3555 3883/3858/3556 3884/3859/3556
f 3884/3859/3556 3885/3860/3557 3882/3857/3555
f 3886/3861/3558 3887/3862/3558 3888/3863/3559
f 3888/3863/3559 3889/3864/3559 3886/3861/3558
f 3890/3865/3560 3882/3857/3555 3885/3860/3557
f 3885/3860/3557 3891/3866/3560 3890/3865/3560
f 3892/3867/3561 3893/3868/3561 3894/3869/3562
f 3894/3869/3562 3895/3870/3562 3892/3867/3561
f 3896/3871/3563 3890/3865/3560 3891/3866/3560
f 3891/3866/3560 3897/3872/3563 3896/3871/3563
f 3898/3873/3564 3896/3871/3563 3897/3872/3563
f 3897/3872/3563 3899/3874/3565 3898/3873/3564
f 3819/3794/3514 3822/3797/3517 3900/3875/3566
f 3900/3875/3566 3901/3876/3566 3819/3794/3514
f 3902/3877/3567 3898/3873/3564 3899/3874/3565
f 3899/3874/3565 3903/3878/3568 3902/3877/3567
f 3904/3879/3569 3905/3880/3570 3906/3881/3570
f 3906/3881/3570 3907/3882/3571 3904/3879/3569
f 3908/3883/3572 3902/3877/3567 3903/3878/3568
f 3903/3878/3568 3909/3884/3573 3908/3883/3572
f 3910/3885/3574 3911/3886/3575 3912/3887/3575
f 3912/3887/3575 3913/3888/3574 3910/3885/3574
f 3914/3889/3576 3915/3890/3577 3916/3891/3577
f 3916/3891/3577 3917/3892/3576 3914/3889/3576
f 3918/3893/3578 3919/3894/3579 3920/3895/3580
f 3920/3895/3580 3921/3896/3578 3918/3893/3578
f 3922/3897/3581 3908/3883/3572 3909/3884/3573
f 3909/3884/3573 3923/3898/3581 3922/3897/3581
f 3924/3899/3582 3925/3900/3583 3880/3855/3554
f 3880/3855/3554 3879/3854/3553 3924/3899/3582
f 3926/3901/3584 3910/3885/3574 3913/3888/3574
f 3913/3888/3574 3927/3902/3585 3926/3901/3584
f 3928/3903/3586 3929/3904/3586 3930/3905/3587
f 3930/3905/3587 3931/3906/3588 3928/3903/3586
f 3932/3907/3589 3922/3897/3581 3923/3898/3581
f 3923/3898/3581 3933/3908/3590 3932/3907/3589
f 3881/3856/3552 3931/3906/3588 3930/3905/3587
f 3930/3905/3587 3878/3853/3552 3881/3856/3552
f 3889/3864/3559 3888/3863/3559 3929/3904/3586
f 3929/3904/3586 3928/3903/3586 3889/3864/3559
f 3820/3795/3515 3925/3900/3583 3924/3899/3582
f 3924/3899/3582 3821/3796/3516 3820/3795/3515
f 3934/3909/3591 3935/3910/3591 3887/3862/3558
f 3887/3862/3558 3886/3861/3558 3934/3909/3591
f 3905/3880/3570 3935/3910/3591 3934/3909/3591
f 3934/3909/3591 3906/3881/3570 3905/3880/3570
f 3894/3869/3562 3936/3911/3592 3937/3912/3593
f 3937/3912/3593 3895/3870/3562 3894/3869/3562
f 3901/3876/3566 3900/3875/3566 3893/3868/3561
f 3893/3868/3561 3892/3867/3561 3901/3876/3566
f 3916/3891/3577 3915/3890/3577 3918/3893/3578
f 3918/3893/3578 3921/3896/3578 3916/3891/3577
f 3936/3911/3592 3914/3889/3576 3917/3892/3576
f 3917/3892/3576 3937/3912/3593 3936/3911/3592
f 3931/3906/308 3881/3856/3594 3912/3887/3594
f 3912/3887/3594 3938/3913/308 3931/3906/308
f 3928/3903/3305 3931/3906/308 3938/3913/308
f 3938/3913/308 3939/3914/3305 3928/3903/3305
f 3889/3864/308 3928/3903/3305 3939/3914/3305
f 3939/3914/3305 3940/3915/308 3889/3864/308
f 3886/3861/308 3889/3864/308 3940/3915/308
f 3940/3915/308 3933/3908/308 3886/3861/308
f 3934/3909/308 3886/3861/308 3933/3908/308
f 3933/3908/308 3923/3898/308 3934/3909/308
f 3906/3881/3305 3934/3909/308 3923/3898/308
f 3923/3898/308 3909/3884/3305 3906/3881/3305
f 3907/3882/3595 3906/3881/3305 3909/3884/3305
f 3909/3884/3305 3903/3878/3595 3907/3882/3595
f 3920/3895/308 3907/3882/3595 3903/3878/3595
f 3903/3878/3595 3899/3874/308 3920/3895/308
f 3921/3896/3596 3920/3895/308 3899/3874/308
f 3899/3874/308 3897/3872/3596 3921/3896/3596
f 3916/3891/3597 3921/3896/3596 3897/3872/3596
f 3897/3872/3596 3891/3866/3597 3916/3891/3597
f 3917/3892/308 3916/3891/3597 3891/3866/3597
f 3891/3866/3597 3885/3860/308 3917/3892/308
f 3937/3912/557 3917/3892/308 3885/3860/308
f 3885/3860/308 3884/3859/557 3937/3912/557
f 3895/3870/557 3937/3912/557 3884/3859/557
f 3884/3859/557 3941/3916/557 3895/3870/557
f 3892/3867/557 3895/3870/557 3941/3916/557
f 3941/3916/557 3942/3917/557 3892/3867/557
f 3901/3876/308 3892/3867/557 3942/3917/557
f 3942/3917/557 3943/3918/308 3901/3876/308
f 3819/3794/3305 3901/3876/308 3943/3918/308
f 3943/3918/308 3944/3919/3305 3819/3794/3305
f 3820/3795/3305 3819/3794/3305 3944/3919/3305
f 3944/3919/3305 3945/3920/3305 3820/3795/3305
f 3925/3900/3305 3820/3795/3305 3945/3920/3305
f 3945/3920/3305 3927/3902/3305 3925/3900/3305
f 3880/3855/3305 3925/3900/3305 3927/3902/3305
f 3927/3902/3305 3913/3888/3305 3880/3855/3305
f 3881/3856/3594 3880/3855/3305 3913/3888/3305
f 3913/3888/3305 3912/3887/3594 3881/3856/3594
f 3883/3858/3556 3946/3921/3598 3941/3916/3599
f 3941/3916/3599 3884/3859/3556 3883/3858/3556
f 3946/3921/3598 3947/3922/3600 3942/3917/3601
f 3942/3917/3601 3941/3916/3599 3946/3921/3598
f 3911/3886/3575 3948/3923/3602 3938/3913/3602
f 3938/3913/3602 3912/3887/3575 3911/3886/3575
f 3947/3922/3600 3949/3924/3603 3943/3918/3603
f 3943/3918/3603 3942/3917/3601 3947/3922/3600
f 3948/3923/3602 3950/3925/3604 3939/3914/3605
f 3939/3914/3605 3938/3913/3602 3948/3923/3602
f 3949/3924/3603 3951/3926/3606 3944/3919/3607
f 3944/3919/3607 3943/3918/3603 3949/3924/3603
f 3950/3925/3604 3952/3927/3608 3940/3915/3609
f 3940/3915/3609 3939/3914/3605 3950/3925/3604
f 3951/3926/3606 3953/3928/3610 3945/3920/3611
f 3945/3920/3611 3944/3919/3607 3951/3926/3606
f 3952/3927/3608 3932/3907/3589 3933/3908/3590
f 3933/3908/3590 3940/3915/3609 3952/3927/3608
f 3953/3928/3610 3926/3901/3584 3927/3902/3585
f 3927/3902/3585 3945/3920/3611 3953/3928/3610
f 3904/3879/3569 3907/3882/3571 3920/3895/3580
f 3920/3895/3580 3919/3894/3579 3904/3879/3569
f 3815/3790/3511 3802/3777/3498 3646/3621/3376
f 3646/3621/3376 3660/3635/3388 3815/3790/3511
f 3954/3929/307 3955/3930/307 3956/3931/307
f 3956/3931/307 3957/3932/307 3954/3929/307
f 3957/3932/307 3958/3933/307 3959/3934/307
f 3959/3934/307 3954/3929/307 3957/3932/307
f 3960/3935/307 3959/3934/307 3958/3933/307
f 3958/3933/307 3961/3936/307 3960/3935/307
f 3961/3936/307 3962/3937/307 3963/3938/307
f 3963/3938/307 3960/3935/307 3961/3936/307
f 3964/3939/307 3965/3940/307 3963/3938/307
f 3963/3938/307 3962/3937/307 3964/3939/307
f 3964/3939/307 3966/3941/307 3967/3942/307
f 3967/3942/307 3965/3940/307 3964/3939/307
f 3966/3941/307 3968/3943/3478 3969/3944/3478
f 3969/3944/3478 3967/3942/307 3966/3941/307
f 3968/3943/3478 3970/3945/307 3971/3946/307
f 3971/3946/307 3969/3944/3478 3968/3943/3478
f 3972/3947/307 3971/3946/307 3970/3945/307
f 3970/3945/307 3973/3948/307 3972/3947/307
f 3974/3949/308 3975/3950/308 3976/3951/557
f 3976/3951/557 3977/3952/557 3974/3949/308
f 3977/3952/557 3976/3951/557 3978/3953/308
f 3978/3953/308 3979/3954/308 3977/3952/557
f 3979/3954/308 3978/3953/308 3980/3955/308
f 3980/3955/308 3981/3956/308 3979/3954/308
f 3980/3955/308 3982/3957/308 3983/3958/308
f 3983/3958/308 3981/3956/308 3980/3955/308
f 3982/3957/308 3984/3959/308 3985/3960/308
f 3985/3960/308 3983/3958/308 3982/3957/308
f 3985/3960/308 3984/3959/308 3986/3961/308
f 3986/3961/308 3987/3962/308 3985/3960/308
f 3988/3963/308 3989/3964/308 3987/3962/308
f 3987/3962/308 3986/3961/308 3988/3963/308
f 3990/3965/3595 3991/3966/3595 3989/3964/308
f 3989/3964/308 3988/3963/308 3990/3965/3595
f 3990/3965/3595 3992/3967/308 3993/3968/308
f 3993/3968/308 3991/3966/3595 3990/3965/3595
f 3723/3698/3379 3722/3697/3432 3703/3678/3420
f 3703/3678/3420 3702/3677/3389 3723/3698/3379
f 3994/3969/3427 3995/3970/3428 3996/3971/3429
f 3996/3971/3429 3997/3972/3612 3994/3969/3427
f 3998/3973/3517 3999/3974/3515 4000/3975/3613
f 4000/3975/3613 4001/3976/3614 3998/3973/3517
f 4002/3977/3615 4003/3978/3508 4004/3979/3507
f 4004/3979/3507 4005/3980/3519 4002/3977/3615
f 4006/3981/3616 4007/3982/3617 4008/3983/3519
f 4008/3983/3519 4009/3984/3522 4006/3981/3616
f 4010/3985/3618 4011/3986/3619 4012/3987/3498
f 4012/3987/3498 4013/3988/3418 4010/3985/3618
f 4014/3989/3620 4015/3990/3621 4016/3991/3427
f 4016/3991/3427 4017/3992/3612 4014/3989/3620
f 4018/3993/3622 4019/3994/3502 3995/3970/3428
f 3995/3970/3428 3994/3969/3427 4018/3993/3622
f 4020/3995/3527 4021/3996/3623 4022/3997/3624
f 4022/3997/3624 4023/3998/3530 4020/3995/3527
f 4013/3988/3418 4012/3987/3498 4024/3999/3511
f 4024/3999/3511 4025/4000/3419 4013/3988/3418
f 4026/4001/3625 4020/3995/3527 4023/3998/3530
f 4023/3998/3530 4027/4002/3626 4026/4001/3625
f 4028/4003/3522 4029/4004/3627 4030/4005/3628
f 4030/4005/3628 4031/4006/3624 4028/4003/3522
f 4032/4007/3533 4026/4001/3625 4027/4002/3626
f 4027/4002/3626 4033/4008/3622 4032/4007/3533
f 4034/4009/3629 4035/4010/3509 4036/4011/3501
f 4036/4011/3501 4037/4012/3535 4034/4009/3629
f 4015/3990/3621 4032/4007/3533 4033/4008/3622
f 4033/4008/3622 4016/3991/3427 4015/3990/3621
f 4005/3980/3519 4004/3979/3507 4029/4004/3627
f 4029/4004/3627 4028/4003/3522 4005/3980/3519
f 4007/3982/3617 4038/4013/3630 4039/4014/3615
f 4039/4014/3615 4008/3983/3519 4007/3982/3617
f 4040/4015/3631 4041/4016/3512 4042/4017/3513
f 4042/4017/3513 4043/4018/3538 4040/4015/3631
f 4044/4019/3539 4014/3989/3620 4017/3992/3612
f 4017/3992/3612 4045/4020/3632 4044/4019/3539
f 4046/4021/3626 4047/4022/3633 4019/3994/3502
f 4019/3994/3502 4018/3993/3622 4046/4021/3626
f 4048/4023/3634 4044/4019/3539 4045/4020/3632
f 4045/4020/3632 4049/4024/3635 4048/4023/3634
f 4050/4025/3530 4051/4026/3504 4047/4022/3633
f 4047/4022/3633 4046/4021/3626 4050/4025/3530
f 4052/4027/3543 4048/4023/3634 4049/4024/3635
f 4049/4024/3635 4053/4028/3544 4052/4027/3543
f 4054/4029/3635 4055/4030/3497 4056/4031/3496
f 4056/4031/3496 4057/4032/3544 4054/4029/3635
f 4058/4033/3636 4052/4027/3543 4053/4028/3544
f 4053/4028/3544 4059/4034/3631 4058/4033/3636
f 4060/4035/3632 4061/4036/3500 4055/4030/3497
f 4055/4030/3497 4054/4029/3635 4060/4035/3632
f 4062/4037/3379 4063/4038/3637 4064/4039/3638
f 4064/4039/3638 4065/4040/3389 4062/4037/3379
f 3997/3972/3612 3996/3971/3429 4061/4036/3500
f 4061/4036/3500 4060/4035/3632 3997/3972/3612
f 4066/4041/3639 4067/4042/3640 4068/4043/3419
f 4068/4043/3419 4069/4044/3547 4066/4041/3639
f 4070/4045/3547 4071/4046/3510 4003/3978/3508
f 4003/3978/3508 4002/3977/3615 4070/4045/3547
f 4072/4047/3641 4073/4048/3642 4074/4049/3629
f 4074/4049/3629 4075/4050/3535 4072/4047/3641
f 4043/4018/3538 4042/4017/3513 4035/4010/3509
f 4035/4010/3509 4034/4009/3629 4043/4018/3538
f 4038/4013/3630 4066/4041/3639 4069/4044/3547
f 4069/4044/3547 4039/4014/3615 4038/4013/3630
f 4057/4032/3544 4056/4031/3496 4076/4051/3512
f 4076/4051/3512 4077/4052/3631 4057/4032/3544
f 4073/4048/3642 4078/4053/3643 4079/4054/3538
f 4079/4054/3538 4074/4049/3629 4073/4048/3642
f 4080/4055/3361 4081/4056/3362 4082/4057/3363
f 4082/4057/3363 4083/4058/3644 4080/4055/3361
f 4078/4053/3643 4058/4033/3636 4059/4034/3631
f 4059/4034/3631 4079/4054/3538 4078/4053/3643
f 4037/4012/3535 4036/4011/3501 4011/3986/3619
f 4011/3986/3619 4010/3985/3618 4037/4012/3535
f 4084/4059/3551 4072/4047/3641 4075/4050/3535
f 4075/4050/3535 4085/4060/3618 4084/4059/3551
f 4025/4000/3419 4024/3999/3511 4071/4046/3510
f 4071/4046/3510 4070/4045/3547 4025/4000/3419
f 4086/4061/3645 4084/4059/3551 4085/4060/3618
f 4085/4060/3618 4087/4062/3418 4086/4061/3645
f 4031/4006/3624 4030/4005/3628 4051/4026/3504
f 4051/4026/3504 4050/4025/3530 4031/4006/3624
f 4021/3996/3623 4006/3981/3616 4009/3984/3522
f 4009/3984/3522 4022/3997/3624 4021/3996/3623
f 4088/4063/3646 4089/4064/3553 4090/4065/3554
f 4090/4065/3554 4091/4066/3552 4088/4063/3646
f 4092/4067/3647 4093/4068/3648 4094/4069/3649
f 4094/4069/3649 4095/4070/3650 4092/4067/3647
f 4096/4071/3558 4097/4072/3558 4098/4073/3651
f 4098/4073/3651 4099/4074/3651 4096/4071/3558
f 4100/4075/3652 4092/4067/3647 4095/4070/3650
f 4095/4070/3650 4101/4076/3653 4100/4075/3652
f 4102/4077/3561 4103/4078/3561 4104/4079/3562
f 4104/4079/3562 4105/4080/3562 4102/4077/3561
f 4106/4081/3654 4100/4075/3652 4101/4076/3653
f 4101/4076/3653 4107/4082/3563 4106/4081/3654
f 4108/4083/3655 4106/4081/3654 4107/4082/3563
f 4107/4082/3563 4109/4084/3564 4108/4083/3655
f 3998/3973/3517 4001/3976/3614 4110/4085/3566
f 4110/4085/3566 4111/4086/3566 3998/3973/3517
f 4112/4087/3567 4108/4083/3655 4109/4084/3564
f 4109/4084/3564 4113/4088/3656 4112/4087/3567
f 4114/4089/3569 4115/4090/3570 4116/4091/3570
f 4116/4091/3570 4117/4092/3569 4114/4089/3569
f 4118/4093/3573 4112/4087/3567 4113/4088/3656
f 4113/4088/3656 4119/4094/3573 4118/4093/3573
f 4120/4095/3657 4121/4096/3658 4122/4097/3659
f 4122/4097/3659 4123/4098/3660 4120/4095/3657
f 4124/4099/3661 4125/4100/3577 4126/4101/3577
f 4126/4101/3577 4127/4102/3661 4124/4099/3661
f 4128/4103/3662 4129/4104/3579 4130/4105/3579
f 4130/4105/3579 4131/4106/3578 4128/4103/3662
f 4132/4107/3663 4118/4093/3573 4119/4094/3573
f 4119/4094/3573 4133/4108/3663 4132/4107/3663
f 4134/4109/3664 4135/4110/3583 4090/4065/3554
f 4090/4065/3554 4089/4064/3553 4134/4109/3664
f 4136/4111/3665 4120/4095/3657 4123/4098/3660
f 4123/4098/3660 4137/4112/3666 4136/4111/3665
f 4138/4113/3667 4139/4114/3667 4140/4115/3588
f 4140/4115/3588 4141/4116/3588 4138/4113/3667
f 4142/4117/3668 4132/4107/3663 4133/4108/3663
f 4133/4108/3663 4143/4118/3669 4142/4117/3668
f 4091/4066/3552 4141/4116/3588 4140/4115/3588
f 4140/4115/3588 4088/4063/3646 4091/4066/3552
f 4099/4074/3651 4098/4073/3651 4139/4114/3667
f 4139/4114/3667 4138/4113/3667 4099/4074/3651
f 3999/3974/3515 4135/4110/3583 4134/4109/3664
f 4134/4109/3664 4000/3975/3613 3999/3974/3515
f 4144/4119/3591 4145/4120/3591 4097/4072/3558
f 4097/4072/3558 4096/4071/3558 4144/4119/3591
f 4115/4090/3570 4145/4120/3591 4144/4119/3591
f 4144/4119/3591 4116/4091/3570 4115/4090/3570
f 4104/4079/3562 4146/4121/3592 4147/4122/3593
f 4147/4122/3593 4105/4080/3562 4104/4079/3562
f 4111/4086/3566 4110/4085/3566 4103/4078/3561
f 4103/4078/3561 4102/4077/3561 4111/4086/3566
f 4126/4101/3577 4125/4100/3577 4128/4103/3662
f 4128/4103/3662 4131/4106/3578 4126/4101/3577
f 4146/4121/3592 4124/4099/3661 4127/4102/3661
f 4127/4102/3661 4147/4122/3593 4146/4121/3592
f 4141/4116/3670 4091/4066/3671 4122/4097/3671
f 4122/4097/3671 4148/4123/3670 4141/4116/3670
f 4138/4113/308 4141/4116/3670 4148/4123/3670
f 4148/4123/3670 4149/4124/308 4138/4113/308
f 4099/4074/308 4138/4113/308 4149/4124/308
f 4149/4124/308 4150/4125/308 4099/4074/308
f 4096/4071/308 4099/4074/308 4150/4125/308
f 4150/4125/308 4143/4118/308 4096/4071/308
f 4144/4119/308 4096/4071/308 4143/4118/308
f 4143/4118/308 4133/4108/308 4144/4119/308
f 4116/4091/3305 4144/4119/308 4133/4108/308
f 4133/4108/308 4119/4094/3305 4116/4091/3305
f 4117/4092/3672 4116/4091/3305 4119/4094/3305
f 4119/4094/3305 4113/4088/3672 4117/4092/3672
f 4130/4105/3305 4117/4092/3672 4113/4088/3672
f 4113/4088/3672 4109/4084/3305 4130/4105/3305
f 4131/4106/3673 4130/4105/3305 4109/4084/3305
f 4109/4084/3305 4107/4082/3673 4131/4106/3673
f 4126/4101/3674 4131/4106/3673 4107/4082/3673
f 4107/4082/3673 4101/4076/3674 4126/4101/3674
f 4127/4102/308 4126/4101/3674 4101/4076/3674
f 4101/4076/3674 4095/4070/308 4127/4102/308
f 4147/4122/557 4127/4102/308 4095/4070/308
f 4095/4070/308 4094/4069/557 4147/4122/557
f 4105/4080/308 4147/4122/557 4094/4069/557
f 4094/4069/557 4151/4126/308 4105/4080/308
f 4102/4077/3305 4105/4080/308 4151/4126/308
f 4151/4126/308 4152/4127/3305 4102/4077/3305
f 4111/4086/308 4102/4077/3305 4152/4127/3305
f 4152/4127/3305 4153/4128/308 4111/4086/308
f 3998/3973/308 4111/4086/308 4153/4128/308
f 4153/4128/308 4154/4129/308 3998/3973/308
f 3999/3974/308 3998/3973/308 4154/4129/308
f 4154/4129/308 4155/4130/308 3999/3974/308
f 4135/4110/910 3999/3974/308 4155/4130/308
f 4155/4130/308 4137/4112/910 4135/4110/910
f 4090/4065/910 4135/4110/910 4137/4112/910
f 4137/4112/910 4123/4098/910 4090/4065/910
f 4091/4066/3671 4090/4065/910 4123/4098/910
f 4123/4098/910 4122/4097/3671 4091/4066/3671
f 4093/4068/3648 4156/4131/3675 4151/4126/3676
f 4151/4126/3676 4094/4069/3649 4093/4068/3648
f 4156/4131/3675 4157/4132/3677 4152/4127/3678
f 4152/4127/3678 4151/4126/3676 4156/4131/3675
f 4121/4096/3658 4158/4133/3679 4148/4123/3679
f 4148/4123/3679 4122/4097/3659 4121/4096/3658
f 4157/4132/3677 4159/4134/3680 4153/4128/3680
f 4153/4128/3680 4152/4127/3678 4157/4132/3677
f 4158/4133/3679 4160/4135/3604 4149/4124/3681
f 4149/4124/3681 4148/4123/3679 4158/4133/3679
f 4159/4134/3680 4161/4136/3682 4154/4129/3683
f 4154/4129/3683 4153/4128/3680 4159/4134/3680
f 4160/4135/3604 4162/4137/3684 4150/4125/3685
f 4150/4125/3685 4149/4124/3681 4160/4135/3604
f 4161/4136/3682 4163/4138/3686 4155/4130/3686
f 4155/4130/3686 4154/4129/3683 4161/4136/3682
f 4162/4137/3684 4142/4117/3668 4143/4118/3669
f 4143/4118/3669 4150/4125/3685 4162/4137/3684
f 4163/4138/3686 4136/4111/3665 4137/4112/3666
f 4137/4112/3666 4155/4130/3686 4163/4138/3686
f 4114/4089/3569 4117/4092/3569 4130/4105/3579
f 4130/4105/3579 4129/4104/3579 4114/4089/3569
f 4055/4030/3497 4164/4139/3687 4165/4140/3412
f 4165/4140/3412 4056/4031/3496 4055/4030/3497
f 4011/3986/3619 4166/4141/3377 4167/4142/3376
f 4167/4142/3376 4012/3987/3498 4011/3986/3619
f 4061/4036/3500 4168/4143/3415 4164/4139/3687
f 4164/4139/3687 4055/4030/3497 4061/4036/3500
f 4036/4011/3501 4169/4144/3395 4166/4141/3377
f 4166/4141/3377 4011/3986/3619 4036/4011/3501
f 3996/3971/3429 4080/4055/3361 4168/4143/3415
f 4168/4143/3415 4061/4036/3500 3996/3971/3429
f 3995/3970/3428 4081/4056/3362 4080/4055/3361
f 4080/4055/3361 3996/3971/3429 3995/3970/3428
f 4019/3994/3502 4170/4145/3382 4081/4056/3362
f 4081/4056/3362 3995/3970/3428 4019/3994/3502
f 4047/4022/3633 4171/4146/3688 4170/4145/3382
f 4170/4145/3382 4019/3994/3502 4047/4022/3633
f 4051/4026/3504 4172/4147/3409 4171/4146/3688
f 4171/4146/3688 4047/4022/3633 4051/4026/3504
f 4030/4005/3628 4173/4148/3689 4172/4147/3409
f 4172/4147/3409 4051/4026/3504 4030/4005/3628
f 4029/4004/3627 4174/4149/3690 4173/4148/3689
f 4173/4148/3689 4030/4005/3628 4029/4004/3627
f 4004/3979/3507 4175/4150/3369 4174/4149/3690
f 4174/4149/3690 4029/4004/3627 4004/3979/3507
f 4003/3978/3508 4176/4151/3370 4175/4150/3369
f 4175/4150/3369 4004/3979/3507 4003/3978/3508
f 4035/4010/3509 4177/4152/3396 4169/4144/3395
f 4169/4144/3395 4036/4011/3501 4035/4010/3509
f 4071/4046/3510 4178/4153/3423 4176/4151/3370
f 4176/4151/3370 4003/3978/3508 4071/4046/3510
f 4024/3999/3511 4179/4154/3388 4178/4153/3423
f 4178/4153/3423 4071/4046/3510 4024/3999/3511
f 4056/4031/3496 4165/4140/3412 4180/4155/3401
f 4180/4155/3401 4076/4051/3512 4056/4031/3496
f 4041/4016/3512 4181/4156/3401 4182/4157/3400
f 4182/4157/3400 4042/4017/3513 4041/4016/3512
f 4042/4017/3513 4182/4157/3400 4177/4152/3396
f 4177/4152/3396 4035/4010/3509 4042/4017/3513
f 4183/4158/3691 4184/4159/3366 4185/4160/3692
f 4185/4160/3692 4186/4161/3367 4183/4158/3691
f 4175/4150/3369 4176/4151/3370 4187/4162/3693
f 4187/4162/3693 4188/4163/3372 4175/4150/3369
f 4189/4164/3372 4190/4165/3694 4191/4166/3695
f 4191/4166/3695 4192/4167/3375 4189/4164/3372
f 4167/4142/3376 4166/4141/3377 4193/4168/3378
f 4193/4168/3378 4194/4169/3379 4167/4142/3376
f 4195/4170/3363 4196/4171/3696 4197/4172/3381
f 4197/4172/3381 4198/4173/3644 4195/4170/3363
f 4081/4056/3362 4170/4145/3382 4199/4174/3383
f 4199/4174/3383 4082/4057/3363 4081/4056/3362
f 4200/4175/3697 4201/4176/3698 4202/4177/3386
f 4202/4177/3386 4203/4178/3387 4200/4175/3697
f 4179/4154/3388 4167/4142/3376 4194/4169/3379
f 4194/4169/3379 4204/4179/3389 4179/4154/3388
f 4203/4178/3387 4202/4177/3386 4205/4180/3699
f 4205/4180/3699 4206/4181/3391 4203/4178/3387
f 4173/4148/3689 4174/4149/3690 4207/4182/3375
f 4207/4182/3375 4208/4183/3697 4173/4148/3689
f 4206/4181/3391 4205/4180/3699 4209/4184/3700
f 4209/4184/3700 4210/4185/3383 4206/4181/3391
f 4169/4144/3395 4177/4152/3396 4211/4186/3701
f 4211/4186/3701 4212/4187/3398 4169/4144/3395
f 4210/4185/3383 4209/4184/3700 4196/4171/3696
f 4196/4171/3696 4195/4170/3363 4210/4185/3383
f 4174/4149/3690 4175/4150/3369 4188/4163/3372
f 4188/4163/3372 4207/4182/3375 4174/4149/3690
f 4213/4188/3693 4214/4189/3399 4190/4165/3694
f 4190/4165/3694 4189/4164/3372 4213/4188/3693
f 4182/4157/3400 4181/4156/3401 4215/4190/3702
f 4215/4190/3702 4216/4191/3703 4182/4157/3400
f 4198/4173/3644 4197/4172/3381 4217/4192/3704
f 4217/4192/3704 4218/4193/3705 4198/4173/3644
f 4170/4145/3382 4171/4146/3688 4219/4194/3391
f 4219/4194/3391 4199/4174/3383 4170/4145/3382
f 4218/4193/3705 4217/4192/3704 4220/4195/3706
f 4220/4195/3706 4221/4196/3707 4218/4193/3705
f 4171/4146/3688 4172/4147/3409 4222/4197/3387
f 4222/4197/3387 4219/4194/3391 4171/4146/3688
f 4221/4196/3707 4220/4195/3706 4223/4198/3708
f 4223/4198/3708 4224/4199/3411 4221/4196/3707
f 4165/4140/3412 4164/4139/3687 4225/4200/3707
f 4225/4200/3707 4226/4201/3411 4165/4140/3412
f 4224/4199/3411 4223/4198/3708 4227/4202/3709
f 4227/4202/3709 4228/4203/3702 4224/4199/3411
f 4164/4139/3687 4168/4143/3415 4229/4204/3705
f 4229/4204/3705 4225/4200/3707 4164/4139/3687
f 4168/4143/3415 4080/4055/3361 4083/4058/3644
f 4083/4058/3644 4229/4204/3705 4168/4143/3415
f 4065/4040/3389 4064/4039/3638 4230/4205/3710
f 4230/4205/3710 4231/4206/3422 4065/4040/3389
f 4176/4151/3370 4178/4153/3423 4232/4207/3422
f 4232/4207/3422 4187/4162/3693 4176/4151/3370
f 4233/4208/3701 4234/4209/3711 4235/4210/3425
f 4235/4210/3425 4236/4211/3398 4233/4208/3701
f 4177/4152/3396 4182/4157/3400 4216/4191/3703
f 4216/4191/3703 4211/4186/3701 4177/4152/3396
f 4231/4206/3422 4230/4205/3710 4214/4189/3399
f 4214/4189/3399 4213/4188/3693 4231/4206/3422
f 4180/4155/3401 4165/4140/3412 4226/4201/3411
f 4226/4201/3411 4237/4212/3702 4180/4155/3401
f 4238/4213/3703 4239/4214/3712 4234/4209/3711
f 4234/4209/3711 4233/4208/3701 4238/4213/3703
f 4228/4203/3702 4227/4202/3709 4239/4214/3712
f 4239/4214/3712 4238/4213/3703 4228/4203/3702
f 4166/4141/3377 4169/4144/3395 4212/4187/3398
f 4212/4187/3398 4193/4168/3378 4166/4141/3377
f 4236/4211/3398 4235/4210/3425 4240/4215/3431
f 4240/4215/3431 4241/4216/3378 4236/4211/3398
f 4178/4153/3423 4179/4154/3388 4204/4179/3389
f 4204/4179/3389 4232/4207/3422 4178/4153/3423
f 4241/4216/3378 4240/4215/3431 4063/4038/3637
f 4063/4038/3637 4062/4037/3379 4241/4216/3378
f 4172/4147/3409 4173/4148/3689 4208/4183/3697
f 4208/4183/3697 4222/4197/3387 4172/4147/3409
f 4192/4167/3375 4191/4166/3695 4201/4176/3698
f 4201/4176/3698 4200/4175/3697 4192/4167/3375
f 4242/4217/3713 4243/4218/3433 4244/4219/3435
f 4244/4219/3435 4245/4220/3435 4242/4217/3713
f 4246/4221/3714 4247/4222/3714 4248/4223/3715
f 4248/4223/3715 4249/4224/3716 4246/4221/3714
f 4250/4225/3440 4251/4226/3441 4252/4227/3441
f 4252/4227/3441 4253/4228/3440 4250/4225/3440
f 4249/4224/3716 4248/4223/3715 4254/4229/3443
f 4254/4229/3443 4255/4230/3717 4249/4224/3716
f 4256/4231/3444 4257/4232/3445 4258/4233/3445
f 4258/4233/3445 4259/4234/3444 4256/4231/3444
f 4255/4230/3717 4254/4229/3443 4260/4235/3446
f 4260/4235/3446 4261/4236/3446 4255/4230/3717
f 4261/4236/3446 4260/4235/3446 4262/4237/3447
f 4262/4237/3447 4263/4238/3718 4261/4236/3446
f 4264/4239/3448 4186/4161/3367 4185/4160/3692
f 4185/4160/3692 4265/4240/3448 4264/4239/3448
f 4263/4238/3718 4262/4237/3447 4266/4241/3719
f 4266/4241/3719 4267/4242/3450 4263/4238/3718
f 4268/4243/3451 4269/4244/3451 4270/4245/3452
f 4270/4245/3452 4271/4246/3453 4268/4243/3451
f 4267/4242/3450 4266/4241/3719 4272/4247/3720
f 4272/4247/3720 4273/4248/3454 4267/4242/3450
f 4274/4249/3721 4275/4250/3721 4276/4251/3722
f 4276/4251/3722 4277/4252/3722 4274/4249/3721
f 4278/4253/3458 4279/4254/3458 4280/4255/3723
f 4280/4255/3723 4281/4256/3723 4278/4253/3458
f 4282/4257/3724 4283/4258/3724 4284/4259/3462
f 4284/4259/3462 4285/4260/3462 4282/4257/3724
f 4273/4248/3454 4272/4247/3720 4286/4261/3725
f 4286/4261/3725 4287/4262/3725 4273/4248/3454
f 4242/4217/3713 4288/4263/3726 4289/4264/3465
f 4289/4264/3465 4243/4218/3433 4242/4217/3713
f 4277/4252/3722 4276/4251/3722 4290/4265/3727
f 4290/4265/3727 4291/4266/3728 4277/4252/3722
f 4292/4267/3468 4293/4268/3470 4294/4269/3470
f 4294/4269/3470 4295/4270/3468 4292/4267/3468
f 4287/4262/3725 4286/4261/3725 4296/4271/3729
f 4296/4271/3729 4297/4272/3730 4287/4262/3725
f 4292/4267/3468 4295/4270/3468 4245/4220/3435
f 4245/4220/3435 4244/4219/3435 4292/4267/3468
f 4293/4268/3470 4250/4225/3440 4253/4228/3440
f 4253/4228/3440 4294/4269/3470 4293/4268/3470
f 4289/4264/3465 4288/4263/3726 4184/4159/3366
f 4184/4159/3366 4183/4158/3691 4289/4264/3465
f 4251/4226/3441 4298/4273/3473 4299/4274/3473
f 4299/4274/3473 4252/4227/3441 4251/4226/3441
f 4299/4274/3473 4298/4273/3473 4269/4244/3451
f 4269/4244/3451 4268/4243/3451 4299/4274/3473
f 4300/4275/3731 4301/4276/3475 4256/4231/3444
f 4256/4231/3444 4259/4234/3444 4300/4275/3731
f 4257/4232/3445 4264/4239/3448 4265/4240/3448
f 4265/4240/3448 4258/4233/3445 4257/4232/3445
f 4284/4259/3462 4279/4254/3458 4278/4253/3458
f 4278/4253/3458 4285/4260/3462 4284/4259/3462
f 4281/4256/3723 4280/4255/3723 4301/4276/3475
f 4301/4276/3475 4300/4275/3731 4281/4256/3723
f 4274/4249/3732 4245/4220/3732 4295/4270/307
f 4295/4270/307 4302/4277/307 4274/4249/3732
f 4302/4277/307 4295/4270/307 4294/4269/3733
f 4294/4269/3733 4303/4278/3733 4302/4277/307
f 4303/4278/3733 4294/4269/3733 4253/4228/558
f 4253/4228/558 4304/4279/558 4303/4278/3733
f 4304/4279/558 4253/4228/558 4252/4227/307
f 4252/4227/307 4297/4272/307 4304/4279/558
f 4297/4272/307 4252/4227/307 4299/4274/307
f 4299/4274/307 4287/4262/307 4297/4272/307
f 4287/4262/307 4299/4274/307 4268/4243/307
f 4268/4243/307 4273/4248/307 4287/4262/307
f 4273/4248/307 4268/4243/307 4271/4246/3734
f 4271/4246/3734 4267/4242/3734 4273/4248/307
f 4267/4242/3734 4271/4246/3734 4282/4257/3480
f 4282/4257/3480 4263/4238/3480 4267/4242/3734
f 4263/4238/3480 4282/4257/3480 4285/4260/3735
f 4285/4260/3735 4261/4236/3735 4263/4238/3480
f 4261/4236/3735 4285/4260/3735 4278/4253/3735
f 4278/4253/3735 4255/4230/3735 4261/4236/3735
f 4255/4230/3735 4278/4253/3735 4281/4256/307
f 4281/4256/307 4249/4224/307 4255/4230/3735
f 4249/4224/307 4281/4256/307 4300/4275/3480
f 4300/4275/3480 4246/4221/3480 4249/4224/307
f 4246/4221/3480 4300/4275/3480 4259/4234/3480
f 4259/4234/3480 4305/4280/3480 4246/4221/3480
f 4305/4280/3480 4259/4234/3480 4258/4233/3306
f 4258/4233/3306 4306/4281/3306 4305/4280/3480
f 4306/4281/3306 4258/4233/3306 4265/4240/307
f 4265/4240/307 4307/4282/307 4306/4281/3306
f 4307/4282/307 4265/4240/307 4185/4160/3733
f 4185/4160/3733 4308/4283/3733 4307/4282/307
f 4308/4283/3733 4185/4160/3733 4184/4159/558
f 4184/4159/558 4309/4284/558 4308/4283/3733
f 4309/4284/558 4184/4159/558 4288/4263/3733
f 4288/4263/3733 4291/4266/3733 4309/4284/558
f 4291/4266/3733 4288/4263/3733 4242/4217/3733
f 4242/4217/3733 4277/4252/3733 4291/4266/3733
f 4277/4252/3733 4242/4217/3733 4245/4220/3732
f 4245/4220/3732 4274/4249/3732 4277/4252/3733
f 4305/4280/3736 4310/4285/3737 4247/4222/3714
f 4247/4222/3714 4246/4221/3714 4305/4280/3736
f 4306/4281/3738 4311/4286/3739 4310/4285/3737
f 4310/4285/3737 4305/4280/3736 4306/4281/3738
f 4302/4277/3740 4312/4287/3740 4275/4250/3721
f 4275/4250/3721 4274/4249/3721 4302/4277/3740
f 4307/4282/3487 4313/4288/3487 4311/4286/3739
f 4311/4286/3739 4306/4281/3738 4307/4282/3487
f 4303/4278/3488 4314/4289/3741 4312/4287/3740
f 4312/4287/3740 4302/4277/3740 4303/4278/3488
f 4308/4283/3742 4315/4290/3743 4313/4288/3487
f 4313/4288/3487 4307/4282/3487 4308/4283/3742
f 4304/4279/3744 4316/4291/3745 4314/4289/3741
f 4314/4289/3741 4303/4278/3488 4304/4279/3744
f 4309/4284/3746 4317/4292/3747 4315/4290/3743
f 4315/4290/3743 4308/4283/3742 4309/4284/3746
f 4297/4272/3730 4296/4271/3729 4316/4291/3745
f 4316/4291/3745 4304/4279/3744 4297/4272/3730
f 4291/4266/3728 4290/4265/3727 4317/4292/3747
f 4317/4292/3747 4309/4284/3746 4291/4266/3728
f 4282/4257/3724 4271/4246/3453 4270/4245/3452
f 4270/4245/3452 4283/4258/3724 4282/4257/3724
f 4012/3987/3498 4167/4142/3376 4179/4154/3388
f 4179/4154/3388 4024/3999/3511 4012/3987/3498
f 4318/4293/308 4319/4294/308 4320/4295/308
f 4320/4295/308 4321/4296/308 4318/4293/308
f 4322/4297/308 4323/4298/308 4321/4296/308
f 4321/4296/308 4320/4295/308 4322/4297/308
f 4323/4298/308 4322/4297/308 4324/4299/308
f 4324/4299/308 4325/4300/308 4323/4298/308
f 4326/4301/308 4327/4302/308 4325/4300/308
f 4325/4300/308 4324/4299/308 4326/4301/308
f 4326/4301/308 4328/4303/308 4329/4304/308
f 4329/4304/308 4327/4302/308 4326/4301/308
f 4330/4305/308 4331/4306/308 4329/4304/308
f 4329/4304/308 4328/4303/308 4330/4305/308
f 4332/4307/3672 4333/4308/3672 4331/4306/308
f 4331/4306/308 4330/4305/308 4332/4307/3672
f 4334/4309/308 4335/4310/308 4333/4308/3672
f 4333/4308/3672 4332/4307/3672 4334/4309/308
f 4335/4310/308 4334/4309/308 4336/4311/308
f 4336/4311/308 4337/4312/308 4335/4310/308
f 4338/4313/3306 4339/4314/307 4340/4315/307
f 4340/4315/307 4341/4316/3306 4338/4313/3306
f 4342/4317/3306 4338/4313/3306 4341/4316/3306
f 4341/4316/3306 4343/4318/3306 4342/4317/3306
f 4344/4319/307 4342/4317/3306 4343/4318/3306
f 4343/4318/3306 4345/4320/307 4344/4319/307
f 4346/4321/307 4347/4322/307 4344/4319/307
f 4344/4319/307 4345/4320/307 4346/4321/307
f 4348/4323/307 4349/4324/307 4347/4322/307
f 4347/4322/307 4346/4321/307 4348/4323/307
f 4350/4325/307 4349/4324/307 4348/4323/307
f 4348/4323/307 4351/4326/307 4350/4325/307
f 4351/4326/307 4352/4327/307 4353/4328/307
f 4353/4328/307 4350/4325/307 4351/4326/307
f 4352/4327/307 4354/4329/3748 4355/4330/3748
f 4355/4330/3748 4353/4328/307 4352/4327/307
f 4356/4331/307 4357/4332/307 4355/4330/3748
f 4355/4330/3748 4354/4329/3748 4356/4331/307
f 4067/4042/3640 4086/4061/3645 4087/4062/3418
f 4087/4062/3418 4068/4043/3419 4067/4042/3640
f 4358/4333/3361 4359/4334/3362 4360/4335/3363
f 4360/4335/3363 4361/4336/3364 4358/4333/3361
f 4362/4337/3749 4363/4338/3750 4364/4339/3367
f 4364/4339/3367 4365/4340/3368 4362/4337/3749
f 4366/4341/3751 4367/4342/3752 4368/4343/3371
f 4368/4343/3371 4369/4344/3753 4366/4341/3751
f 4370/4345/3753 4371/4346/3694 4372/4347/3374
f 4372/4347/3374 4373/4348/3375 4370/4345/3753
f 4374/4349/3376 4375/4350/3754 4376/4351/3755
f 4376/4351/3755 4377/4352/3379 4374/4349/3376
f 4378/4353/3363 4379/4354/3696 4380/4355/3756
f 4380/4355/3756 4381/4356/3364 4378/4353/3363
f 4359/4334/3362 4382/4357/3757 4383/4358/3758
f 4383/4358/3758 4360/4335/3363 4359/4334/3362
f 4384/4359/3759 4385/4360/3385 4386/4361/3386
f 4386/4361/3386 4387/4362/3387 4384/4359/3759
f 4388/4363/3388 4374/4349/3376 4377/4352/3379
f 4377/4352/3379 4389/4364/3389 4388/4363/3388
f 4387/4362/3387 4386/4361/3386 4390/4365/3699
f 4390/4365/3699 4391/4366/3760 4387/4362/3387
f 4392/4367/3761 4393/4368/3762 4394/4369/3375
f 4394/4369/3375 4395/4370/3759 4392/4367/3761
f 4391/4366/3760 4390/4365/3699 4396/4371/3700
f 4396/4371/3700 4397/4372/3758 4391/4366/3760
f 4398/4373/3763 4399/4374/3764 4400/4375/3765
f 4400/4375/3765 4401/4376/3766 4398/4373/3763
f 4397/4372/3758 4396/4371/3700 4379/4354/3696
f 4379/4354/3696 4378/4353/3363 4397/4372/3758
f 4393/4368/3762 4366/4341/3751 4369/4344/3753
f 4369/4344/3753 4394/4369/3375 4393/4368/3762
f 4402/4377/3371 4403/4378/3767 4371/4346/3694
f 4371/4346/3694 4370/4345/3753 4402/4377/3371
f 4404/4379/3768 4405/4380/3769 4406/4381/3770
f 4406/4381/3770 4407/4382/3771 4404/4379/3768
f 4381/4356/3364 4380/4355/3756 4408/4383/3404
f 4408/4383/3404 4409/4384/3772 4381/4356/3364
f 4382/4357/3757 4410/4385/3773 4411/4386/3760
f 4411/4386/3760 4383/4358/3758 4382/4357/3757
f 4409/4384/3772 4408/4383/3404 4412/4387/3774
f 4412/4387/3774 4413/4388/3707 4409/4384/3772
f 4410/4385/3773 4414/4389/3409 4415/4390/3387
f 4415/4390/3387 4411/4386/3760 4410/4385/3773
f 4413/4388/3707 4412/4387/3774 4416/4391/3410
f 4416/4391/3410 4417/4392/3411 4413/4388/3707
f 4418/4393/3412 4419/4394/3687 4420/4395/3707
f 4420/4395/3707 4421/4396/3411 4418/4393/3412
f 4417/4392/3411 4416/4391/3410 4422/4397/3709
f 4422/4397/3709 4423/4398/3770 4417/4392/3411
f 4419/4394/3687 4424/4399/3415 4425/4400/3772
f 4425/4400/3772 4420/4395/3707 4419/4394/3687
f 4426/4401/3416 4427/4402/3775 4428/4403/3418
f 4428/4403/3418 4429/4404/3419 4426/4401/3416
f 4424/4399/3415 4358/4333/3361 4361/4336/3364
f 4361/4336/3364 4425/4400/3772 4424/4399/3415
f 4430/4405/3389 4431/4406/3420 4432/4407/3776
f 4432/4407/3776 4433/4408/3422 4430/4405/3389
f 4367/4342/3752 4434/4409/3777 4435/4410/3422
f 4435/4410/3422 4368/4343/3371 4367/4342/3752
f 4436/4411/3765 4437/4412/3778 4438/4413/3425
f 4438/4413/3425 4439/4414/3766 4436/4411/3765
f 4399/4374/3764 4404/4379/3768 4407/4382/3771
f 4407/4382/3771 4400/4375/3765 4399/4374/3764
f 4433/4408/3422 4432/4407/3776 4403/4378/3767
f 4403/4378/3767 4402/4377/3371 4433/4408/3422
f 4440/4415/3769 4418/4393/3412 4421/4396/3411
f 4421/4396/3411 4441/4416/3770 4440/4415/3769
f 4442/4417/3771 4443/4418/3712 4437/4412/3778
f 4437/4412/3778 4436/4411/3765 4442/4417/3771
f 4444/4419/3779 4445/4420/3780 4446/4421/3429
f 4446/4421/3429 4447/4422/3430 4444/4419/3779
f 4423/4398/3770 4422/4397/3709 4443/4418/3712
f 4443/4418/3712 4442/4417/3771 4423/4398/3770
f 4375/4350/3754 4398/4373/3763 4401/4376/3766
f 4401/4376/3766 4376/4351/3755 4375/4350/3754
f 4439/4414/3766 4438/4413/3425 4448/4423/3431
f 4448/4423/3431 4449/4424/3755 4439/4414/3766
f 4434/4409/3777 4388/4363/3388 4389/4364/3389
f 4389/4364/3389 4435/4410/3422 4434/4409/3777
f 4449/4424/3755 4448/4423/3431 4450/4425/3637
f 4450/4425/3637 4451/4426/3379 4449/4424/3755
f 4414/4389/3409 4392/4367/3761 4395/4370/3759
f 4395/4370/3759 4415/4390/3387 4414/4389/3409
f 4373/4348/3375 4372/4347/3374 4385/4360/3385
f 4385/4360/3385 4384/4359/3759 4373/4348/3375
f 4452/4427/3781 4453/4428/3781 4454/4429/3782
f 4454/4429/3782 4455/4430/3783 4452/4427/3781
f 4456/4431/3784 4457/4432/3785 4458/4433/3786
f 4458/4433/3786 4459/4434/3787 4456/4431/3784
f 4460/4435/3788 4461/4436/3789 4462/4437/3790
f 4462/4437/3790 4463/4438/3791 4460/4435/3788
f 4459/4434/3787 4458/4433/3786 4464/4439/3792
f 4464/4439/3792 4465/4440/3792 4459/4434/3787
f 4466/4441/3793 4467/4442/3794 4468/4443/3795
f 4468/4443/3795 4469/4444/3444 4466/4441/3793
f 4465/4440/3792 4464/4439/3792 4470/4445/3796
f 4470/4445/3796 4471/4446/3797 4465/4440/3792
f 4471/4446/3797 4470/4445/3796 4472/4447/3798
f 4472/4447/3798 4473/4448/3799 4471/4446/3797
f 4474/4449/3800 4365/4340/3368 4364/4339/3367
f 4364/4339/3367 4475/4450/3800 4474/4449/3800
f 4473/4448/3799 4472/4447/3798 4476/4451/3801
f 4476/4451/3801 4477/4452/3802 4473/4448/3799
f 4478/4453/3803 4479/4454/3803 4480/4455/3804
f 4480/4455/3804 4481/4456/3804 4478/4453/3803
f 4477/4452/3802 4476/4451/3801 4482/4457/3805
f 4482/4457/3805 4483/4458/3806 4477/4452/3802
f 4484/4459/3721 4485/4460/3721 4486/4461/3807
f 4486/4461/3807 4487/4462/3808 4484/4459/3721
f 4488/4463/3809 4489/4464/3809 4490/4465/3810
f 4490/4465/3810 4491/4466/3810 4488/4463/3809
f 4492/4467/3724 4493/4468/3724 4494/4469/3811
f 4494/4469/3811 4495/4470/3811 4492/4467/3724
f 4483/4458/3806 4482/4457/3805 4496/4471/3463
f 4496/4471/3463 4497/4472/3463 4483/4458/3806
f 4452/4427/3781 4498/4473/3812 4499/4474/3813
f 4499/4474/3813 4453/4428/3781 4452/4427/3781
f 4487/4462/3808 4486/4461/3807 4500/4475/3814
f 4500/4475/3814 4501/4476/3815 4487/4462/3808
f 4502/4477/3816 4503/4478/3817 4504/4479/3818
f 4504/4479/3818 4505/4480/3816 4502/4477/3816
f 4497/4472/3463 4496/4471/3463 4506/4481/3819
f 4506/4481/3819 4507/4482/3820 4497/4472/3463
f 4502/4477/3816 4505/4480/3816 4455/4430/3783
f 4455/4430/3783 4454/4429/3782 4502/4477/3816
f 4503/4478/3817 4460/4435/3788 4463/4438/3791
f 4463/4438/3791 4504/4479/3818 4503/4478/3817
f 4499/4474/3813 4498/4473/3812 4363/4338/3750
f 4363/4338/3750 4362/4337/3749 4499/4474/3813
f 4461/4436/3789 4508/4483/3473 4509/4484/3473
f 4509/4484/3473 4462/4437/3790 4461/4436/3789
f 4509/4484/3473 4508/4483/3473 4479/4454/3803
f 4479/4454/3803 4478/4453/3803 4509/4484/3473
f 4510/4485/3821 4511/4486/3822 4466/4441/3793
f 4466/4441/3793 4469/4444/3444 4510/4485/3821
f 4467/4442/3794 4474/4449/3800 4475/4450/3800
f 4475/4450/3800 4468/4443/3795 4467/4442/3794
f 4494/4469/3811 4489/4464/3809 4488/4463/3809
f 4488/4463/3809 4495/4470/3811 4494/4469/3811
f 4491/4466/3810 4490/4465/3810 4511/4486/3822
f 4511/4486/3822 4510/4485/3821 4491/4466/3810
f 4484/4459/3477 4455/4430/3477 4505/4480/3477
f 4505/4480/3477 4512/4487/3477 4484/4459/3477
f 4512/4487/3477 4505/4480/3477 4504/4479/307
f 4504/4479/307 4513/4488/307 4512/4487/3477
f 4513/4488/307 4504/4479/307 4463/4438/307
f 4463/4438/307 4514/4489/307 4513/4488/307
f 4514/4489/307 4463/4438/307 4462/4437/307
f 4462/4437/307 4507/4482/307 4514/4489/307
f 4507/4482/307 4462/4437/307 4509/4484/307
f 4509/4484/307 4497/4472/307 4507/4482/307
f 4497/4472/307 4509/4484/307 4478/4453/307
f 4478/4453/307 4483/4458/307 4497/4472/307
f 4483/4458/307 4478/4453/307 4481/4456/307
f 4481/4456/307 4477/4452/307 4483/4458/307
f 4477/4452/307 4481/4456/307 4492/4467/307
f 4492/4467/307 4473/4448/307 4477/4452/307
f 4473/4448/307 4492/4467/307 4495/4470/3481
f 4495/4470/3481 4471/4446/3481 4473/4448/307
f 4471/4446/3481 4495/4470/3481 4488/4463/3823
f 4488/4463/3823 4465/4440/3823 4471/4446/3481
f 4465/4440/3823 4488/4463/3823 4491/4466/307
f 4491/4466/307 4459/4434/307 4465/4440/3823
f 4459/4434/307 4491/4466/307 4510/4485/3480
f 4510/4485/3480 4456/4431/3480 4459/4434/307
f 4456/4431/3480 4510/4485/3480 4469/4444/307
f 4469/4444/307 4515/4490/307 4456/4431/3480
f 4515/4490/307 4469/4444/307 4468/4443/307
f 4468/4443/307 4516/4491/307 4515/4490/307
f 4516/4491/307 4468/4443/307 4475/4450/3735
f 4475/4450/3735 4517/4492/3735 4516/4491/307
f 4517/4492/3735 4475/4450/3735 4364/4339/558
f 4364/4339/558 4518/4493/558 4517/4492/3735
f 4518/4493/558 4364/4339/558 4363/4338/3477
f 4363/4338/3477 4519/4494/3477 4518/4493/558
f 4519/4494/3477 4363/4338/3477 4498/4473/307
f 4498/4473/307 4501/4476/307 4519/4494/3477
f 4501/4476/307 4498/4473/307 4452/4427/3481
f 4452/4427/3481 4487/4462/3481 4501/4476/307
f 4487/4462/3481 4452/4427/3481 4455/4430/3477
f 4455/4430/3477 4484/4459/3477 4487/4462/3481
f 4515/4490/3824 4520/4495/3825 4457/4432/3785
f 4457/4432/3785 4456/4431/3784 4515/4490/3824
f 4516/4491/3826 4521/4496/3827 4520/4495/3825
f 4520/4495/3825 4515/4490/3824 4516/4491/3826
f 4512/4487/3828 4522/4497/3829 4485/4460/3721
f 4485/4460/3721 4484/4459/3721 4512/4487/3828
f 4517/4492/3830 4523/4498/3830 4521/4496/3827
f 4521/4496/3827 4516/4491/3826 4517/4492/3830
f 4513/4488/3831 4524/4499/3832 4522/4497/3829
f 4522/4497/3829 4512/4487/3828 4513/4488/3831
f 4518/4493/3833 4525/4500/3834 4523/4498/3830
f 4523/4498/3830 4517/4492/3830 4518/4493/3833
f 4514/4489/3835 4526/4501/3836 4524/4499/3832
f 4524/4499/3832 4513/4488/3831 4514/4489/3835
f 4519/4494/3837 4527/4502/3838 4525/4500/3834
f 4525/4500/3834 4518/4493/3833 4519/4494/3837
f 4507/4482/3820 4506/4481/3819 4526/4501/3836
f 4526/4501/3836 4514/4489/3835 4507/4482/3820
f 4501/4476/3815 4500/4475/3814 4527/4502/3838
f 4527/4502/3838 4519/4494/3837 4501/4476/3815
f 4492/4467/3724 4481/4456/3804 4480/4455/3804
f 4480/4455/3804 4493/4468/3724 4492/4467/3724
f 4528/4503/3839 4529/4504/3840 4419/4394/3687
f 4419/4394/3687 4418/4393/3412 4528/4503/3839
f 4530/4505/3841 4531/4506/3619 4375/4350/3754
f 4375/4350/3754 4374/4349/3376 4530/4505/3841
f 4529/4504/3840 4532/4507/3500 4424/4399/3415
f 4424/4399/3415 4419/4394/3687 4529/4504/3840
f 4531/4506/3619 4533/4508/3842 4398/4373/3763
f 4398/4373/3763 4375/4350/3754 4531/4506/3619
f 4532/4507/3500 4446/4421/3429 4358/4333/3361
f 4358/4333/3361 4424/4399/3415 4532/4507/3500
f 4446/4421/3429 4445/4420/3780 4359/4334/3362
f 4359/4334/3362 4358/4333/3361 4446/4421/3429
f 4445/4420/3780 4534/4509/3502 4382/4357/3757
f 4382/4357/3757 4359/4334/3362 4445/4420/3780
f 4534/4509/3502 4535/4510/3843 4410/4385/3773
f 4410/4385/3773 4382/4357/3757 4534/4509/3502
f 4535/4510/3843 4536/4511/3844 4414/4389/3409
f 4414/4389/3409 4410/4385/3773 4535/4510/3843
f 4536/4511/3844 4537/4512/3845 4392/4367/3761
f 4392/4367/3761 4414/4389/3409 4536/4511/3844
f 4537/4512/3845 4538/4513/3846 4393/4368/3762
f 4393/4368/3762 4392/4367/3761 4537/4512/3845
f 4538/4513/3846 4539/4514/3847 4366/4341/3751
f 4366/4341/3751 4393/4368/3762 4538/4513/3846
f 4539/4514/3847 4540/4515/3508 4367/4342/3752
f 4367/4342/3752 4366/4341/3751 4539/4514/3847
f 4533/4508/3842 4541/4516/3848 4399/4374/3764
f 4399/4374/3764 4398/4373/3763 4533/4508/3842
f 4540/4515/3508 4542/4517/3849 4434/4409/3777
f 4434/4409/3777 4367/4342/3752 4540/4515/3508
f 4542/4517/3849 4543/4518/3511 4388/4363/3388
f 4388/4363/3388 4434/4409/3777 4542/4517/3849
f 4544/4519/3850 4528/4503/3839 4418/4393/3412
f 4418/4393/3412 4440/4415/3769 4544/4519/3850
f 4545/4520/3851 4546/4521/3850 4405/4380/3769
f 4405/4380/3769 4404/4379/3768 4545/4520/3851
f 4541/4516/3848 4545/4520/3851 4404/4379/3768
f 4404/4379/3768 4399/4374/3764 4541/4516/3848
f 4547/4522/3514 4548/4523/3852 4549/4524/3853
f 4549/4524/3853 4550/4525/3517 4547/4522/3514
f 4551/4526/3854 4540/4515/3508 4539/4514/3847
f 4539/4514/3847 4552/4527/3855 4551/4526/3854
f 4553/4528/3856 4554/4529/3857 4555/4530/3855
f 4555/4530/3855 4556/4531/3522 4553/4528/3856
f 4557/4532/3858 4531/4506/3619 4530/4505/3841
f 4530/4505/3841 4558/4533/3418 4557/4532/3858
f 4559/4534/3524 4560/4535/3525 4561/4536/3779
f 4561/4536/3779 4562/4537/3430 4559/4534/3524
f 4563/4538/3526 4534/4509/3502 4445/4420/3780
f 4445/4420/3780 4444/4419/3779 4563/4538/3526
f 4564/4539/3527 4565/4540/3528 4566/4541/3859
f 4566/4541/3859 4567/4542/3530 4564/4539/3527
f 4558/4533/3418 4530/4505/3841 4543/4518/3511
f 4543/4518/3511 4568/4543/3419 4558/4533/3418
f 4569/4544/3531 4564/4539/3527 4567/4542/3530
f 4567/4542/3530 4570/4545/3860 4569/4544/3531
f 4571/4546/3522 4538/4513/3846 4537/4512/3845
f 4537/4512/3845 4572/4547/3859 4571/4546/3522
f 4573/4548/3533 4569/4544/3531 4570/4545/3860
f 4570/4545/3860 4574/4549/3526 4573/4548/3533
f 4575/4550/3861 4541/4516/3848 4533/4508/3842
f 4533/4508/3842 4576/4551/3862 4575/4550/3861
f 4560/4535/3525 4573/4548/3533 4574/4549/3526
f 4574/4549/3526 4561/4536/3779 4560/4535/3525
f 4552/4527/3855 4539/4514/3847 4538/4513/3846
f 4538/4513/3846 4571/4546/3522 4552/4527/3855
f 4554/4529/3857 4577/4552/3536 4578/4553/3854
f 4578/4553/3854 4555/4530/3855 4554/4529/3857
f 4579/4554/3863 4546/4521/3850 4545/4520/3851
f 4545/4520/3851 4580/4555/3864 4579/4554/3863
f 4581/4556/3865 4559/4534/3524 4562/4537/3430
f 4562/4537/3430 4582/4557/3540 4581/4556/3865
f 4583/4558/3860 4535/4510/3843 4534/4509/3502
f 4534/4509/3502 4563/4538/3526 4583/4558/3860
f 4584/4559/3541 4581/4556/3865 4582/4557/3540
f 4582/4557/3540 4585/4560/3866 4584/4559/3541
f 4586/4561/3530 4536/4511/3844 4535/4510/3843
f 4535/4510/3843 4583/4558/3860 4586/4561/3530
f 4587/4562/3867 4584/4559/3541 4585/4560/3866
f 4585/4560/3866 4588/4563/3868 4587/4562/3867
f 4589/4564/3866 4529/4504/3840 4528/4503/3839
f 4528/4503/3839 4590/4565/3868 4589/4564/3866
f 4591/4566/3869 4587/4562/3867 4588/4563/3868
f 4588/4563/3868 4592/4567/3863 4591/4566/3869
f 4593/4568/3540 4532/4507/3500 4529/4504/3840
f 4529/4504/3840 4589/4564/3866 4593/4568/3540
f 4447/4422/3430 4446/4421/3429 4532/4507/3500
f 4532/4507/3500 4593/4568/3540 4447/4422/3430
f 4594/4569/3546 4426/4401/3416 4429/4404/3419
f 4429/4404/3419 4595/4570/3870 4594/4569/3546
f 4596/4571/3870 4542/4517/3849 4540/4515/3508
f 4540/4515/3508 4551/4526/3854 4596/4571/3870
f 4597/4572/3548 4598/4573/3871 4599/4574/3861
f 4599/4574/3861 4600/4575/3862 4597/4572/3548
f 4580/4555/3864 4545/4520/3851 4541/4516/3848
f 4541/4516/3848 4575/4550/3861 4580/4555/3864
f 4577/4552/3536 4594/4569/3546 4595/4570/3870
f 4595/4570/3870 4578/4553/3854 4577/4552/3536
f 4590/4565/3868 4528/4503/3839 4544/4519/3850
f 4544/4519/3850 4601/4576/3863 4590/4565/3868
f 4598/4573/3871 4602/4577/3550 4603/4578/3864
f 4603/4578/3864 4599/4574/3861 4598/4573/3871
f 4602/4577/3550 4591/4566/3869 4592/4567/3863
f 4592/4567/3863 4603/4578/3864 4602/4577/3550
f 4576/4551/3862 4533/4508/3842 4531/4506/3619
f 4531/4506/3619 4557/4532/3858 4576/4551/3862
f 4604/4579/3551 4597/4572/3548 4600/4575/3862
f 4600/4575/3862 4605/4580/3858 4604/4579/3551
f 4568/4543/3419 4543/4518/3511 4542/4517/3849
f 4542/4517/3849 4596/4571/3870 4568/4543/3419
f 4427/4402/3775 4604/4579/3551 4605/4580/3858
f 4605/4580/3858 4428/4403/3418 4427/4402/3775
f 4572/4547/3859 4537/4512/3845 4536/4511/3844
f 4536/4511/3844 4586/4561/3530 4572/4547/3859
f 4565/4540/3528 4553/4528/3856 4556/4531/3522
f 4556/4531/3522 4566/4541/3859 4565/4540/3528
f 4606/4581/3872 4607/4582/3873 4608/4583/3874
f 4608/4583/3874 4609/4584/3872 4606/4581/3872
f 4610/4585/3875 4611/4586/3876 4612/4587/3556
f 4612/4587/3556 4613/4588/3875 4610/4585/3875
f 4614/4589/3877 4615/4590/3878 4616/4591/3879
f 4616/4591/3879 4617/4592/3880 4614/4589/3877
f 4618/4593/3881 4610/4585/3875 4613/4588/3875
f 4613/4588/3875 4619/4594/3881 4618/4593/3881
f 4620/4595/3882 4621/4596/3883 4622/4597/3884
f 4622/4597/3884 4623/4598/3562 4620/4595/3882
f 4624/4599/3885 4618/4593/3881 4619/4594/3881
f 4619/4594/3881 4625/4600/3886 4624/4599/3885
f 4626/4601/3887 4624/4599/3885 4625/4600/3886
f 4625/4600/3886 4627/4602/3888 4626/4601/3887
f 4547/4522/3514 4550/4525/3517 4628/4603/3889
f 4628/4603/3889 4629/4604/3889 4547/4522/3514
f 4630/4605/3890 4626/4601/3887 4627/4602/3888
f 4627/4602/3888 4631/4606/3891 4630/4605/3890
f 4632/4607/3892 4633/4608/3893 4634/4609/3893
f 4634/4609/3893 4635/4610/3894 4632/4607/3892
f 4636/4611/3572 4630/4605/3890 4631/4606/3891
f 4631/4606/3891 4637/4612/3572 4636/4611/3572
f 4638/4613/3895 4639/4614/3896 4640/4615/3896
f 4640/4615/3896 4641/4616/3897 4638/4613/3895
f 4642/4617/3898 4643/4618/3899 4644/4619/3899
f 4644/4619/3899 4645/4620/3898 4642/4617/3898
f 4646/4621/3900 4647/4622/3579 4648/4623/3579
f 4648/4623/3579 4649/4624/3901 4646/4621/3900
f 4650/4625/3663 4636/4611/3572 4637/4612/3572
f 4637/4612/3572 4651/4626/3663 4650/4625/3663
f 4652/4627/3902 4653/4628/3903 4608/4583/3874
f 4608/4583/3874 4607/4582/3873 4652/4627/3902
f 4654/4629/3904 4638/4613/3895 4641/4616/3897
f 4641/4616/3897 4655/4630/3905 4654/4629/3904
f 4656/4631/3906 4657/4632/3907 4658/4633/3908
f 4658/4633/3908 4659/4634/3909 4656/4631/3906
f 4660/4635/3910 4650/4625/3663 4651/4626/3663
f 4651/4626/3663 4661/4636/3911 4660/4635/3910
f 4609/4584/3872 4659/4634/3909 4658/4633/3908
f 4658/4633/3908 4606/4581/3872 4609/4584/3872
f 4617/4592/3880 4616/4591/3879 4657/4632/3907
f 4657/4632/3907 4656/4631/3906 4617/4592/3880
f 4548/4523/3852 4653/4628/3903 4652/4627/3902
f 4652/4627/3902 4549/4524/3853 4548/4523/3852
f 4662/4637/3912 4663/4638/3912 4615/4590/3878
f 4615/4590/3878 4614/4589/3877 4662/4637/3912
f 4633/4608/3893 4663/4638/3912 4662/4637/3912
f 4662/4637/3912 4634/4609/3893 4633/4608/3893
f 4622/4597/3884 4664/4639/3913 4665/4640/3914
f 4665/4640/3914 4623/4598/3562 4622/4597/3884
f 4629/4604/3889 4628/4603/3889 4621/4596/3883
f 4621/4596/3883 4620/4595/3882 4629/4604/3889
f 4644/4619/3899 4643/4618/3899 4646/4621/3900
f 4646/4621/3900 4649/4624/3901 4644/4619/3899
f 4664/4639/3913 4642/4617/3898 4645/4620/3898
f 4645/4620/3898 4665/4640/3914 4664/4639/3913
f 4659/4634/910 4609/4584/3594 4640/4615/3594
f 4640/4615/3594 4666/4641/910 4659/4634/910
f 4656/4631/3305 4659/4634/910 4666/4641/910
f 4666/4641/910 4667/4642/3305 4656/4631/3305
f 4617/4592/3305 4656/4631/3305 4667/4642/3305
f 4667/4642/3305 4668/4643/3305 4617/4592/3305
f 4614/4589/308 4617/4592/3305 4668/4643/3305
f 4668/4643/3305 4661/4636/308 4614/4589/308
f 4662/4637/308 4614/4589/308 4661/4636/308
f 4661/4636/308 4651/4626/308 4662/4637/308
f 4634/4609/3305 4662/4637/308 4651/4626/308
f 4651/4626/308 4637/4612/3305 4634/4609/3305
f 4635/4610/3595 4634/4609/3305 4637/4612/3305
f 4637/4612/3305 4631/4606/3595 4635/4610/3595
f 4648/4623/3670 4635/4610/3595 4631/4606/3595
f 4631/4606/3595 4627/4602/3670 4648/4623/3670
f 4649/4624/3594 4648/4623/3670 4627/4602/3670
f 4627/4602/3670 4625/4600/3594 4649/4624/3594
f 4644/4619/3597 4649/4624/3594 4625/4600/3594
f 4625/4600/3594 4619/4594/3597 4644/4619/3597
f 4645/4620/308 4644/4619/3597 4619/4594/3597
f 4619/4594/3597 4613/4588/308 4645/4620/308
f 4665/4640/308 4645/4620/308 4613/4588/308
f 4613/4588/308 4612/4587/308 4665/4640/308
f 4623/4598/3305 4665/4640/308 4612/4587/308
f 4612/4587/308 4669/4644/3305 4623/4598/3305
f 4620/4595/308 4623/4598/3305 4669/4644/3305
f 4669/4644/3305 4670/4645/308 4620/4595/308
f 4629/4604/308 4620/4595/308 4670/4645/308
f 4670/4645/308 4671/4646/308 4629/4604/308
f 4547/4522/910 4629/4604/308 4671/4646/308
f 4671/4646/308 4672/4647/910 4547/4522/910
f 4548/4523/910 4547/4522/910 4672/4647/910
f 4672/4647/910 4673/4648/910 4548/4523/910
f 4653/4628/3915 4548/4523/910 4673/4648/910
f 4673/4648/910 4655/4630/3915 4653/4628/3915
f 4608/4583/557 4653/4628/3915 4655/4630/3915
f 4655/4630/3915 4641/4616/557 4608/4583/557
f 4609/4584/3594 4608/4583/557 4641/4616/557
f 4641/4616/557 4640/4615/3594 4609/4584/3594
f 4611/4586/3876 4674/4649/3916 4669/4644/3917
f 4669/4644/3917 4612/4587/3556 4611/4586/3876
f 4674/4649/3916 4675/4650/3918 4670/4645/3919
f 4670/4645/3919 4669/4644/3917 4674/4649/3916
f 4639/4614/3896 4676/4651/3920 4666/4641/3921
f 4666/4641/3921 4640/4615/3896 4639/4614/3896
f 4675/4650/3918 4677/4652/3922 4671/4646/3922
f 4671/4646/3922 4670/4645/3919 4675/4650/3918
f 4676/4651/3920 4678/4653/3923 4667/4642/3924
f 4667/4642/3924 4666/4641/3921 4676/4651/3920
f 4677/4652/3922 4679/4654/3925 4672/4647/3926
f 4672/4647/3926 4671/4646/3922 4677/4652/3922
f 4678/4653/3923 4680/4655/3927 4668/4643/3928
f 4668/4643/3928 4667/4642/3924 4678/4653/3923
f 4679/4654/3925 4681/4656/3929 4673/4648/3929
f 4673/4648/3929 4672/4647/3926 4679/4654/3925
f 4680/4655/3927 4660/4635/3910 4661/4636/3911
f 4661/4636/3911 4668/4643/3928 4680/4655/3927
f 4681/4656/3929 4654/4629/3904 4655/4630/3905
f 4655/4630/3905 4673/4648/3929 4681/4656/3929
f 4632/4607/3892 4635/4610/3894 4648/4623/3579
f 4648/4623/3579 4647/4622/3579 4632/4607/3892
f 4543/4518/3511 4530/4505/3841 4374/4349/3376
f 4374/4349/3376 4388/4363/3388 4543/4518/3511
f 4682/4657/307 4683/4658/307 4684/4659/307
f 4684/4659/307 4685/4660/307 4682/4657/307
f 4685/4660/307 4686/4661/307 4687/4662/307
f 4687/4662/307 4682/4657/307 4685/4660/307
f 4688/4663/307 4687/4662/307 4686/4661/307
f 4686/4661/307 4689/4664/307 4688/4663/307
f 4689/4664/307 4690/4665/307 4691/4666/307
f 4691/4666/307 4688/4663/307 4689/4664/307
f 4692/4667/307 4693/4668/307 4691/4666/307
f 4691/4666/307 4690/4665/307 4692/4667/307
f 4692/4667/307 4694/4669/307 4695/4670/307
f 4695/4670/307 4693/4668/307 4692/4667/307
f 4694/4669/307 4696/4671/3478 4697/4672/3478
f 4697/4672/3478 4695/4670/307 4694/4669/307
f 4696/4671/3478 4698/4673/307 4699/4674/307
f 4699/4674/307 4697/4672/3478 4696/4671/3478
f 4700/4675/307 4699/4674/307 4698/4673/307
f 4698/4673/307 4701/4676/307 4700/4675/307
f 4702/4677/557 4703/4678/557 4704/4679/308
f 4704/4679/308 4705/4680/308 4702/4677/557
f 4705/4680/308 4704/4679/308 4706/4681/308
f 4706/4681/308 4707/4682/308 4705/4680/308
f 4707/4682/308 4706/4681/308 4708/4683/308
f 4708/4683/308 4709/4684/308 4707/4682/308
f 4708/4683/308 4710/4685/308 4711/4686/308
f 4711/4686/308 4709/4684/308 4708/4683/308
f 4710/4685/308 4712/4687/308 4713/4688/308
f 4713/4688/308 4711/4686/308 4710/4685/308
f 4713/4688/308 4712/4687/308 4714/4689/308
f 4714/4689/308 4715/4690/308 4713/4688/308
f 4716/4691/308 4717/4692/308 4715/4690/308
f 4715/4690/308 4714/4689/308 4716/4691/308
f 4718/4693/3672 4719/4694/3672 4717/4692/308
f 4717/4692/308 4716/4691/308 4718/4693/3672
f 4718/4693/3672 4720/4695/308 4721/4696/308
f 4721/4696/308 4719/4694/3672 4718/4693/3672
f 4451/4426/3379 4450/4425/3637 4431/4406/3420
f 4431/4406/3420 4430/4405/3389 4451/4426/3379
f 4722/4697/3427 4723/4698/3428 4724/4699/3429
f 4724/4699/3429 4725/4700/3612 4722/4697/3427
f 4726/4701/3614 4727/4702/3852 4728/4703/3853
f 4728/4703/3853 4729/4704/3930 4726/4701/3614
f 4730/4705/3615 4731/4706/3931 4732/4707/3847
f 4732/4707/3847 4733/4708/3932 4730/4705/3615
f 4734/4709/3616 4735/4710/3617 4736/4711/3932
f 4736/4711/3932 4737/4712/3522 4734/4709/3616
f 4738/4713/3618 4739/4714/3933 4740/4715/3498
f 4740/4715/3498 4741/4716/3418 4738/4713/3618
f 4742/4717/3934 4743/4718/3621 4744/4719/3427
f 4744/4719/3427 4745/4720/3612 4742/4717/3934
f 4746/4721/3526 4747/4722/3502 4723/4698/3428
f 4723/4698/3428 4722/4697/3427 4746/4721/3526
f 4748/4723/3935 4749/4724/3623 4750/4725/3936
f 4750/4725/3936 4751/4726/3530 4748/4723/3935
f 4741/4716/3418 4740/4715/3498 4752/4727/3511
f 4752/4727/3511 4753/4728/3419 4741/4716/3418
f 4754/4729/3531 4748/4723/3935 4751/4726/3530
f 4751/4726/3530 4755/4730/3626 4754/4729/3531
f 4756/4731/3522 4757/4732/3846 4758/4733/3845
f 4758/4733/3845 4759/4734/3936 4756/4731/3522
f 4760/4735/3533 4754/4729/3531 4755/4730/3626
f 4755/4730/3626 4761/4736/3526 4760/4735/3533
f 4762/4737/3937 4763/4738/3848 4764/4739/3501
f 4764/4739/3501 4765/4740/3535 4762/4737/3937
f 4743/4718/3621 4760/4735/3533 4761/4736/3526
f 4761/4736/3526 4744/4719/3427 4743/4718/3621
f 4733/4708/3932 4732/4707/3847 4757/4732/3846
f 4757/4732/3846 4756/4731/3522 4733/4708/3932
f 4735/4710/3617 4766/4741/3938 4767/4742/3615
f 4767/4742/3615 4736/4711/3932 4735/4710/3617
f 4768/4743/3863 4769/4744/3850 4770/4745/3851
f 4770/4745/3851 4771/4746/3939 4768/4743/3863
f 4772/4747/3539 4742/4717/3934 4745/4720/3612
f 4745/4720/3612 4773/4748/3632 4772/4747/3539
f 4774/4749/3626 4775/4750/3940 4747/4722/3502
f 4747/4722/3502 4746/4721/3526 4774/4749/3626
f 4776/4751/3541 4772/4747/3539 4773/4748/3632
f 4773/4748/3632 4777/4752/3941 4776/4751/3541
f 4778/4753/3530 4779/4754/3844 4775/4750/3940
f 4775/4750/3940 4774/4749/3626 4778/4753/3530
f 4780/4755/3867 4776/4751/3541 4777/4752/3941
f 4777/4752/3941 4781/4756/3544 4780/4755/3867
f 4782/4757/3941 4783/4758/3942 4784/4759/3943
f 4784/4759/3943 4785/4760/3544 4782/4757/3941
f 4786/4761/3944 4780/4755/3867 4781/4756/3544
f 4781/4756/3544 4787/4762/3863 4786/4761/3944
f 4788/4763/3632 4789/4764/3500 4783/4758/3942
f 4783/4758/3942 4782/4757/3941 4788/4763/3632
f 4790/4765/3379 4791/4766/3945 4792/4767/3638
f 4792/4767/3638 4793/4768/3389 4790/4765/3379
f 4725/4700/3612 4724/4699/3429 4789/4764/3500
f 4789/4764/3500 4788/4763/3632 4725/4700/3612
f 4794/4769/3639 4795/4770/3640 4796/4771/3419
f 4796/4771/3419 4797/4772/3547 4794/4769/3639
f 4798/4773/3547 4799/4774/3849 4731/4706/3931
f 4731/4706/3931 4730/4705/3615 4798/4773/3547
f 4800/4775/3641 4801/4776/3642 4802/4777/3937
f 4802/4777/3937 4803/4778/3535 4800/4775/3641
f 4771/4746/3939 4770/4745/3851 4763/4738/3848
f 4763/4738/3848 4762/4737/3937 4771/4746/3939
f 4766/4741/3938 4794/4769/3639 4797/4772/3547
f 4797/4772/3547 4767/4742/3615 4766/4741/3938
f 4785/4760/3544 4784/4759/3943 4804/4779/3850
f 4804/4779/3850 4805/4780/3863 4785/4760/3544
f 4801/4776/3642 4806/4781/3643 4807/4782/3939
f 4807/4782/3939 4802/4777/3937 4801/4776/3642
f 4808/4783/3361 4809/4784/3946 4810/4785/3947
f 4810/4785/3947 4811/4786/3644 4808/4783/3361
f 4806/4781/3643 4786/4761/3944 4787/4762/3863
f 4787/4762/3863 4807/4782/3939 4806/4781/3643
f 4765/4740/3535 4764/4739/3501 4739/4714/3933
f 4739/4714/3933 4738/4713/3618 4765/4740/3535
f 4812/4787/3551 4800/4775/3641 4803/4778/3535
f 4803/4778/3535 4813/4788/3618 4812/4787/3551
f 4753/4728/3419 4752/4727/3511 4799/4774/3849
f 4799/4774/3849 4798/4773/3547 4753/4728/3419
f 4814/4789/3645 4812/4787/3551 4813/4788/3618
f 4813/4788/3618 4815/4790/3418 4814/4789/3645
f 4759/4734/3936 4758/4733/3845 4779/4754/3844
f 4779/4754/3844 4778/4753/3530 4759/4734/3936
f 4749/4724/3623 4734/4709/3616 4737/4712/3522
f 4737/4712/3522 4750/4725/3936 4749/4724/3623
f 4816/4791/3948 4817/4792/3873 4818/4793/3873
f 4818/4793/3873 4819/4794/3948 4816/4791/3948
f 4820/4795/3949 4821/4796/3950 4822/4797/3951
f 4822/4797/3951 4823/4798/3949 4820/4795/3949
f 4824/4799/3952 4825/4800/3558 4826/4801/3953
f 4826/4801/3953 4827/4802/3953 4824/4799/3952
f 4828/4803/3881 4820/4795/3949 4823/4798/3949
f 4823/4798/3949 4829/4804/3881 4828/4803/3881
f 4830/4805/3954 4831/4806/3955 4832/4807/3956
f 4832/4807/3956 4833/4808/3956 4830/4805/3954
f 4834/4809/3885 4828/4803/3881 4829/4804/3881
f 4829/4804/3881 4835/4810/3886 4834/4809/3885
f 4836/4811/3957 4834/4809/3885 4835/4810/3886
f 4835/4810/3886 4837/4812/3958 4836/4811/3957
f 4726/4701/3614 4729/4704/3930 4838/4813/3959
f 4838/4813/3959 4839/4814/3959 4726/4701/3614
f 4840/4815/3960 4836/4811/3957 4837/4812/3958
f 4837/4812/3958 4841/4816/3961 4840/4815/3960
f 4842/4817/3962 4843/4818/3963 4844/4819/3964
f 4844/4819/3964 4845/4820/3965 4842/4817/3962
f 4846/4821/3573 4840/4815/3960 4841/4816/3961
f 4841/4816/3961 4847/4822/3966 4846/4821/3573
f 4848/4823/3967 4849/4824/3658 4850/4825/3658
f 4850/4825/3658 4851/4826/3968 4848/4823/3967
f 4852/4827/3969 4853/4828/3899 4854/4829/3899
f 4854/4829/3899 4855/4830/3969 4852/4827/3969
f 4856/4831/3900 4857/4832/3970 4858/4833/3970
f 4858/4833/3970 4859/4834/3901 4856/4831/3900
f 4860/4835/3971 4846/4821/3573 4847/4822/3966
f 4847/4822/3966 4861/4836/3971 4860/4835/3971
f 4862/4837/3902 4863/4838/3972 4818/4793/3873
f 4818/4793/3873 4817/4792/3873 4862/4837/3902
f 4864/4839/3973 4848/4823/3967 4851/4826/3968
f 4851/4826/3968 4865/4840/3974 4864/4839/3973
f 4866/4841/3667 4867/4842/3667 4868/4843/3975
f 4868/4843/3975 4869/4844/3976 4866/4841/3667
f 4870/4845/3668 4860/4835/3971 4861/4836/3971
f 4861/4836/3971 4871/4846/3977 4870/4845/3668
f 4819/4794/3948 4869/4844/3976 4868/4843/3975
f 4868/4843/3975 4816/4791/3948 4819/4794/3948
f 4827/4802/3953 4826/4801/3953 4867/4842/3667
f 4867/4842/3667 4866/4841/3667 4827/4802/3953
f 4727/4702/3852 4863/4838/3972 4862/4837/3902
f 4862/4837/3902 4728/4703/3853 4727/4702/3852
f 4872/4847/3591 4873/4848/3591 4825/4800/3558
f 4825/4800/3558 4824/4799/3952 4872/4847/3591
f 4843/4818/3963 4873/4848/3591 4872/4847/3591
f 4872/4847/3591 4844/4819/3964 4843/4818/3963
f 4832/4807/3956 4874/4849/3978 4875/4850/3979
f 4875/4850/3979 4833/4808/3956 4832/4807/3956
f 4839/4814/3959 4838/4813/3959 4831/4806/3955
f 4831/4806/3955 4830/4805/3954 4839/4814/3959
f 4854/4829/3899 4853/4828/3899 4856/4831/3900
f 4856/4831/3900 4859/4834/3901 4854/4829/3899
f 4874/4849/3978 4852/4827/3969 4855/4830/3969
f 4855/4830/3969 4875/4850/3979 4874/4849/3978
f 4869/4844/3670 4819/4794/3671 4850/4825/3671
f 4850/4825/3671 4876/4851/3670 4869/4844/3670
f 4866/4841/308 4869/4844/3670 4876/4851/3670
f 4876/4851/3670 4877/4852/308 4866/4841/308
f 4827/4802/308 4866/4841/308 4877/4852/308
f 4877/4852/308 4878/4853/308 4827/4802/308
f 4824/4799/308 4827/4802/308 4878/4853/308
f 4878/4853/308 4871/4846/308 4824/4799/308
f 4872/4847/308 4824/4799/308 4871/4846/308
f 4871/4846/308 4861/4836/308 4872/4847/308
f 4844/4819/3305 4872/4847/308 4861/4836/308
f 4861/4836/308 4847/4822/3305 4844/4819/3305
f 4845/4820/3672 4844/4819/3305 4847/4822/3305
f 4847/4822/3305 4841/4816/3672 4845/4820/3672
f 4858/4833/3305 4845/4820/3672 4841/4816/3672
f 4841/4816/3672 4837/4812/3305 4858/4833/3305
f 4859/4834/3673 4858/4833/3305 4837/4812/3305
f 4837/4812/3305 4835/4810/3673 4859/4834/3673
f 4854/4829/3674 4859/4834/3673 4835/4810/3673
f 4835/4810/3673 4829/4804/3674 4854/4829/3674
f 4855/4830/308 4854/4829/3674 4829/4804/3674
f 4829/4804/3674 4823/4798/308 4855/4830/308
f 4875/4850/557 4855/4830/308 4823/4798/308
f 4823/4798/308 4822/4797/557 4875/4850/557
f 4833/4808/308 4875/4850/557 4822/4797/557
f 4822/4797/557 4879/4854/308 4833/4808/308
f 4830/4805/3305 4833/4808/308 4879/4854/308
f 4879/4854/308 4880/4855/3305 4830/4805/3305
f 4839/4814/308 4830/4805/3305 4880/4855/3305
f 4880/4855/3305 4881/4856/308 4839/4814/308
f 4726/4701/308 4839/4814/308 4881/4856/308
f 4881/4856/308 4882/4857/308 4726/4701/308
f 4727/4702/308 4726/4701/308 4882/4857/308
f 4882/4857/308 4883/4858/308 4727/4702/308
f 4863/4838/910 4727/4702/308 4883/4858/308
f 4883/4858/308 4865/4840/910 4863/4838/910
f 4818/4793/910 4863/4838/910 4865/4840/910
f 4865/4840/910 4851/4826/910 4818/4793/910
f 4819/4794/3671 4818/4793/910 4851/4826/910
f 4851/4826/910 4850/4825/3671 4819/4794/3671
f 4821/4796/3950 4884/4859/3980 4879/4854/3981
f 4879/4854/3981 4822/4797/3951 4821/4796/3950
f 4884/4859/3980 4885/4860/3918 4880/4855/3918
f 4880/4855/3918 4879/4854/3981 4884/4859/3980
f 4849/4824/3658 4886/4861/3982 4876/4851/3983
f 4876/4851/3983 4850/4825/3658 4849/4824/3658
f 4885/4860/3918 4887/4862/3984 4881/4856/3984
f 4881/4856/3984 4880/4855/3918 4885/4860/3918
f 4886/4861/3982 4888/4863/3924 4877/4852/3985
f 4877/4852/3985 4876/4851/3983 4886/4861/3982
f 4887/4862/3984 4889/4864/3986 4882/4857/3987
f 4882/4857/3987 4881/4856/3984 4887/4862/3984
f 4888/4863/3924 4890/4865/3988 4878/4853/3989
f 4878/4853/3989 4877/4852/3985 4888/4863/3924
f 4889/4864/3986 4891/4866/3990 4883/4858/3990
f 4883/4858/3990 4882/4857/3987 4889/4864/3986
f 4890/4865/3988 4870/4845/3668 4871/4846/3977
f 4871/4846/3977 4878/4853/3989 4890/4865/3988
f 4891/4866/3990 4864/4839/3973 4865/4840/3974
f 4865/4840/3974 4883/4858/3990 4891/4866/3990
f 4842/4817/3962 4845/4820/3965 4858/4833/3970
f 4858/4833/3970 4857/4832/3970 4842/4817/3962
f 4783/4758/3942 4892/4867/3413 4893/4868/3412
f 4893/4868/3412 4784/4759/3943 4783/4758/3942
f 4739/4714/3933 4894/4869/3991 4895/4870/3992
f 4895/4870/3992 4740/4715/3498 4739/4714/3933
f 4789/4764/3500 4896/4871/3415 4892/4867/3413
f 4892/4867/3413 4783/4758/3942 4789/4764/3500
f 4764/4739/3501 4897/4872/3395 4894/4869/3991
f 4894/4869/3991 4739/4714/3933 4764/4739/3501
f 4724/4699/3429 4808/4783/3361 4896/4871/3415
f 4896/4871/3415 4789/4764/3500 4724/4699/3429
f 4723/4698/3428 4809/4784/3946 4808/4783/3361
f 4808/4783/3361 4724/4699/3429 4723/4698/3428
f 4747/4722/3502 4898/4873/3993 4809/4784/3946
f 4809/4784/3946 4723/4698/3428 4747/4722/3502
f 4775/4750/3940 4899/4874/3994 4898/4873/3993
f 4898/4873/3993 4747/4722/3502 4775/4750/3940
f 4779/4754/3844 4900/4875/3995 4899/4874/3994
f 4899/4874/3994 4775/4750/3940 4779/4754/3844
f 4758/4733/3845 4901/4876/3761 4900/4875/3995
f 4900/4875/3995 4779/4754/3844 4758/4733/3845
f 4757/4732/3846 4902/4877/3996 4901/4876/3761
f 4901/4876/3761 4758/4733/3845 4757/4732/3846
f 4732/4707/3847 4903/4878/3997 4902/4877/3996
f 4902/4877/3996 4757/4732/3846 4732/4707/3847
f 4731/4706/3931 4904/4879/3998 4903/4878/3997
f 4903/4878/3997 4732/4707/3847 4731/4706/3931
f 4763/4738/3848 4905/4880/3764 4897/4872/3395
f 4897/4872/3395 4764/4739/3501 4763/4738/3848
f 4799/4774/3849 4906/4881/3777 4904/4879/3998
f 4904/4879/3998 4731/4706/3931 4799/4774/3849
f 4752/4727/3511 4907/4882/3388 4906/4881/3777
f 4906/4881/3777 4799/4774/3849 4752/4727/3511
f 4784/4759/3943 4893/4868/3412 4908/4883/3769
f 4908/4883/3769 4804/4779/3850 4784/4759/3943
f 4769/4744/3850 4909/4884/3769 4910/4885/3999
f 4910/4885/3999 4770/4745/3851 4769/4744/3850
f 4770/4745/3851 4910/4885/3999 4905/4880/3764
f 4905/4880/3764 4763/4738/3848 4770/4745/3851
f 4911/4886/3749 4912/4887/4000 4913/4888/3367
f 4913/4888/3367 4914/4889/3368 4911/4886/3749
f 4903/4878/3997 4904/4879/3998 4915/4890/3693
f 4915/4890/3693 4916/4891/4001 4903/4878/3997
f 4917/4892/4001 4918/4893/4002 4919/4894/3695
f 4919/4894/3695 4920/4895/4003 4917/4892/4001
f 4895/4870/3992 4894/4869/3991 4921/4896/3378
f 4921/4896/3378 4922/4897/3379 4895/4870/3992
f 4923/4898/3947 4924/4899/3696 4925/4900/3381
f 4925/4900/3381 4926/4901/3644 4923/4898/3947
f 4809/4784/3946 4898/4873/3993 4927/4902/3383
f 4927/4902/3383 4810/4785/3947 4809/4784/3946
f 4928/4903/3759 4929/4904/3698 4930/4905/3386
f 4930/4905/3386 4931/4906/4004 4928/4903/3759
f 4907/4882/3388 4895/4870/3992 4922/4897/3379
f 4922/4897/3379 4932/4907/3389 4907/4882/3388
f 4931/4906/4004 4930/4905/3386 4933/4908/3390
f 4933/4908/3390 4934/4909/4005 4931/4906/4004
f 4901/4876/3761 4902/4877/3996 4935/4910/4003
f 4935/4910/4003 4936/4911/3759 4901/4876/3761
f 4934/4909/4005 4933/4908/3390 4937/4912/3700
f 4937/4912/3700 4938/4913/3383 4934/4909/4005
f 4897/4872/3395 4905/4880/3764 4939/4914/3765
f 4939/4914/3765 4940/4915/4006 4897/4872/3395
f 4938/4913/3383 4937/4912/3700 4924/4899/3696
f 4924/4899/3696 4923/4898/3947 4938/4913/3383
f 4902/4877/3996 4903/4878/3997 4916/4891/4001
f 4916/4891/4001 4935/4910/4003 4902/4877/3996
f 4941/4916/3693 4942/4917/3399 4918/4893/4002
f 4918/4893/4002 4917/4892/4001 4941/4916/3693
f 4910/4885/3999 4909/4884/3769 4943/4918/3770
f 4943/4918/3770 4944/4919/4007 4910/4885/3999
f 4926/4901/3644 4925/4900/3381 4945/4920/3704
f 4945/4920/3704 4946/4921/3705 4926/4901/3644
f 4898/4873/3993 4899/4874/3994 4947/4922/4005
f 4947/4922/4005 4927/4902/3383 4898/4873/3993
f 4946/4921/3705 4945/4920/3704 4948/4923/3706
f 4948/4923/3706 4949/4924/3707 4946/4921/3705
f 4899/4874/3994 4900/4875/3995 4950/4925/4004
f 4950/4925/4004 4947/4922/4005 4899/4874/3994
f 4949/4924/3707 4948/4923/3706 4951/4926/3708
f 4951/4926/3708 4952/4927/4008 4949/4924/3707
f 4893/4868/3412 4892/4867/3413 4953/4928/3707
f 4953/4928/3707 4954/4929/4008 4893/4868/3412
f 4952/4927/4008 4951/4926/3708 4955/4930/4009
f 4955/4930/4009 4956/4931/3770 4952/4927/4008
f 4892/4867/3413 4896/4871/3415 4957/4932/3705
f 4957/4932/3705 4953/4928/3707 4892/4867/3413
f 4896/4871/3415 4808/4783/3361 4811/4786/3644
f 4811/4786/3644 4957/4932/3705 4896/4871/3415
f 4793/4768/3389 4792/4767/3638 4958/4933/3710
f 4958/4933/3710 4959/4934/4010 4793/4768/3389
f 4904/4879/3998 4906/4881/3777 4960/4935/4010
f 4960/4935/4010 4915/4890/3693 4904/4879/3998
f 4961/4936/3765 4962/4937/3778 4963/4938/3425
f 4963/4938/3425 4964/4939/4006 4961/4936/3765
f 4905/4880/3764 4910/4885/3999 4944/4919/4007
f 4944/4919/4007 4939/4914/3765 4905/4880/3764
f 4959/4934/4010 4958/4933/3710 4942/4917/3399
f 4942/4917/3399 4941/4916/3693 4959/4934/4010
f 4908/4883/3769 4893/4868/3412 4954/4929/4008
f 4954/4929/4008 4965/4940/3770 4908/4883/3769
f 4966/4941/4007 4967/4942/3712 4962/4937/3778
f 4962/4937/3778 4961/4936/3765 4966/4941/4007
f 4956/4931/3770 4955/4930/4009 4967/4942/3712
f 4967/4942/3712 4966/4941/4007 4956/4931/3770
f 4894/4869/3991 4897/4872/3395 4940/4915/4006
f 4940/4915/4006 4921/4896/3378 4894/4869/3991
f 4964/4939/4006 4963/4938/3425 4968/4943/3431
f 4968/4943/3431 4969/4944/3378 4964/4939/4006
f 4906/4881/3777 4907/4882/3388 4932/4907/3389
f 4932/4907/3389 4960/4935/4010 4906/4881/3777
f 4969/4944/3378 4968/4943/3431 4791/4766/3945
f 4791/4766/3945 4790/4765/3379 4969/4944/3378
f 4900/4875/3995 4901/4876/3761 4936/4911/3759
f 4936/4911/3759 4950/4925/4004 4900/4875/3995
f 4920/4895/4003 4919/4894/3695 4929/4904/3698
f 4929/4904/3698 4928/4903/3759 4920/4895/4003
f 4970/4945/4011 4971/4946/3781 4972/4947/4012
f 4972/4947/4012 4973/4948/4012 4970/4945/4011
f 4974/4949/4013 4975/4950/4014 4976/4951/4015
f 4976/4951/4015 4977/4952/4015 4974/4949/4013
f 4978/4953/4016 4979/4954/4017 4980/4955/4018
f 4980/4955/4018 4981/4956/4019 4978/4953/4016
f 4977/4952/4015 4976/4951/4015 4982/4957/4020
f 4982/4957/4020 4983/4958/4021 4977/4952/4015
f 4984/4959/4022 4985/4960/4023 4986/4961/4024
f 4986/4961/4024 4987/4962/4022 4984/4959/4022
f 4983/4958/4021 4982/4957/4020 4988/4963/4025
f 4988/4963/4025 4989/4964/4026 4983/4958/4021
f 4989/4964/4026 4988/4963/4025 4990/4965/4027
f 4990/4965/4027 4991/4966/4028 4989/4964/4026
f 4992/4967/3448 4914/4889/3368 4913/4888/3367
f 4913/4888/3367 4993/4968/3448 4992/4967/3448
f 4991/4966/4028 4990/4965/4027 4994/4969/4029
f 4994/4969/4029 4995/4970/4030 4991/4966/4028
f 4996/4971/4031 4997/4972/4032 4998/4973/4033
f 4998/4973/4033 4999/4974/4034 4996/4971/4031
f 4995/4970/4030 4994/4969/4029 5000/4975/3454
f 5000/4975/3454 5001/4976/3455 4995/4970/4030
f 5002/4977/3721 5003/4978/3721 5004/4979/4035
f 5004/4979/4035 5005/4980/4036 5002/4977/3721
f 5006/4981/4037 5007/4982/4037 5008/4983/3810
f 5008/4983/3810 5009/4984/3810 5006/4981/4037
f 5010/4985/3460 5011/4986/3460 5012/4987/3811
f 5012/4987/3811 5013/4988/3811 5010/4985/3460
f 5001/4976/3455 5000/4975/3454 5014/4989/4038
f 5014/4989/4038 5015/4990/4038 5001/4976/3455
f 4970/4945/4011 5016/4991/3812 5017/4992/3813
f 5017/4992/3813 4971/4946/3781 4970/4945/4011
f 5005/4980/4036 5004/4979/4035 5018/4993/4039
f 5018/4993/4039 5019/4994/3814 5005/4980/4036
f 5020/4995/4040 5021/4996/4041 5022/4997/4041
f 5022/4997/4041 5023/4998/4040 5020/4995/4040
f 5015/4990/4038 5014/4989/4038 5024/4999/3729
f 5024/4999/3729 5025/5000/3730 5015/4990/4038
f 5020/4995/4040 5023/4998/4040 4973/4948/4012
f 4973/4948/4012 4972/4947/4012 5020/4995/4040
f 5021/4996/4041 4978/4953/4016 4981/4956/4019
f 4981/4956/4019 5022/4997/4041 5021/4996/4041
f 5017/4992/3813 5016/4991/3812 4912/4887/4000
f 4912/4887/4000 4911/4886/3749 5017/4992/3813
f 4979/4954/4017 5026/5001/3473 5027/5002/3473
f 5027/5002/3473 4980/4955/4018 4979/4954/4017
f 5027/5002/3473 5026/5001/3473 4997/4972/4032
f 4997/4972/4032 4996/4971/4031 5027/5002/3473
f 5028/5003/4042 5029/5004/4043 4984/4959/4022
f 4984/4959/4022 4987/4962/4022 5028/5003/4042
f 4985/4960/4023 4992/4967/3448 4993/4968/3448
f 4993/4968/3448 4986/4961/4024 4985/4960/4023
f 5012/4987/3811 5007/4982/4037 5006/4981/4037
f 5006/4981/4037 5013/4988/3811 5012/4987/3811
f 5009/4984/3810 5008/4983/3810 5029/5004/4043
f 5029/5004/4043 5028/5003/4042 5009/4984/3810
f 5002/4977/3732 4973/4948/3732 5023/4998/307
f 5023/4998/307 5030/5005/307 5002/4977/3732
f 5030/5005/307 5023/4998/307 5022/4997/3733
f 5022/4997/3733 5031/5006/3733 5030/5005/307
f 5031/5006/3733 5022/4997/3733 4981/4956/558
f 4981/4956/558 5032/5007/558 5031/5006/3733
f 5032/5007/558 4981/4956/558 4980/4955/307
f 4980/4955/307 5025/5000/307 5032/5007/558
f 5025/5000/307 4980/4955/307 5027/5002/307
f 5027/5002/307 5015/4990/307 5025/5000/307
f 5015/4990/307 5027/5002/307 4996/4971/307
f 4996/4971/307 5001/4976/307 5015/4990/307
f 5001/4976/307 4996/4971/307 4999/4974/3734
f 4999/4974/3734 4995/4970/3734 5001/4976/307
f 4995/4970/3734 4999/4974/3734 5010/4985/3480
f 5010/4985/3480 4991/4966/3480 4995/4970/3734
f 4991/4966/3480 5010/4985/3480 5013/4988/3735
f 5013/4988/3735 4989/4964/3735 4991/4966/3480
f 4989/4964/3735 5013/4988/3735 5006/4981/3735
f 5006/4981/3735 4983/4958/3735 4989/4964/3735
f 4983/4958/3735 5006/4981/3735 5009/4984/307
f 5009/4984/307 4977/4952/307 4983/4958/3735
f 4977/4952/307 5009/4984/307 5028/5003/3480
f 5028/5003/3480 4974/4949/3480 4977/4952/307
f 4974/4949/3480 5028/5003/3480 4987/4962/3480
f 4987/4962/3480 5033/5008/3480 4974/4949/3480
f 5033/5008/3480 4987/4962/3480 4986/4961/3306
f 4986/4961/3306 5034/5009/3306 5033/5008/3480
f 5034/5009/3306 4986/4961/3306 4993/4968/307
f 4993/4968/307 5035/5010/307 5034/5009/3306
f 5035/5010/307 4993/4968/307 4913/4888/3733
f 4913/4888/3733 5036/5011/3733 5035/5010/307
f 5036/5011/3733 4913/4888/3733 4912/4887/558
f 4912/4887/558 5037/5012/558 5036/5011/3733
f 5037/5012/558 4912/4887/558 5016/4991/3733
f 5016/4991/3733 5019/4994/3733 5037/5012/558
f 5019/4994/3733 5016/4991/3733 4970/4945/3733
f 4970/4945/3733 5005/4980/3733 5019/4994/3733
f 5005/4980/3733 4970/4945/3733 4973/4948/3732
f 4973/4948/3732 5002/4977/3732 5005/4980/3733
f 5033/5008/4044 5038/5013/4044 4975/4950/4014
f 4975/4950/4014 4974/4949/4013 5033/5008/4044
f 5034/5009/4045 5039/5014/4046 5038/5013/4044
f 5038/5013/4044 5033/5008/4044 5034/5009/4045
f 5030/5005/4047 5040/5015/4048 5003/4978/3721
f 5003/4978/3721 5002/4977/3721 5030/5005/4047
f 5035/5010/4049 5041/5016/4049 5039/5014/4046
f 5039/5014/4046 5034/5009/4045 5035/5010/4049
f 5031/5006/4050 5042/5017/4051 5040/5015/4048
f 5040/5015/4048 5030/5005/4047 5031/5006/4050
f 5036/5011/4052 5043/5018/4053 5041/5016/4049
f 5041/5016/4049 5035/5010/4049 5036/5011/4052
f 5032/5007/4054 5044/5019/4054 5042/5017/4051
f 5042/5017/4051 5031/5006/4050 5032/5007/4054
f 5037/5012/4055 5045/5020/4056 5043/5018/4053
f 5043/5018/4053 5036/5011/4052 5037/5012/4055
f 5025/5000/3730 5024/4999/3729 5044/5019/4054
f 5044/5019/4054 5032/5007/4054 5025/5000/3730
f 5019/4994/3814 5018/4993/4039 5045/5020/4056
f 5045/5020/4056 5037/5012/4055 5019/4994/3814
f 5010/4985/3460 4999/4974/4034 4998/4973/4033
f 4998/4973/4033 5011/4986/3460 5010/4985/3460
f 4740/4715/3498 4895/4870/3992 4907/4882/3388
f 4907/4882/3388 4752/4727/3511 4740/4715/3498
f 5046/5021/308 5047/5022/308 5048/5023/308
f 5048/5023/308 5049/5024/308 5046/5021/308
f 5050/5025/308 5051/5026/308 5049/5024/308
f 5049/5024/308 5048/5023/308 5050/5025/308
f 5051/5026/308 5050/5025/308 5052/5027/308
f 5052/5027/308 5053/5028/308 5051/5026/308
f 5054/5029/308 5055/5030/308 5053/5028/308
f 5053/5028/308 5052/5027/308 5054/5029/308
f 5054/5029/308 5056/5031/308 5057/5032/308
f 5057/5032/308 5055/5030/308 5054/5029/308
f 5058/5033/308 5059/5034/308 5057/5032/308
f 5057/5032/308 5056/5031/308 5058/5033/308
f 5060/5035/3672 5061/5036/3672 5059/5034/308
f 5059/5034/308 5058/5033/308 5060/5035/3672
f 5062/5037/308 5063/5038/308 5061/5036/3672
f 5061/5036/3672 5060/5035/3672 5062/5037/308
f 5063/5038/308 5062/5037/308 5064/5039/308
f 5064/5039/308 5065/5040/308 5063/5038/308
f 5066/5041/3306 5067/5042/307 5068/5043/307
f 5068/5043/307 5069/5044/3306 5066/5041/3306
f 5070/5045/3306 5066/5041/3306 5069/5044/3306
f 5069/5044/3306 5071/5046/3306 5070/5045/3306
f 5072/5047/307 5070/5045/3306 5071/5046/3306
f 5071/5046/3306 5073/5048/307 5072/5047/307
f 5074/5049/307 5075/5050/307 5072/5047/307
f 5072/5047/307 5073/5048/307 5074/5049/307
f 5076/5051/307 5077/5052/307 5075/5050/307
f 5075/5050/307 5074/5049/307 5076/5051/307
f 5078/5053/307 5077/5052/307 5076/5051/307
f 5076/5051/307 5079/5054/307 5078/5053/307
f 5079/5054/307 5080/5055/307 5081/5056/307
f 5081/5056/307 5078/5053/307 5079/5054/307
f 5080/5055/307 5082/5057/3748 5083/5058/3748
f 5083/5058/3748 5081/5056/307 5080/5055/307
f 5084/5059/307 5085/5060/307 5083/5058/3748
f 5083/5058/3748 5082/5057/3748 5084/5059/307
f 4795/4770/3640 4814/4789/3645 4815/4790/3418
f 4815/4790/3418 4796/4771/3419 4795/4770/3640
f 5086/5061/4057 5087/5062/4058 5088/5063/4059
f 5088/5063/4059 5089/5064/4060 5086/5061/4057
f 5090/5065/4061 5091/5066/4062 5092/5067/4063
f 5092/5067/4063 5093/5068/4064 5090/5065/4061
f 5094/5069/4065 5095/5070/4066 5096/5071/4067
f 5096/5071/4067 5097/5072/4068 5094/5069/4065
f 5098/5073/4068 5099/5074/4069 5100/5075/4070
f 5100/5075/4070 5101/5076/4071 5098/5073/4068
f 5102/5077/4072 5103/5078/4073 5104/5079/4074
f 5104/5079/4074 5105/5080/4075 5102/5077/4072
f 5106/5081/4059 5107/5082/4076 5108/5083/4077
f 5108/5083/4077 5109/5084/4060 5106/5081/4059
f 5087/5062/4058 5110/5085/4078 5111/5086/4079
f 5111/5086/4079 5088/5063/4059 5087/5062/4058
f 5112/5087/4080 5113/5088/4081 5114/5089/4082
f 5114/5089/4082 5115/5090/4083 5112/5087/4080
f 5116/5091/4084 5102/5077/4072 5105/5080/4075
f 5105/5080/4075 5117/5092/4085 5116/5091/4084
f 5115/5090/4083 5114/5089/4082 5118/5093/4086
f 5118/5093/4086 5119/5094/4087 5115/5090/4083
f 5120/5095/4088 5121/5096/4089 5122/5097/4071
f 5122/5097/4071 5123/5098/4080 5120/5095/4088
f 5119/5094/4087 5118/5093/4086 5124/5099/4090
f 5124/5099/4090 5125/5100/4079 5119/5094/4087
f 5126/5101/4091 5127/5102/4092 5128/5103/4093
f 5128/5103/4093 5129/5104/4094 5126/5101/4091
f 5125/5100/4079 5124/5099/4090 5107/5082/4076
f 5107/5082/4076 5106/5081/4059 5125/5100/4079
f 5121/5096/4089 5094/5069/4065 5097/5072/4068
f 5097/5072/4068 5122/5097/4071 5121/5096/4089
f 5130/5105/4067 5131/5106/4095 5099/5074/4069
f 5099/5074/4069 5098/5073/4068 5130/5105/4067
f 5132/5107/4096 5133/5108/4097 5134/5109/4098
f 5134/5109/4098 5135/5110/4099 5132/5107/4096
f 5109/5084/4060 5108/5083/4077 5136/5111/4100
f 5136/5111/4100 5137/5112/4101 5109/5084/4060
f 5110/5085/4078 5138/5113/4102 5139/5114/4087
f 5139/5114/4087 5111/5086/4079 5110/5085/4078
f 5137/5112/4101 5136/5111/4100 5140/5115/4103
f 5140/5115/4103 5141/5116/4104 5137/5112/4101
f 5138/5113/4102 5142/5117/4105 5143/5118/4083
f 5143/5118/4083 5139/5114/4087 5138/5113/4102
f 5141/5116/4104 5140/5115/4103 5144/5119/4106
f 5144/5119/4106 5145/5120/4107 5141/5116/4104
f 5146/5121/4108 5147/5122/4109 5148/5123/4104
f 5148/5123/4104 5149/5124/4107 5146/5121/4108
f 5145/5120/4107 5144/5119/4106 5150/5125/4110
f 5150/5125/4110 5151/5126/4098 5145/5120/4107
f 5147/5122/4109 5152/5127/4111 5153/5128/4101
f 5153/5128/4101 5148/5123/4104 5147/5122/4109
f 5152/5127/4111 5086/5061/4057 5089/5064/4060
f 5089/5064/4060 5153/5128/4101 5152/5127/4111
f 5154/5129/4085 5155/5130/4112 5156/5131/4113
f 5156/5131/4113 5157/5132/4114 5154/5129/4085
f 5095/5070/4066 5158/5133/4115 5159/5134/4114
f 5159/5134/4114 5096/5071/4067 5095/5070/4066
f 5160/5135/4093 5161/5136/4116 5162/5137/4117
f 5162/5137/4117 5163/5138/4094 5160/5135/4093
f 5127/5102/4092 5132/5107/4096 5135/5110/4099
f 5135/5110/4099 5128/5103/4093 5127/5102/4092
f 5157/5132/4114 5156/5131/4113 5131/5106/4095
f 5131/5106/4095 5130/5105/4067 5157/5132/4114
f 5164/5139/4097 5146/5121/4108 5149/5124/4107
f 5149/5124/4107 5165/5140/4098 5164/5139/4097
f 5166/5141/4099 5167/5142/4118 5161/5136/4116
f 5161/5136/4116 5160/5135/4093 5166/5141/4099
f 5151/5126/4098 5150/5125/4110 5167/5142/4118
f 5167/5142/4118 5166/5141/4099 5151/5126/4098
f 5103/5078/4073 5126/5101/4091 5129/5104/4094
f 5129/5104/4094 5104/5079/4074 5103/5078/4073
f 5163/5138/4094 5162/5137/4117 5168/5143/4119
f 5168/5143/4119 5169/5144/4074 5163/5138/4094
f 5158/5133/4115 5116/5091/4084 5117/5092/4085
f 5117/5092/4085 5159/5134/4114 5158/5133/4115
f 5169/5144/4074 5168/5143/4119 5170/5145/4120
f 5170/5145/4120 5171/5146/4075 5169/5144/4074
f 5142/5117/4105 5120/5095/4088 5123/5098/4080
f 5123/5098/4080 5143/5118/4083 5142/5117/4105
f 5101/5076/4071 5100/5075/4070 5113/5088/4081
f 5113/5088/4081 5112/5087/4080 5101/5076/4071
f 5172/5147/4121 5173/5148/4122 5174/5149/4123
f 5174/5149/4123 5175/5150/4123 5172/5147/4121
f 5176/5151/4124 5177/5152/4125 5178/5153/4126
f 5178/5153/4126 5179/5154/4127 5176/5151/4124
f 5180/5155/4128 5181/5156/4129 5182/5157/4130
f 5182/5157/4130 5183/5158/4128 5180/5155/4128
f 5179/5154/4127 5178/5153/4126 5184/5159/4131
f 5184/5159/4131 5185/5160/4131 5179/5154/4127
f 5186/5161/4132 5187/5162/4133 5188/5163/4133
f 5188/5163/4133 5189/5164/4132 5186/5161/4132
f 5185/5160/4131 5184/5159/4131 5190/5165/4134
f 5190/5165/4134 5191/5166/4134 5185/5160/4131
f 5191/5166/4134 5190/5165/4134 5192/5167/4135
f 5192/5167/4135 5193/5168/4135 5191/5166/4134
f 5194/5169/4136 5093/5068/4064 5092/5067/4063
f 5092/5067/4063 5195/5170/4136 5194/5169/4136
f 5193/5168/4135 5192/5167/4135 5196/5171/4137
f 5196/5171/4137 5197/5172/4137 5193/5168/4135
f 5198/5173/4138 5199/5174/4138 5200/5175/4139
f 5200/5175/4139 5201/5176/4139 5198/5173/4138
f 5197/5172/4137 5196/5171/4137 5202/5177/4140
f 5202/5177/4140 5203/5178/4141 5197/5172/4137
f 5204/5179/4142 5205/5180/4142 5206/5181/4143
f 5206/5181/4143 5207/5182/4143 5204/5179/4142
f 5208/5183/4144 5209/5184/4144 5210/5185/4145
f 5210/5185/4145 5211/5186/4145 5208/5183/4144
f 5212/5187/4146 5213/5188/4146 5214/5189/4147
f 5214/5189/4147 5215/5190/4147 5212/5187/4146
f 5203/5178/4141 5202/5177/4140 5216/5191/4148
f 5216/5191/4148 5217/5192/4148 5203/5178/4141
f 5172/5147/4121 5218/5193/4149 5219/5194/4150
f 5219/5194/4150 5173/5148/4122 5172/5147/4121
f 5207/5182/4143 5206/5181/4143 5220/5195/4151
f 5220/5195/4151 5221/5196/4152 5207/5182/4143
f 5222/5197/4153 5223/5198/4154 5224/5199/4155
f 5224/5199/4155 5225/5200/4153 5222/5197/4153
f 5217/5192/4148 5216/5191/4148 5226/5201/4156
f 5226/5201/4156 5227/5202/4157 5217/5192/4148
f 5222/5197/4153 5225/5200/4153 5175/5150/4123
f 5175/5150/4123 5174/5149/4123 5222/5197/4153
f 5223/5198/4154 5180/5155/4128 5183/5158/4128
f 5183/5158/4128 5224/5199/4155 5223/5198/4154
f 5219/5194/4150 5218/5193/4149 5091/5066/4062
f 5091/5066/4062 5090/5065/4061 5219/5194/4150
f 5181/5156/4129 5228/5203/4158 5229/5204/4158
f 5229/5204/4158 5182/5157/4130 5181/5156/4129
f 5229/5204/4158 5228/5203/4158 5199/5174/4138
f 5199/5174/4138 5198/5173/4138 5229/5204/4158
f 5230/5205/4159 5231/5206/4160 5186/5161/4132
f 5186/5161/4132 5189/5164/4132 5230/5205/4159
f 5187/5162/4133 5194/5169/4136 5195/5170/4136
f 5195/5170/4136 5188/5163/4133 5187/5162/4133
f 5214/5189/4147 5209/5184/4144 5208/5183/4144
f 5208/5183/4144 5215/5190/4147 5214/5189/4147
f 5211/5186/4145 5210/5185/4145 5231/5206/4160
f 5231/5206/4160 5230/5205/4159 5211/5186/4145
f 5204/5179/330 5175/5150/330 5225/5200/4161
f 5225/5200/4161 5232/5207/4161 5204/5179/330
f 5232/5207/4161 5225/5200/4161 5224/5199/4161
f 5224/5199/4161 5233/5208/4161 5232/5207/4161
f 5233/5208/4161 5224/5199/4161 5183/5158/330
f 5183/5158/330 5234/5209/330 5233/5208/4161
f 5234/5209/330 5183/5158/330 5182/5157/330
f 5182/5157/330 5227/5202/330 5234/5209/330
f 5227/5202/330 5182/5157/330 5229/5204/4162
f 5229/5204/4162 5217/5192/4162 5227/5202/330
f 5217/5192/4162 5229/5204/4162 5198/5173/4163
f 5198/5173/4163 5203/5178/4163 5217/5192/4162
f 5203/5178/4163 5198/5173/4163 5201/5176/4162
f 5201/5176/4162 5197/5172/4162 5203/5178/4163
f 5197/5172/4162 5201/5176/4162 5212/5187/4161
f 5212/5187/4161 5193/5168/4161 5197/5172/4162
f 5193/5168/4161 5212/5187/4161 5215/5190/4161
f 5215/5190/4161 5191/5166/4161 5193/5168/4161
f 5191/5166/4161 5215/5190/4161 5208/5183/330
f 5208/5183/330 5185/5160/330 5191/5166/4161
f 5185/5160/330 5208/5183/330 5211/5186/4164
f 5211/5186/4164 5179/5154/4164 5185/5160/330
f 5179/5154/4164 5211/5186/4164 5230/5205/4164
f 5230/5205/4164 5176/5151/4164 5179/5154/4164
f 5176/5151/4164 5230/5205/4164 5189/5164/330
f 5189/5164/330 5235/5210/330 5176/5151/4164
f 5235/5210/330 5189/5164/330 5188/5163/874
f 5188/5163/874 5236/5211/874 5235/5210/330
f 5236/5211/874 5188/5163/874 5195/5170/874
f 5195/5170/874 5237/5212/874 5236/5211/874
f 5237/5212/874 5195/5170/874 5092/5067/330
f 5092/5067/330 5238/5213/330 5237/5212/874
f 5238/5213/330 5092/5067/330 5091/5066/330
f 5091/5066/330 5239/5214/330 5238/5213/330
f 5239/5214/330 5091/5066/330 5218/5193/330
f 5218/5193/330 5221/5196/330 5239/5214/330
f 5221/5196/330 5218/5193/330 5172/5147/330
f 5172/5147/330 5207/5182/330 5221/5196/330
f 5207/5182/330 5172/5147/330 5175/5150/330
f 5175/5150/330 5204/5179/330 5207/5182/330
f 5235/5210/4165 5240/5215/4166 5177/5152/4125
f 5177/5152/4125 5176/5151/4124 5235/5210/4165
f 5236/5211/4167 5241/5216/4168 5240/5215/4166
f 5240/5215/4166 5235/5210/4165 5236/5211/4167
f 5232/5207/4169 5242/5217/4169 5205/5180/4142
f 5205/5180/4142 5204/5179/4142 5232/5207/4169
f 5237/5212/4170 5243/5218/4170 5241/5216/4168
f 5241/5216/4168 5236/5211/4167 5237/5212/4170
f 5233/5208/4171 5244/5219/4172 5242/5217/4169
f 5242/5217/4169 5232/5207/4169 5233/5208/4171
f 5238/5213/4173 5245/5220/4174 5243/5218/4170
f 5243/5218/4170 5237/5212/4170 5238/5213/4173
f 5234/5209/4175 5246/5221/4176 5244/5219/4172
f 5244/5219/4172 5233/5208/4171 5234/5209/4175
f 5239/5214/4177 5247/5222/4178 5245/5220/4174
f 5245/5220/4174 5238/5213/4173 5239/5214/4177
f 5227/5202/4157 5226/5201/4156 5246/5221/4176
f 5246/5221/4176 5234/5209/4175 5227/5202/4157
f 5221/5196/4152 5220/5195/4151 5247/5222/4178
f 5247/5222/4178 5239/5214/4177 5221/5196/4152
f 5212/5187/4146 5201/5176/4139 5200/5175/4139
f 5200/5175/4139 5213/5188/4146 5212/5187/4146
f 5248/5223/4179 5249/5224/4180 5147/5122/4109
f 5147/5122/4109 5146/5121/4108 5248/5223/4179
f 5250/5225/4181 5251/5226/4182 5103/5078/4073
f 5103/5078/4073 5102/5077/4072 5250/5225/4181
f 5249/5224/4180 5252/5227/4183 5152/5127/4111
f 5152/5127/4111 5147/5122/4109 5249/5224/4180
f 5251/5226/4182 5253/5228/4184 5126/5101/4091
f 5126/5101/4091 5103/5078/4073 5251/5226/4182
f 5252/5227/4183 5254/5229/4185 5086/5061/4057
f 5086/5061/4057 5152/5127/4111 5252/5227/4183
f 5254/5229/4185 5255/5230/4186 5087/5062/4058
f 5087/5062/4058 5086/5061/4057 5254/5229/4185
f 5255/5230/4186 5256/5231/4187 5110/5085/4078
f 5110/5085/4078 5087/5062/4058 5255/5230/4186
f 5256/5231/4187 5257/5232/4188 5138/5113/4102
f 5138/5113/4102 5110/5085/4078 5256/5231/4187
f 5257/5232/4188 5258/5233/4189 5142/5117/4105
f 5142/5117/4105 5138/5113/4102 5257/5232/4188
f 5258/5233/4189 5259/5234/4190 5120/5095/4088
f 5120/5095/4088 5142/5117/4105 5258/5233/4189
f 5259/5234/4190 5260/5235/4191 5121/5096/4089
f 5121/5096/4089 5120/5095/4088 5259/5234/4190
f 5260/5235/4191 5261/5236/4192 5094/5069/4065
f 5094/5069/4065 5121/5096/4089 5260/5235/4191
f 5261/5236/4192 5262/5237/4193 5095/5070/4066
f 5095/5070/4066 5094/5069/4065 5261/5236/4192
f 5253/5228/4184 5263/5238/4194 5127/5102/4092
f 5127/5102/4092 5126/5101/4091 5253/5228/4184
f 5262/5237/4193 5264/5239/4195 5158/5133/4115
f 5158/5133/4115 5095/5070/4066 5262/5237/4193
f 5264/5239/4195 5265/5240/4196 5116/5091/4084
f 5116/5091/4084 5158/5133/4115 5264/5239/4195
f 5266/5241/4197 5248/5223/4179 5146/5121/4108
f 5146/5121/4108 5164/5139/4097 5266/5241/4197
f 5267/5242/4198 5266/5241/4197 5133/5108/4097
f 5133/5108/4097 5132/5107/4096 5267/5242/4198
f 5263/5238/4194 5267/5242/4198 5132/5107/4096
f 5132/5107/4096 5127/5102/4092 5263/5238/4194
f 5268/5243/4199 5269/5244/4200 5270/5245/4201
f 5268/5243/4199 5270/5245/4201 5271/5246/4202
f 5268/5243/4199 5271/5246/4202 5272/5247/4203
f 5268/5243/4199 5272/5247/4203 5273/5248/4204
f 5268/5243/4199 5273/5248/4204 5274/5249/4205
f 5268/5243/4199 5274/5249/4205 5275/5250/4206
f 5268/5243/4199 5275/5250/4206 5276/5251/4207
f 5268/5243/4199 5276/5251/4207 5277/5252/4208
f 5268/5243/4199 5277/5252/4208 5278/5253/4209
f 5268/5243/4199 5278/5253/4209 5279/5254/4210
f 5268/5243/4199 5279/5254/4210 5280/5255/4211
f 5268/5243/4199 5280/5255/4211 5281/5256/4212
f 5268/5243/4199 5281/5256/4212 5282/5257/4213
f 5268/5243/4199 5282/5257/4213 5283/5258/4214
f 5268/5243/4199 5283/5258/4214 5284/5259/4215
f 5268/5243/4199 5284/5259/4215 5285/5260/4216
f 5268/5243/4199 5285/5260/4216 5286/5261/4217
f 5286/5261/4217 5287/5262/4218 5268/5243/4199
f 5274/5249/4205 5260/5235/4191 5259/5234/4190
f 5259/5234/4190 5275/5250/4206 5274/5249/4205
f 5287/5262/4218 5253/5228/4184 5251/5226/4182
f 5251/5226/4182 5268/5243/4199 5287/5262/4218
f 5273/5248/4204 5261/5236/4192 5260/5235/4191
f 5260/5235/4191 5274/5249/4205 5273/5248/4204
f 5280/5255/4211 5254/5229/4185 5252/5227/4183
f 5252/5227/4183 5281/5256/4212 5280/5255/4211
f 5284/5259/4215 5266/5241/4197 5267/5242/4198
f 5267/5242/4198 5285/5260/4216 5284/5259/4215
f 5272/5247/4203 5262/5237/4193 5261/5236/4192
f 5261/5236/4192 5273/5248/4204 5272/5247/4203
f 5279/5254/4210 5255/5230/4186 5254/5229/4185
f 5254/5229/4185 5280/5255/4211 5279/5254/4210
f 5286/5261/4217 5263/5238/4194 5253/5228/4184
f 5253/5228/4184 5287/5262/4218 5286/5261/4217
f 5278/5253/4209 5256/5231/4187 5255/5230/4186
f 5255/5230/4186 5279/5254/4210 5278/5253/4209
f 5285/5260/4216 5267/5242/4198 5263/5238/4194
f 5263/5238/4194 5286/5261/4217 5285/5260/4216
f 5269/5244/4200 5250/5225/4181 5265/5240/4196
f 5265/5240/4196 5270/5245/4201 5269/5244/4200
f 5265/5240/4196 5250/5225/4181 5102/5077/4072
f 5102/5077/4072 5116/5091/4084 5265/5240/4196
f 5288/5263/898 5289/5264/330 5290/5265/330
f 5290/5265/330 5291/5266/898 5288/5263/898
f 5291/5266/898 5292/5267/1158 5293/5268/1158
f 5293/5268/1158 5288/5263/898 5291/5266/898
f 5294/5269/4219 5293/5268/1158 5292/5267/1158
f 5292/5267/1158 5295/5270/4219 5294/5269/4219
f 5295/5270/4219 5296/5271/330 5297/5272/330
f 5297/5272/330 5294/5269/4219 5295/5270/4219
f 5298/5273/330 5299/5274/330 5297/5272/330
f 5297/5272/330 5296/5271/330 5298/5273/330
f 5298/5273/330 5300/5275/330 5301/5276/330
f 5301/5276/330 5299/5274/330 5298/5273/330
f 5300/5275/330 5302/5277/873 5303/5278/873
f 5303/5278/873 5301/5276/330 5300/5275/330
f 5302/5277/873 5304/5279/4220 5305/5280/4220
f 5305/5280/4220 5303/5278/873 5302/5277/873
f 5306/5281/330 5305/5280/4220 5304/5279/4220
f 5304/5279/4220 5307/5282/330 5306/5281/330
f 5271/5246/4202 5264/5239/4195 5262/5237/4193
f 5262/5237/4193 5272/5247/4203 5271/5246/4202
f 5277/5252/4208 5257/5232/4188 5256/5231/4187
f 5256/5231/4187 5278/5253/4209 5277/5252/4208
f 5282/5257/4213 5249/5224/4180 5248/5223/4179
f 5248/5223/4179 5283/5258/4214 5282/5257/4213
f 5270/5245/4201 5265/5240/4196 5264/5239/4195
f 5264/5239/4195 5271/5246/4202 5270/5245/4201
f 5276/5251/4207 5258/5233/4189 5257/5232/4188
f 5257/5232/4188 5277/5252/4208 5276/5251/4207
f 5268/5243/4199 5251/5226/4182 5250/5225/4181
f 5250/5225/4181 5269/5244/4200 5268/5243/4199
f 5275/5250/4206 5259/5234/4190 5258/5233/4189
f 5258/5233/4189 5276/5251/4207 5275/5250/4206
f 5281/5256/4212 5252/5227/4183 5249/5224/4180
f 5249/5224/4180 5282/5257/4213 5281/5256/4212
f 5283/5258/4214 5248/5223/4179 5266/5241/4197
f 5266/5241/4197 5284/5259/4215 5283/5258/4214
f 5171/5146/4075 5170/5145/4120 5155/5130/4112
f 5155/5130/4112 5154/5129/4085 5171/5146/4075
f 5308/5283/4221 5309/5284/4222 5310/5285/4222
f 5310/5285/4222 5311/5286/4223 5308/5283/4221
f 5312/5287/4224 5313/5288/4225 5314/5289/4226
f 5314/5289/4226 5315/5290/4227 5312/5287/4224
f 5316/5291/4228 5317/5292/4229 5318/5293/4230
f 5318/5293/4230 5319/5294/4231 5316/5291/4228
f 5320/5295/4232 5321/5296/4233 5322/5297/4234
f 5322/5297/4234 5323/5298/4232 5320/5295/4232
f 5324/5299/4235 5325/5300/4236 5326/5301/4237
f 5326/5301/4237 5327/5302/4238 5324/5299/4235
f 5328/5303/4239 5329/5304/4240 5330/5305/4241
f 5330/5305/4241 5331/5306/4242 5328/5303/4239
f 5332/5307/4243 5333/5308/4244 5334/5309/4245
f 5334/5309/4245 5335/5310/4246 5332/5307/4243
f 5336/5311/4247 5337/5312/4248 5338/5313/4248
f 5338/5313/4248 5339/5314/4249 5336/5311/4247
f 5340/5315/4250 5341/5316/4251 5342/5317/4252
f 5342/5317/4252 5343/5318/4250 5340/5315/4250
f 5344/5319/4253 5345/5320/4254 5346/5321/4255
f 5346/5321/4255 5347/5322/4256 5344/5319/4253
f 5348/5323/4257 5349/5324/4258 5322/5297/4234
f 5322/5297/4234 5321/5296/4233 5348/5323/4257
f 5324/5299/4235 5327/5302/4238 5350/5325/4259
f 5350/5325/4259 5351/5326/4260 5324/5299/4235
f 5319/5294/4231 5318/5293/4230 5308/5283/4221
f 5308/5283/4221 5311/5286/4223 5319/5294/4231
f 5326/5301/4237 5325/5300/4236 5317/5292/4229
f 5317/5292/4229 5316/5291/4228 5326/5301/4237
f 5316/5291/4228 5352/5327/4261 5353/5328/4261
f 5353/5328/4261 5326/5301/4237 5316/5291/4228
f 5354/5329/4262 5350/5325/4259 5327/5302/4238
f 5327/5302/4238 5355/5330/4262 5354/5329/4262
f 5311/5286/4223 5356/5331/4263 5357/5332/4263
f 5357/5332/4263 5319/5294/4231 5311/5286/4223
f 5358/5333/4264 5322/5297/4234 5349/5324/4258
f 5349/5324/4258 5359/5334/4264 5358/5333/4264
f 5328/5303/4239 5331/5306/4242 5312/5287/4224
f 5312/5287/4224 5315/5290/4227 5328/5303/4239
f 5334/5309/4245 5333/5308/4244 5314/5289/4226
f 5314/5289/4226 5313/5288/4225 5334/5309/4245
f 5336/5311/4247 5339/5314/4249 5330/5305/4241
f 5330/5305/4241 5329/5304/4240 5336/5311/4247
f 5342/5317/4252 5341/5316/4251 5332/5307/4243
f 5332/5307/4243 5335/5310/4246 5342/5317/4252
f 5331/5306/4242 5317/5292/4229 5325/5300/4236
f 5325/5300/4236 5312/5287/4224 5331/5306/4242
f 5333/5308/4244 5360/5335/4265 5361/5336/4265
f 5361/5336/4265 5314/5289/4226 5333/5308/4244
f 5362/5337/4266 5328/5303/4239 5315/5290/4227
f 5315/5290/4227 5363/5338/4266 5362/5337/4266
f 5351/5326/4260 5334/5309/4245 5313/5288/4225
f 5313/5288/4225 5324/5299/4235 5351/5326/4260
f 5364/5339/4267 5336/5311/4247 5329/5304/4240
f 5329/5304/4240 5365/5340/4267 5364/5339/4267
f 5339/5314/4249 5308/5283/4221 5318/5293/4230
f 5318/5293/4230 5330/5305/4241 5339/5314/4249
f 5321/5296/4233 5342/5317/4252 5335/5310/4246
f 5335/5310/4246 5348/5323/4257 5321/5296/4233
f 5341/5316/4251 5366/5341/4268 5367/5342/4268
f 5367/5342/4268 5332/5307/4243 5341/5316/4251
f 5368/5343/4269 5369/5344/4269 5370/5345/4270
f 5370/5345/4270 5371/5346/4271 5368/5343/4269
f 5372/5347/4272 5373/5348/4273 5374/5349/4274
f 5374/5349/4274 5375/5350/4275 5372/5347/4272
f 5376/5351/4276 5377/5352/4277 5378/5353/4278
f 5378/5353/4278 5379/5354/4279 5376/5351/4276
f 5380/5355/4280 5381/5356/4281 5382/5357/4282
f 5382/5357/4282 5383/5358/4282 5380/5355/4280
f 5384/5359/4283 5385/5360/4284 5386/5361/4285
f 5386/5361/4285 5387/5362/4286 5384/5359/4283
f 5388/5363/4287 5389/5364/4288 5390/5365/4289
f 5390/5365/4289 5391/5366/4290 5388/5363/4287
f 5392/5367/4291 5393/5368/4292 5394/5369/4293
f 5394/5369/4293 5395/5370/4294 5392/5367/4291
f 5396/5371/4295 5397/5372/4295 5398/5373/4296
f 5398/5373/4296 5399/5374/4297 5396/5371/4295
f 5400/5375/4298 5401/5376/4299 5402/5377/4300
f 5402/5377/4300 5403/5378/4300 5400/5375/4298
f 5404/5379/4301 5315/5290/4301 5314/5289/4301
f 5314/5289/4301 5405/5380/4301 5404/5379/4301
f 5380/5355/4280 5345/5320/4254 5344/5319/4253
f 5344/5319/4253 5381/5356/4281 5380/5355/4280
f 5346/5321/4255 5384/5359/4283 5387/5362/4286
f 5387/5362/4286 5347/5322/4256 5346/5321/4255
f 5370/5345/4270 5379/5354/4279 5378/5353/4278
f 5378/5353/4278 5371/5346/4271 5370/5345/4270
f 5376/5351/4276 5386/5361/4285 5385/5360/4284
f 5385/5360/4284 5377/5352/4277 5376/5351/4276
f 5406/5381/4302 5407/5382/4302 5377/5352/4277
f 5377/5352/4277 5385/5360/4284 5406/5381/4302
f 5384/5359/4283 5346/5321/4255 5408/5383/4303
f 5408/5383/4303 5409/5384/4303 5384/5359/4283
f 5410/5385/4304 5411/5386/4304 5371/5346/4271
f 5371/5346/4271 5378/5353/4278 5410/5385/4304
f 5345/5320/4254 5380/5355/4280 5412/5387/4305
f 5412/5387/4305 5413/5388/4305 5345/5320/4254
f 5374/5349/4274 5389/5364/4288 5388/5363/4287
f 5388/5363/4287 5375/5350/4275 5374/5349/4274
f 5372/5347/4272 5393/5368/4292 5392/5367/4291
f 5392/5367/4291 5373/5348/4273 5372/5347/4272
f 5390/5365/4289 5399/5374/4297 5398/5373/4296
f 5398/5373/4296 5391/5366/4290 5390/5365/4289
f 5394/5369/4293 5401/5376/4299 5400/5375/4298
f 5400/5375/4298 5395/5370/4294 5394/5369/4293
f 5386/5361/4285 5376/5351/4276 5389/5364/4288
f 5389/5364/4288 5374/5349/4274 5386/5361/4285
f 5414/5389/4306 5415/5390/4306 5393/5368/4292
f 5393/5368/4292 5372/5347/4272 5414/5389/4306
f 5375/5350/4275 5388/5363/4287 5416/5391/4307
f 5416/5391/4307 5417/5392/4307 5375/5350/4275
f 5373/5348/4273 5392/5367/4291 5347/5322/4256
f 5347/5322/4256 5387/5362/4286 5373/5348/4273
f 5391/5366/4290 5398/5373/4296 5418/5393/4308
f 5418/5393/4308 5419/5394/4308 5391/5366/4290
f 5379/5354/4279 5370/5345/4270 5399/5374/4297
f 5399/5374/4297 5390/5365/4289 5379/5354/4279
f 5395/5370/4294 5400/5375/4298 5381/5356/4281
f 5381/5356/4281 5344/5319/4253 5395/5370/4294
f 5420/5395/4309 5421/5396/4309 5401/5376/4299
f 5401/5376/4299 5394/5369/4293 5420/5395/4309
f 5422/5397/4310 5338/5313/4310 5337/5312/4311
f 5337/5312/4311 5423/5398/4312 5422/5397/4310
f 5333/5308/4313 5332/5307/4313 5424/5399/4313
f 5424/5399/4313 5425/5400/4313 5333/5308/4313
f 5426/5401/4314 5362/5337/4314 5363/5338/4314
f 5363/5338/4314 5427/5402/4314 5426/5401/4314
f 5428/5403/4315 5319/5294/4315 5357/5332/4315
f 5357/5332/4315 5429/5404/4315 5428/5403/4315
f 5349/5324/4316 5350/5325/4316 5430/5405/4316
f 5430/5405/4316 5431/5406/4316 5349/5324/4316
f 5427/5402/4317 5363/5338/4317 5315/5290/4317
f 5315/5290/4317 5404/5379/4317 5427/5402/4317
f 5432/5407/4318 5322/5297/4318 5358/5333/4318
f 5358/5333/4318 5433/5408/4318 5432/5407/4318
f 5434/5409/4319 5340/5315/4320 5343/5318/4321
f 5343/5318/4321 5435/5410/4321 5434/5409/4319
f 5436/5411/4322 5323/5298/4322 5322/5297/4322
f 5322/5297/4322 5432/5407/4322 5436/5411/4322
f 5437/5412/4323 5334/5309/4323 5351/5326/4323
f 5351/5326/4323 5438/5413/4323 5437/5412/4323
f 5433/5408/4324 5358/5333/4324 5359/5334/4324
f 5359/5334/4324 5439/5414/4324 5433/5408/4324
f 5440/5415/4325 5318/5293/4325 5317/5292/4325
f 5317/5292/4325 5441/5416/4325 5440/5415/4325
f 5442/5417/4326 5324/5299/4326 5313/5288/4326
f 5313/5288/4326 5443/5418/4326 5442/5417/4326
f 5439/5414/4327 5359/5334/4327 5349/5324/4327
f 5349/5324/4327 5431/5406/4327 5439/5414/4327
f 5444/5419/4328 5325/5300/4328 5324/5299/4328
f 5324/5299/4328 5442/5417/4328 5444/5419/4328
f 5445/5420/4329 5336/5311/4329 5364/5339/4329
f 5364/5339/4329 5446/5421/4329 5445/5420/4329
f 5443/5418/4330 5313/5288/4330 5312/5287/4330
f 5312/5287/4330 5447/5422/4330 5443/5418/4330
f 5446/5421/4331 5364/5339/4331 5365/5340/4331
f 5365/5340/4331 5448/5423/4331 5446/5421/4331
f 5449/5424/4332 5331/5306/4332 5330/5305/4332
f 5330/5305/4332 5450/5425/4332 5449/5424/4332
f 5448/5423/4333 5365/5340/4333 5329/5304/4333
f 5329/5304/4333 5451/5426/4333 5448/5423/4333
f 5438/5413/4334 5351/5326/4334 5348/5323/4334
f 5348/5323/4334 5452/5427/4334 5438/5413/4334
f 5453/5428/4335 5308/5283/4335 5339/5314/4335
f 5339/5314/4335 5454/5429/4335 5453/5428/4335
f 5455/5430/4336 5309/5284/4336 5308/5283/4336
f 5308/5283/4336 5453/5428/4336 5455/5430/4336
f 5450/5425/4337 5330/5305/4337 5318/5293/4337
f 5318/5293/4337 5440/5415/4337 5450/5425/4337
f 5456/5431/4338 5342/5317/4338 5321/5296/4338
f 5321/5296/4338 5457/5432/4338 5456/5431/4338
f 5452/5427/4339 5348/5323/4339 5335/5310/4339
f 5335/5310/4339 5458/5433/4339 5452/5427/4339
f 5454/5429/4340 5339/5314/4340 5338/5313/4340
f 5338/5313/4340 5422/5397/4340 5454/5429/4340
f 5459/5434/4341 5367/5342/4341 5366/5341/4341
f 5366/5341/4341 5460/5435/4341 5459/5434/4341
f 5460/5435/4342 5366/5341/4342 5341/5316/4342
f 5341/5316/4342 5461/5436/4342 5460/5435/4342
f 5458/5433/4343 5335/5310/4343 5334/5309/4343
f 5334/5309/4343 5437/5412/4343 5458/5433/4343
f 5424/5399/4344 5332/5307/4344 5367/5342/4344
f 5367/5342/4344 5459/5434/4344 5424/5399/4344
f 5462/5437/4345 5316/5291/4345 5319/5294/4345
f 5319/5294/4345 5428/5403/4345 5462/5437/4345
f 5463/5438/4346 5327/5302/4346 5326/5301/4346
f 5326/5301/4346 5464/5439/4346 5463/5438/4346
f 5451/5426/4347 5329/5304/4347 5328/5303/4347
f 5328/5303/4347 5465/5440/4347 5451/5426/4347
f 5457/5432/4348 5321/5296/4348 5320/5295/4348
f 5320/5295/4348 5466/5441/4348 5457/5432/4348
f 5423/5398/4312 5337/5312/4311 5336/5311/4349
f 5336/5311/4349 5445/5420/4349 5423/5398/4312
f 5435/5410/4350 5343/5318/4350 5342/5317/4350
f 5342/5317/4350 5456/5431/4350 5435/5410/4350
f 5467/5442/4351 5353/5328/4351 5352/5327/4351
f 5352/5327/4351 5468/5443/4351 5467/5442/4351
f 5466/5441/4352 5320/5295/4352 5323/5298/4352
f 5323/5298/4352 5436/5411/4352 5466/5441/4352
f 5468/5443/4353 5352/5327/4353 5316/5291/4353
f 5316/5291/4353 5462/5437/4353 5468/5443/4353
f 5469/5444/4354 5311/5286/4354 5310/5285/4354
f 5310/5285/4354 5470/5445/4354 5469/5444/4354
f 5441/5416/4355 5317/5292/4355 5331/5306/4355
f 5331/5306/4355 5449/5424/4355 5441/5416/4355
f 5464/5439/4356 5326/5301/4356 5353/5328/4356
f 5353/5328/4356 5467/5442/4356 5464/5439/4356
f 5447/5422/4357 5312/5287/4357 5325/5300/4357
f 5325/5300/4357 5444/5419/4357 5447/5422/4357
f 5430/5405/4358 5350/5325/4358 5354/5329/4358
f 5354/5329/4358 5471/5446/4358 5430/5405/4358
f 5470/5445/4359 5310/5285/4359 5309/5284/4359
f 5309/5284/4359 5455/5430/4359 5470/5445/4359
f 5472/5447/4360 5361/5336/4360 5360/5335/4360
f 5360/5335/4360 5473/5448/4360 5472/5447/4360
f 5471/5446/4361 5354/5329/4361 5355/5330/4361
f 5355/5330/4361 5474/5449/4361 5471/5446/4361
f 5473/5448/4362 5360/5335/4362 5333/5308/4362
f 5333/5308/4362 5425/5400/4362 5473/5448/4362
f 5474/5449/4363 5355/5330/4363 5327/5302/4363
f 5327/5302/4363 5463/5438/4363 5474/5449/4363
f 5405/5380/4364 5314/5289/4364 5361/5336/4364
f 5361/5336/4364 5472/5447/4364 5405/5380/4364
f 5429/5404/4365 5357/5332/4365 5356/5331/4365
f 5356/5331/4365 5475/5450/4365 5429/5404/4365
f 5461/5436/4366 5341/5316/4366 5340/5315/4320
f 5340/5315/4320 5434/5409/4319 5461/5436/4366
f 5465/5440/4367 5328/5303/4367 5362/5337/4367
f 5362/5337/4367 5426/5401/4367 5465/5440/4367
f 5475/5450/4368 5356/5331/4368 5311/5286/4368
f 5311/5286/4368 5469/5444/4368 5475/5450/4368
f 5350/5325/4259 5349/5324/4258 5348/5323/4257
f 5348/5323/4257 5351/5326/4260 5350/5325/4259
# Vertices: 5475, normals: 4368, texture coordinates: 5450, faces: 7592

